set,instance,seed,pretrain,step,ratio_cond,p_opt
"R, n=12",0,0,qaoa,0,0.759155076681841,0.04101723957770986
"R, n=12",0,0,qaoa,10,0.6330398778420014,0.003078579911557554
"R, n=12",0,0,qaoa,25,0.6404424020515346,0.005312963852516806
"R, n=12",0,0,qaoa,50,0.6479031577452823,0.005232000894586759
"R, n=12",0,0,qaoa,100,0.6704089810616144,0.004820816284515837
"R, n=12",0,0,qaoa,200,0.7704304219694318,0.000969395220213923
"R, n=12",0,0,qaoa,300,0.8609084449505208,8.094577674714783e-08
"R, n=12",0,0,random,0,0.647814897923322,0.02514711182521827
"R, n=12",0,0,random,10,0.6591778047657948,0.00703440903027905
"R, n=12",0,0,random,25,0.689957890638053,0.0196004574808741
"R, n=12",0,0,random,50,0.6849366364772833,0.007097259647339223
"R, n=12",0,0,random,100,0.718584345235345,0.01604164271829143
"R, n=12",0,0,random,200,0.8278364027645357,0.08062765730361986
"R, n=12",0,0,random,300,0.9650301708682513,0.6673751309148089
"R, n=12",0,0,none,0,0.6240058108373139,0.002619622816303498
"R, n=12",0,0,none,10,0.632381490154097,0.0034961549182755364
"R, n=12",0,0,none,25,0.6594342228580745,0.004159672714114951
"R, n=12",0,0,none,50,0.6736207688577942,0.003703201369235464
"R, n=12",0,0,none,100,0.663372909937028,0.0034290744372025696
"R, n=12",0,0,none,200,0.8458114954557487,0.034975794692676185
"R, n=12",0,0,none,300,0.8651197252159135,6.058021142175085e-08
"R, n=12",0,1,qaoa,0,0.7574250641061917,0.054522095909102626
"R, n=12",0,1,qaoa,10,0.6622500012878119,0.0028651200114481034
"R, n=12",0,1,qaoa,25,0.7127661606817013,0.00303456556739601
"R, n=12",0,1,qaoa,50,0.7152530886019943,0.007584888007863536
"R, n=12",0,1,qaoa,100,0.7683935559642479,0.013444161638955945
"R, n=12",0,1,qaoa,200,0.8409740688901324,0.01679595118054756
"R, n=12",0,1,qaoa,300,0.8962533557919106,0.004091582630349148
"R, n=12",0,1,random,0,0.6187083674184626,1.6922126244344803e-05
"R, n=12",0,1,random,10,0.6026498095162924,0.0007341728095809695
"R, n=12",0,1,random,25,0.647450993391468,0.0035413779272855496
"R, n=12",0,1,random,50,0.6539918815569947,0.005210862639679289
"R, n=12",0,1,random,100,0.6803978886811257,0.005736559950298997
"R, n=12",0,1,random,200,0.8223690554576005,0.0169705281256221
"R, n=12",0,1,random,300,0.8123986450416663,0.005294853897814648
"R, n=12",0,1,none,0,0.6288372596148771,0.0024235512944369504
"R, n=12",0,1,none,10,0.6152959211131966,0.0027589514713285356
"R, n=12",0,1,none,25,0.6525245976544962,0.0038748602471239887
"R, n=12",0,1,none,50,0.645361244108282,0.004584475026016587
"R, n=12",0,1,none,100,0.7669862984584235,0.011446458424036809
"R, n=12",0,1,none,200,0.8827823946322528,0.06854770702589834
"R, n=12",0,1,none,300,0.9942488393329114,0.9523174920414132
"R, n=12",1,0,qaoa,0,0.6901883568107594,9.569727435120661e-09
"R, n=12",1,0,qaoa,10,0.750568763283652,1.879701913830058e-05
"R, n=12",1,0,qaoa,25,0.7341896486513823,0.10684517324399617
"R, n=12",1,0,qaoa,50,0.7258719054486352,0.03758134040965485
"R, n=12",1,0,qaoa,100,0.7798435034842738,0.07646470519372527
"R, n=12",1,0,qaoa,200,0.9071969909455387,0.35248539041052684
"R, n=12",1,0,qaoa,300,0.9950803261600366,0.9519173255171847
"R, n=12",1,0,random,0,0.5255428968077809,0.01495876200526872
"R, n=12",1,0,random,10,0.6519290656677343,0.07257930313636483
"R, n=12",1,0,random,25,0.6688038837410529,0.07094702593153498
"R, n=12",1,0,random,50,0.6470307992171498,0.034939705065099254
"R, n=12",1,0,random,100,0.7364399312546278,0.05789510406422121
"R, n=12",1,0,random,200,0.8992202444171035,0.3497637716131905
"R, n=12",1,0,random,300,0.9899271699138015,0.9383528694868868
"R, n=12",1,0,none,0,0.3584504654021433,0.0008641937476664878
"R, n=12",1,0,none,10,0.6467804508186802,0.02344663174784111
"R, n=12",1,0,none,25,0.6458972700611921,0.03216484109782574
"R, n=12",1,0,none,50,0.6109344618463382,0.027167081439937395
"R, n=12",1,0,none,100,0.6839709349819749,0.059594394439907154
"R, n=12",1,0,none,200,0.9108460341446074,0.39563598975141206
"R, n=12",1,0,none,300,0.9959017757757718,0.9681663046921243
"R, n=12",1,1,qaoa,0,0.6781745623295258,1.4499992314753074e-06
"R, n=12",1,1,qaoa,10,0.7955339186606148,0.17262049138087718
"R, n=12",1,1,qaoa,25,0.7405313108846728,0.08950486970072649
"R, n=12",1,1,qaoa,50,0.7465330424619585,0.0627350064449356
"R, n=12",1,1,qaoa,100,0.7926796290163343,0.11348434966542942
"R, n=12",1,1,qaoa,200,0.9092437730107938,0.3842289700976933
"R, n=12",1,1,qaoa,300,0.9941916664932338,0.9418843342927047
"R, n=12",1,1,random,0,0.5008908113966282,1.3812389092029854e-07
"R, n=12",1,1,random,10,0.6737459227432554,0.00024089362295892015
"R, n=12",1,1,random,25,0.6930769965685547,0.010493397220574865
"R, n=12",1,1,random,50,0.711985131253661,0.09067338919253926
"R, n=12",1,1,random,100,0.7528313780531634,0.12268720665972994
"R, n=12",1,1,random,200,0.928095807213803,0.4361558308169225
"R, n=12",1,1,random,300,0.9949998564344089,0.9589211975321937
"R, n=12",1,1,none,0,0.4071484719495748,0.003022648898546967
"R, n=12",1,1,none,10,0.6208913306825403,0.02189149874807438
"R, n=12",1,1,none,25,0.6198836783544295,0.027194342734216552
"R, n=12",1,1,none,50,0.6764827136444753,0.03501022694050246
"R, n=12",1,1,none,100,0.6456201916941746,0.020549922939648732
"R, n=12",1,1,none,200,0.8774865292794766,0.29755373543908414
"R, n=12",1,1,none,300,0.9984956642474401,0.9908370822565729
"R, n=12",2,0,qaoa,0,0.7754035062631999,0.06733011117372012
"R, n=12",2,0,qaoa,10,0.7230125355306665,0.048004080734048965
"R, n=12",2,0,qaoa,25,0.739857059119258,0.06650270698340385
"R, n=12",2,0,qaoa,50,0.7708294462711262,0.07401555540205838
"R, n=12",2,0,qaoa,100,0.8010685512426862,0.0875059023528275
"R, n=12",2,0,qaoa,200,0.8539729893476595,0.152947970461357
"R, n=12",2,0,qaoa,300,0.9723703660986757,0.8212963184583125
"R, n=12",2,0,random,0,0.6519375226193885,0.0005711800556568443
"R, n=12",2,0,random,10,0.8103204743732477,0.16257164452298867
"R, n=12",2,0,random,25,0.7747261712352208,0.08480106658336178
"R, n=12",2,0,random,50,0.7558184394239107,0.06381696049909118
"R, n=12",2,0,random,100,0.7772903610781161,0.0777356798021697
"R, n=12",2,0,random,200,0.8532070870019038,0.12519316781450107
"R, n=12",2,0,random,300,0.9025294275451211,0.042224862900246796
"R, n=12",2,0,none,0,0.6068701224937885,0.01470693824441482
"R, n=12",2,0,none,10,0.7396284935798396,0.06435451432370055
"R, n=12",2,0,none,25,0.7502825273786662,0.0755009786999539
"R, n=12",2,0,none,50,0.7763891891074313,0.07516515487914172
"R, n=12",2,0,none,100,0.7743516108767567,0.07004173764291238
"R, n=12",2,0,none,200,0.8622529763515946,0.1590349972230108
"R, n=12",2,0,none,300,0.966248908101081,0.5435570849411459
"R, n=12",2,1,qaoa,0,0.763597530281264,0.0733358510981739
"R, n=12",2,1,qaoa,10,0.79455327227919,0.20039609643744322
"R, n=12",2,1,qaoa,25,0.8412629722849848,0.14035978006957323
"R, n=12",2,1,qaoa,50,0.8035019387956985,0.08105430157738108
"R, n=12",2,1,qaoa,100,0.8200557275236238,0.11198517121053501
"R, n=12",2,1,qaoa,200,0.9124605927177138,0.2789354455923366
"R, n=12",2,1,qaoa,300,0.9917249832728613,0.9074909224071184
"R, n=12",2,1,random,0,0.6940935363368443,0.01957906947737423
"R, n=12",2,1,random,10,0.8097202425340324,0.0671518400660068
"R, n=12",2,1,random,25,0.8315555999267804,0.06455273845249367
"R, n=12",2,1,random,50,0.7862718126764379,0.07596535987725223
"R, n=12",2,1,random,100,0.7816936181140142,0.07011112365955227
"R, n=12",2,1,random,200,0.8419305257200002,0.08626861419667842
"R, n=12",2,1,random,300,0.9690140038171442,0.7141986595377818
"R, n=12",2,1,none,0,0.5888037434799737,0.009200632977915941
"R, n=12",2,1,none,10,0.7511497418203774,0.06752291539041741
"R, n=12",2,1,none,25,0.759000177892252,0.07716743965436834
"R, n=12",2,1,none,50,0.7344897076166559,0.05314212219495618
"R, n=12",2,1,none,100,0.7789555908259244,0.07071549746128439
"R, n=12",2,1,none,200,0.8534771210879604,0.1636422227833395
"R, n=12",2,1,none,300,0.9643215286973618,0.6557072320937324
"R, n=12",3,0,qaoa,0,0.7525753866197797,0.03770782067240446
"R, n=12",3,0,qaoa,10,0.7859408788475202,0.023022474628246213
"R, n=12",3,0,qaoa,25,0.6775385841539878,0.013087654746704208
"R, n=12",3,0,qaoa,50,0.7336833568229284,0.03629737312076912
"R, n=12",3,0,qaoa,100,0.7588904026456118,0.07246389786767835
"R, n=12",3,0,qaoa,200,0.8747550605404615,0.272591562411939
"R, n=12",3,0,qaoa,300,0.9952697104339726,0.9488410309051722
"R, n=12",3,0,random,0,0.6447659135478794,0.0006804528516535806
"R, n=12",3,0,random,10,0.707608588320429,0.020391567772406475
"R, n=12",3,0,random,25,0.6859327087451459,0.01703980517634099
"R, n=12",3,0,random,50,0.71616827591812,0.01938906936288851
"R, n=12",3,0,random,100,0.7369792917384512,0.03516229185409521
"R, n=12",3,0,random,200,0.8544763581044259,0.11892193444927188
"R, n=12",3,0,random,300,0.9890872772925171,0.8711222886909962
"R, n=12",3,0,none,0,0.6962813857967708,0.03371073342214325
"R, n=12",3,0,none,10,0.680615775306913,0.01664641171495598
"R, n=12",3,0,none,25,0.6952541455056573,0.014611392705233435
"R, n=12",3,0,none,50,0.7021553217994962,0.01728762621447482
"R, n=12",3,0,none,100,0.7416708890933209,0.0409367771447093
"R, n=12",3,0,none,200,0.8597233807224522,0.18641021776559286
"R, n=12",3,0,none,300,0.9969905914403989,0.9647521868846473
"R, n=12",3,1,qaoa,0,0.7896863498877742,0.017555112995447614
"R, n=12",3,1,qaoa,10,0.7721000961061933,0.02144906488246592
"R, n=12",3,1,qaoa,25,0.6747948694819179,0.007755496028147678
"R, n=12",3,1,qaoa,50,0.697753221408327,0.01818728600141975
"R, n=12",3,1,qaoa,100,0.7473987698112957,0.028197575992823895
"R, n=12",3,1,qaoa,200,0.8431006034154076,0.12745990867370413
"R, n=12",3,1,qaoa,300,0.9761088202048165,0.7348848047086227
"R, n=12",3,1,random,0,0.6525109053437553,1.147658154670144e-06
"R, n=12",3,1,random,10,0.7165785771426725,5.593917158920277e-05
"R, n=12",3,1,random,25,0.6967327366063427,0.0017122655659425542
"R, n=12",3,1,random,50,0.7159410356551763,0.015505029438359706
"R, n=12",3,1,random,100,0.7613632481846972,0.04585327792199401
"R, n=12",3,1,random,200,0.870857407668225,0.2293847999694265
"R, n=12",3,1,random,300,0.9923507686656681,0.9270519826831015
"R, n=12",3,1,none,0,0.7083585561298485,0.04141631833250121
"R, n=12",3,1,none,10,0.6816706814801161,0.016063315242012714
"R, n=12",3,1,none,25,0.6885356874141091,0.01368572474584131
"R, n=12",3,1,none,50,0.6947636744988349,0.011958658276045715
"R, n=12",3,1,none,100,0.7435541984750895,0.0326081596465187
"R, n=12",3,1,none,200,0.8586548569969942,0.2067726430174335
"R, n=12",3,1,none,300,0.9928468572644346,0.9308818428638548
"R, n=12",4,0,qaoa,0,0.8001855121191213,0.047349620449561314
"R, n=12",4,0,qaoa,10,0.8037159096515322,0.041795819098193035
"R, n=12",4,0,qaoa,25,0.7501094020888264,0.037759743053139116
"R, n=12",4,0,qaoa,50,0.814382800379014,0.07616987762152287
"R, n=12",4,0,qaoa,100,0.8314920870548843,0.10156844866867808
"R, n=12",4,0,qaoa,200,0.9080835127444196,0.3103304254755691
"R, n=12",4,0,qaoa,300,0.9939759344777547,0.9425786668116355
"R, n=12",4,0,random,0,0.6383675791959913,0.00781369878510459
"R, n=12",4,0,random,10,0.7459224345545543,0.035723581806603205
"R, n=12",4,0,random,25,0.6505310838693152,0.01885971601972912
"R, n=12",4,0,random,50,0.6465608817317837,0.016486313794093804
"R, n=12",4,0,random,100,0.6824092935500492,0.02796487553720803
"R, n=12",4,0,random,200,0.8668067230787827,0.19907494673815196
"R, n=12",4,0,random,300,0.9951526136212759,0.9529483580449585
"R, n=12",4,0,none,0,0.6183539341229412,0.010618473365797208
"R, n=12",4,0,none,10,0.6409569096351113,0.01894808440505661
"R, n=12",4,0,none,25,0.6644256845126628,0.03466183949494308
"R, n=12",4,0,none,50,0.7524382844258155,0.07236082242584271
"R, n=12",4,0,none,100,0.8194457379768455,0.1382488703729731
"R, n=12",4,0,none,200,0.9116805466216326,0.3379092400164821
"R, n=12",4,0,none,300,0.9979654822169916,0.9738945035989843
"R, n=12",4,1,qaoa,0,0.7975685585111569,0.03929623664602091
"R, n=12",4,1,qaoa,10,0.8467345786779656,0.033171603756213676
"R, n=12",4,1,qaoa,25,0.8544285908272311,0.0714129586224644
"R, n=12",4,1,qaoa,50,0.8210795455877744,0.12119055368157533
"R, n=12",4,1,qaoa,100,0.8372869708526015,0.1325632584635507
"R, n=12",4,1,qaoa,200,0.9001092847101131,0.2853061046695655
"R, n=12",4,1,qaoa,300,0.9948056951139548,0.9396895502541367
"R, n=12",4,1,random,0,0.6263224689406586,5.965449137396032e-05
"R, n=12",4,1,random,10,0.7164626358330792,0.03428199495097951
"R, n=12",4,1,random,25,0.6779646709808791,0.03599174758118938
"R, n=12",4,1,random,50,0.6810143335814839,0.029932804318277897
"R, n=12",4,1,random,100,0.7427191781888518,0.06779373870342983
"R, n=12",4,1,random,200,0.9000224430118716,0.36627443410674115
"R, n=12",4,1,random,300,0.9954091232327801,0.9531617276244031
"R, n=12",4,1,none,0,0.6044064851102295,0.004858140887772892
"R, n=12",4,1,none,10,0.660348540616865,0.024303258466178874
"R, n=12",4,1,none,25,0.6693238447183062,0.03138339802975847
"R, n=12",4,1,none,50,0.764209082410832,0.08452424262547584
"R, n=12",4,1,none,100,0.8019544912480853,0.09309797600355002
"R, n=12",4,1,none,200,0.9036026104982664,0.30564536369440165
"R, n=12",4,1,none,300,0.996711496157121,0.9623034862254528
"R, n=12",5,0,qaoa,0,0.7258070860388741,0.019514692444940175
"R, n=12",5,0,qaoa,10,0.7601250308732457,0.0001652792823628654
"R, n=12",5,0,qaoa,25,0.7369273616174874,0.004575570490844994
"R, n=12",5,0,qaoa,50,0.6904537787510884,0.016857025947591385
"R, n=12",5,0,qaoa,100,0.7059758521019759,0.03327225797507062
"R, n=12",5,0,qaoa,200,0.8614214449224216,0.20362003868409337
"R, n=12",5,0,qaoa,300,0.9905028981129659,0.904592498954595
"R, n=12",5,0,random,0,0.5820321370778476,2.2943087407132988e-05
"R, n=12",5,0,random,10,0.6718804840517418,9.31912144438786e-05
"R, n=12",5,0,random,25,0.6573026015244515,0.00036929996812120746
"R, n=12",5,0,random,50,0.7106446006205651,0.017390785574513932
"R, n=12",5,0,random,100,0.7627671361090663,0.056669787669722596
"R, n=12",5,0,random,200,0.8772025437575179,0.23571866547268133
"R, n=12",5,0,random,300,0.9858706362655184,0.8838355283283246
"R, n=12",5,0,none,0,0.5289449212832281,0.0009276286116268707
"R, n=12",5,0,none,10,0.6182060484274506,0.0011438945054567714
"R, n=12",5,0,none,25,0.6249839930392811,0.0016017642773666903
"R, n=12",5,0,none,50,0.6119003115071192,0.0028861389417953586
"R, n=12",5,0,none,100,0.7084165137576101,0.02797459255402661
"R, n=12",5,0,none,200,0.8817183485493001,0.22752793844148977
"R, n=12",5,0,none,300,0.9905482473046703,0.8782417779818156
"R, n=12",5,1,qaoa,0,0.7014768784066778,0.011241986494588052
"R, n=12",5,1,qaoa,10,0.7129636576452892,0.12140502449821676
"R, n=12",5,1,qaoa,25,0.6663817160534802,0.009326608737415707
"R, n=12",5,1,qaoa,50,0.7207762661141167,0.027167899011637853
"R, n=12",5,1,qaoa,100,0.7497503319383554,0.047852058040905025
"R, n=12",5,1,qaoa,200,0.8654505134487789,0.221083847893591
"R, n=12",5,1,qaoa,300,0.9917575430361077,0.9360789186902612
"R, n=12",5,1,random,0,0.5208300896304373,9.934864567855562e-09
"R, n=12",5,1,random,10,0.6086908912359492,0.0021581195118496816
"R, n=12",5,1,random,25,0.6087155376436393,0.0025636692212987876
"R, n=12",5,1,random,50,0.6311258458374119,0.002154854027180902
"R, n=12",5,1,random,100,0.6057431940780993,0.00444277160763181
"R, n=12",5,1,random,200,0.7776466184531954,0.026164968189035957
"R, n=12",5,1,random,300,0.9383552712635791,0.4328031335972217
"R, n=12",5,1,none,0,0.5366209520500842,0.0011162440680002636
"R, n=12",5,1,none,10,0.6077770706348148,0.00124651153193651
"R, n=12",5,1,none,25,0.6167437883537055,0.001459029798614305
"R, n=12",5,1,none,50,0.6304696939009437,0.0019960246237592395
"R, n=12",5,1,none,100,0.6681525503419269,0.011136651541861423
"R, n=12",5,1,none,200,0.8667578124096987,0.1730792308815481
"R, n=12",5,1,none,300,0.995483942780139,0.9575127171481765
"R, n=12",6,0,qaoa,0,0.7179710800487831,0.03872057432329325
"R, n=12",6,0,qaoa,10,0.750608374478064,0.1652939866548721
"R, n=12",6,0,qaoa,25,0.7562444990944885,0.01892689986736393
"R, n=12",6,0,qaoa,50,0.6883369516201303,0.041962794799620076
"R, n=12",6,0,qaoa,100,0.7780310338138408,0.11566820595039637
"R, n=12",6,0,qaoa,200,0.8941812432390179,0.32250623571727055
"R, n=12",6,0,qaoa,300,0.9859760544844696,0.9220803246760374
"R, n=12",6,0,random,0,0.5362514293465738,1.3484780810556998e-05
"R, n=12",6,0,random,10,0.7201397869058275,0.024599622939515106
"R, n=12",6,0,random,25,0.7095885894558951,0.053664574810239854
"R, n=12",6,0,random,50,0.7109400035389463,0.06664534740611885
"R, n=12",6,0,random,100,0.7863890016357347,0.1365620293087304
"R, n=12",6,0,random,200,0.8977365887349199,0.3712017605286158
"R, n=12",6,0,random,300,0.9959279802641112,0.961514110015319
"R, n=12",6,0,none,0,0.5668855537325149,0.0032215389105139805
"R, n=12",6,0,none,10,0.6060905740645438,0.011579071307763342
"R, n=12",6,0,none,25,0.7174427425969603,0.07486934695275316
"R, n=12",6,0,none,50,0.7051898686143432,0.055998389546153673
"R, n=12",6,0,none,100,0.7690958918599513,0.08045255951777489
"R, n=12",6,0,none,200,0.8978212733470708,0.2872856119906036
"R, n=12",6,0,none,300,0.9856822101349724,0.787340142846344
"R, n=12",6,1,qaoa,0,0.7526410229034535,0.15500973081519925
"R, n=12",6,1,qaoa,10,0.849846155955919,0.3203051071359614
"R, n=12",6,1,qaoa,25,0.7177664034323996,0.05514666433392591
"R, n=12",6,1,qaoa,50,0.7240463925998916,0.07982947982233402
"R, n=12",6,1,qaoa,100,0.7982957073034223,0.13283483011279917
"R, n=12",6,1,qaoa,200,0.9131814465908719,0.38743546589878475
"R, n=12",6,1,qaoa,300,0.9947158278453013,0.9624629699433825
"R, n=12",6,1,random,0,0.559510620606012,0.011038023267364262
"R, n=12",6,1,random,10,0.6599174195716151,0.06497169177472635
"R, n=12",6,1,random,25,0.6988225098773605,0.05690862757003507
"R, n=12",6,1,random,50,0.7328952701836167,0.07621683014685787
"R, n=12",6,1,random,100,0.7421358451933796,0.06988619406375494
"R, n=12",6,1,random,200,0.8909833758713233,0.31245633179618176
"R, n=12",6,1,random,300,0.9954290059604168,0.9728213961236095
"R, n=12",6,1,none,0,0.5652281825181468,0.0034582880930705663
"R, n=12",6,1,none,10,0.5987214631661275,0.009884872054415855
"R, n=12",6,1,none,25,0.661038701919638,0.02946379438388118
"R, n=12",6,1,none,50,0.7226881990080558,0.06494070467115143
"R, n=12",6,1,none,100,0.7400694189248245,0.06878916788758797
"R, n=12",6,1,none,200,0.914433502007868,0.3710557956806431
"R, n=12",6,1,none,300,0.9966968245533896,0.9688731699061126
"R, n=12",7,0,qaoa,0,0.8849243700178088,0.20914222759369705
"R, n=12",7,0,qaoa,10,0.8222792605471947,0.13581651029238118
"R, n=12",7,0,qaoa,25,0.775596946642688,0.08744237522610462
"R, n=12",7,0,qaoa,50,0.7826725507949568,0.0978194266117129
"R, n=12",7,0,qaoa,100,0.8092519454144227,0.1163407295405898
"R, n=12",7,0,qaoa,200,0.8654492349343008,0.1860883333896865
"R, n=12",7,0,qaoa,300,0.9875306865777609,0.8772082239471118
"R, n=12",7,0,random,0,0.7292075275967747,0.01817373550960777
"R, n=12",7,0,random,10,0.7637824693712691,0.047173212117159406
"R, n=12",7,0,random,25,0.7648826488041203,0.0468694738952998
"R, n=12",7,0,random,50,0.761875224266645,0.06037077792524964
"R, n=12",7,0,random,100,0.7930022180144392,0.09304367252024899
"R, n=12",7,0,random,200,0.8670251895235943,0.2296628339162532
"R, n=12",7,0,random,300,0.9887323068757679,0.8890485902543046
"R, n=12",7,0,none,0,0.7338903741178495,0.04091315429425521
"R, n=12",7,0,none,10,0.7267872006815435,0.0410805274987122
"R, n=12",7,0,none,25,0.7378285116486174,0.04846985668125034
"R, n=12",7,0,none,50,0.7308252044806035,0.04623518039937297
"R, n=12",7,0,none,100,0.7362153478357243,0.05028718906750332
"R, n=12",7,0,none,200,0.8837356971188708,0.3024794023602697
"R, n=12",7,0,none,300,0.9930570325477557,0.9335974061461315
"R, n=12",7,1,qaoa,0,0.8992688001360974,0.2913592705900248
"R, n=12",7,1,qaoa,10,0.8574525379074063,0.19381114613749129
"R, n=12",7,1,qaoa,25,0.8700270672938885,0.18187699007866437
"R, n=12",7,1,qaoa,50,0.8278513654582824,0.11751054601192977
"R, n=12",7,1,qaoa,100,0.8405107409624485,0.15735442330067861
"R, n=12",7,1,qaoa,200,0.9068644710532556,0.31435579528232577
"R, n=12",7,1,qaoa,300,0.9896231560137623,0.8964206108812696
"R, n=12",7,1,random,0,0.7084414515373165,0.040525867607529874
"R, n=12",7,1,random,10,0.7587715462296059,0.015080363538224827
"R, n=12",7,1,random,25,0.8072487399170634,0.13736120383081368
"R, n=12",7,1,random,50,0.8144703709813388,0.15380681693591605
"R, n=12",7,1,random,100,0.8273692676995609,0.1513942076716815
"R, n=12",7,1,random,200,0.8929711962262016,0.2952614365020986
"R, n=12",7,1,random,300,0.990556156489273,0.9124628506162522
"R, n=12",7,1,none,0,0.7313133715292216,0.04075154193678639
"R, n=12",7,1,none,10,0.7215108724397353,0.03983861601381461
"R, n=12",7,1,none,25,0.72144757972414,0.04411857856651327
"R, n=12",7,1,none,50,0.7306311459440148,0.048721588724050746
"R, n=12",7,1,none,100,0.7367884218870362,0.05115655549096152
"R, n=12",7,1,none,200,0.9074697699897311,0.3705484631070586
"R, n=12",7,1,none,300,0.9978009335734033,0.9780767568797919
"R, n=12",8,0,qaoa,0,0.7525605324504581,5.9988587199807206e-05
"R, n=12",8,0,qaoa,10,0.5737103522015217,4.618040394816425e-06
"R, n=12",8,0,qaoa,25,0.6285831664146605,0.00436053575966037
"R, n=12",8,0,qaoa,50,0.6252596141600083,0.004425834436218018
"R, n=12",8,0,qaoa,100,0.6336158150353498,0.00576288780728368
"R, n=12",8,0,qaoa,200,0.7222075414977485,0.0029047630842432386
"R, n=12",8,0,qaoa,300,0.9388688484776258,1.999200093223099e-09
"R, n=12",8,0,random,0,0.5705475611963399,1.5986538478945727e-06
"R, n=12",8,0,random,10,0.6108149115819671,0.0016073382262811757
"R, n=12",8,0,random,25,0.632075060751387,0.005365247138201338
"R, n=12",8,0,random,50,0.636930905250973,0.008667092875077323
"R, n=12",8,0,random,100,0.6721226325742272,0.01555548457034366
"R, n=12",8,0,random,200,0.8771718540104634,0.34863674861545285
"R, n=12",8,0,random,300,0.9934729040996255,0.9356182906642269
"R, n=12",8,0,none,0,0.5816720079720159,0.0010477394004023484
"R, n=12",8,0,none,10,0.6091987530141445,0.003652282128448747
"R, n=12",8,0,none,25,0.6139271781072474,0.004745687056364611
"R, n=12",8,0,none,50,0.6266314444188593,0.007285808834256379
"R, n=12",8,0,none,100,0.7723820402157389,0.0638270353223872
"R, n=12",8,0,none,200,0.9258736604230949,0.35034710199049274
"R, n=12",8,0,none,300,0.9965252970353435,0.9607841554339169
"R, n=12",8,1,qaoa,0,0.744443242900815,0.020464119879512955
"R, n=12",8,1,qaoa,10,0.7765962123043442,0.014239972510150755
"R, n=12",8,1,qaoa,25,0.8129323716620449,0.10234642117970177
"R, n=12",8,1,qaoa,50,0.8591321699835464,0.19243725873415735
"R, n=12",8,1,qaoa,100,0.8476586541536606,0.15799450668080023
"R, n=12",8,1,qaoa,200,0.9276174096546218,0.31655098206494575
"R, n=12",8,1,qaoa,300,0.9939096403977221,0.9313205880167679
"R, n=12",8,1,random,0,0.5757413013831405,0.000318176531692987
"R, n=12",8,1,random,10,0.6758201565247226,0.0005367918624706654
"R, n=12",8,1,random,25,0.7021410164718075,0.0021751405614455588
"R, n=12",8,1,random,50,0.6873952212442981,0.014648108906051312
"R, n=12",8,1,random,100,0.7207158130145839,0.04726665654102481
"R, n=12",8,1,random,200,0.9055714862169032,0.38687062033379005
"R, n=12",8,1,random,300,0.9926420357477752,0.9245714995726295
"R, n=12",8,1,none,0,0.5817490806351618,0.0010675497989891865
"R, n=12",8,1,none,10,0.6104395896966408,0.0035380958415628053
"R, n=12",8,1,none,25,0.6136098228562064,0.004209246807990821
"R, n=12",8,1,none,50,0.6287730773503641,0.006318408343786247
"R, n=12",8,1,none,100,0.7707218101974034,0.05211918141619366
"R, n=12",8,1,none,200,0.9359010500060507,0.3916435010070146
"R, n=12",8,1,none,300,0.9974953783767555,0.9662514692746565
"R, n=12",9,0,qaoa,0,0.7237247595140033,0.0011885850341629358
"R, n=12",9,0,qaoa,10,0.8053051112102882,0.07741105682136397
"R, n=12",9,0,qaoa,25,0.8272409442437578,0.11085654362435407
"R, n=12",9,0,qaoa,50,0.8325509077810422,0.1061304140147501
"R, n=12",9,0,qaoa,100,0.8613284387553931,0.14166285497269143
"R, n=12",9,0,qaoa,200,0.9210433583685301,0.2912547621878407
"R, n=12",9,0,qaoa,300,0.9955928421591466,0.9514074322119287
"R, n=12",9,0,random,0,0.5381533921735299,0.001303351304657791
"R, n=12",9,0,random,10,0.6610050904838898,0.01717891161077746
"R, n=12",9,0,random,25,0.7079960874317628,0.04127709322045742
"R, n=12",9,0,random,50,0.7583260123196022,0.0629750247360531
"R, n=12",9,0,random,100,0.8032005113953598,0.08888172052320567
"R, n=12",9,0,random,200,0.9053900367805515,0.3425817043559551
"R, n=12",9,0,random,300,0.9926493288860563,0.9525569124599648
"R, n=12",9,0,none,0,0.43785846752066215,0.006365308467264548
"R, n=12",9,0,none,10,0.5636887160277966,0.03768295576598106
"R, n=12",9,0,none,25,0.5844856433721917,0.03943652156714082
"R, n=12",9,0,none,50,0.6509124471605976,0.03517842852769881
"R, n=12",9,0,none,100,0.7259305413249332,0.05042028796108219
"R, n=12",9,0,none,200,0.8355547713427675,0.08125894996368743
"R, n=12",9,0,none,300,0.8874404827801007,0.23352976490570565
"R, n=12",9,1,qaoa,0,0.7422870450211466,0.01994551170275558
"R, n=12",9,1,qaoa,10,0.8788151589570015,0.1501811612365127
"R, n=12",9,1,qaoa,25,0.8519009833024478,0.06126114196098801
"R, n=12",9,1,qaoa,50,0.8453586653927238,0.07407338161147949
"R, n=12",9,1,qaoa,100,0.8689432169977441,0.13162555877124688
"R, n=12",9,1,qaoa,200,0.9187007364988287,0.30120901141626727
"R, n=12",9,1,qaoa,300,0.9947253995472969,0.955136262409215
"R, n=12",9,1,random,0,0.4947284957162671,0.0016590419228288459
"R, n=12",9,1,random,10,0.7823982990944136,0.0036937035026425127
"R, n=12",9,1,random,25,0.7930390241295573,0.0015863357664267141
"R, n=12",9,1,random,50,0.8278856139008595,0.16414565042565168
"R, n=12",9,1,random,100,0.8560759077859675,0.2259431961422474
"R, n=12",9,1,random,200,0.9412535402551518,0.5084412068585672
"R, n=12",9,1,random,300,0.9918929141370312,0.9366386782675511
"R, n=12",9,1,none,0,0.4203734988216703,0.003856791889590553
"R, n=12",9,1,none,10,0.5927644066262724,0.04532857839520221
"R, n=12",9,1,none,25,0.597445695159709,0.048148145990051475
"R, n=12",9,1,none,50,0.6884161006748919,0.03621460815284559
"R, n=12",9,1,none,100,0.741127895030397,0.0178207051080383
"R, n=12",9,1,none,200,0.8339219427377365,0.057177039521516024
"R, n=12",9,1,none,300,0.8869197509166495,0.23025313510408518
"R, n=12",10,0,qaoa,0,0.7147685599853062,0.040196576394379104
"R, n=12",10,0,qaoa,10,0.7770831856269704,0.11031096177000159
"R, n=12",10,0,qaoa,25,0.6083175093274276,0.0016373047197827154
"R, n=12",10,0,qaoa,50,0.5842956927607844,0.0016298727846407318
"R, n=12",10,0,qaoa,100,0.6052325517750612,0.0022157999468770174
"R, n=12",10,0,qaoa,200,0.8283181358090939,0.13820579397307972
"R, n=12",10,0,qaoa,300,0.9922477273968182,0.9469171373393369
"R, n=12",10,0,random,0,0.5124713142905355,0.000759993912283572
"R, n=12",10,0,random,10,0.6038986363276877,0.0013576518973782991
"R, n=12",10,0,random,25,0.5574534502007463,0.0012782474799086891
"R, n=12",10,0,random,50,0.55686330880315,0.0010511795657068555
"R, n=12",10,0,random,100,0.5576271237665347,0.0015355691014443192
"R, n=12",10,0,random,200,0.6211219078403616,0.0011316091212333077
"R, n=12",10,0,random,300,0.8211401341377376,1.1734196307618139e-08
"R, n=12",10,0,none,0,0.5866938800679833,0.0005305617971843276
"R, n=12",10,0,none,10,0.5595869484266144,0.0008572571008231564
"R, n=12",10,0,none,25,0.5544992929022718,0.0011416446003376791
"R, n=12",10,0,none,50,0.5435687191279377,0.001063698068275103
"R, n=12",10,0,none,100,0.5550796857587139,0.0011728365722887127
"R, n=12",10,0,none,200,0.8444985680863536,0.17715174356060656
"R, n=12",10,0,none,300,0.9958091875503577,0.9687796407494095
"R, n=12",10,1,qaoa,0,0.6714253125860545,2.100795462538299e-06
"R, n=12",10,1,qaoa,10,0.6095395134703121,0.0030024952062736483
"R, n=12",10,1,qaoa,25,0.5491039423103685,0.0015230894272944022
"R, n=12",10,1,qaoa,50,0.575025506850511,0.0019237664770278607
"R, n=12",10,1,qaoa,100,0.5854178305830122,0.0017281612662979908
"R, n=12",10,1,qaoa,200,0.6519585399759515,0.002671030050478179
"R, n=12",10,1,qaoa,300,0.8322795080799867,4.768038672797434e-09
"R, n=12",10,1,random,0,0.508881314319296,1.7205162744658724e-05
"R, n=12",10,1,random,10,0.5834285584424493,0.0001586769126311538
"R, n=12",10,1,random,25,0.5576277367756409,0.001990790987703831
"R, n=12",10,1,random,50,0.5709353450498662,0.0010529454122964583
"R, n=12",10,1,random,100,0.5837563502603502,0.0015334282081303386
"R, n=12",10,1,random,200,0.6520891468348995,0.0019152270756011807
"R, n=12",10,1,random,300,0.7613357422562488,1.3818136243499576e-05
"R, n=12",10,1,none,0,0.5898874180573473,0.0005064113798747426
"R, n=12",10,1,none,10,0.5567975330691926,0.0008305717116817772
"R, n=12",10,1,none,25,0.54172228900977,0.0011346139724204216
"R, n=12",10,1,none,50,0.5487859783895687,0.0011131476300146102
"R, n=12",10,1,none,100,0.5572568822529902,0.0009218651487565108
"R, n=12",10,1,none,200,0.8421234970785693,0.1489117870729165
"R, n=12",10,1,none,300,0.9948989472617211,0.9620967226355805
"R, n=12",11,0,qaoa,0,0.6543127516301425,0.040661726647555727
"R, n=12",11,0,qaoa,10,0.747344606080718,0.19347731694000625
"R, n=12",11,0,qaoa,25,0.7894665897606234,0.18989846382545306
"R, n=12",11,0,qaoa,50,0.8026485110665628,0.20325361169899625
"R, n=12",11,0,qaoa,100,0.8224573676578945,0.21681372200823634
"R, n=12",11,0,qaoa,200,0.9384285379740522,0.5786211132507626
"R, n=12",11,0,qaoa,300,0.9971350274666663,0.9743154492772707
"R, n=12",11,0,random,0,0.6076813328016959,0.018889892677384872
"R, n=12",11,0,random,10,0.6897828275807985,0.029355225833480908
"R, n=12",11,0,random,25,0.7302810857432684,0.10104094228957711
"R, n=12",11,0,random,50,0.7531520831024724,0.09217718581362842
"R, n=12",11,0,random,100,0.758618396259448,0.08091218187816869
"R, n=12",11,0,random,200,0.9254723391677271,0.5249447681961468
"R, n=12",11,0,random,300,0.9958686341263275,0.9537019923957841
"R, n=12",11,0,none,0,0.5534639604308387,0.003815143053133575
"R, n=12",11,0,none,10,0.6204966458276163,0.015077522351173007
"R, n=12",11,0,none,25,0.6188777141660131,0.015324374685430157
"R, n=12",11,0,none,50,0.6662795855080257,0.026373772128038563
"R, n=12",11,0,none,100,0.7416100564683826,0.0655654816291045
"R, n=12",11,0,none,200,0.869499687866275,0.29554597475169553
"R, n=12",11,0,none,300,0.9954149787967763,0.9544553986785141
"R, n=12",11,1,qaoa,0,0.628364099538157,0.005962340675005987
"R, n=12",11,1,qaoa,10,0.5911631371018765,0.02033348793870507
"R, n=12",11,1,qaoa,25,0.6787799757644626,0.030020119781603804
"R, n=12",11,1,qaoa,50,0.6930280954878673,0.0404991538506354
"R, n=12",11,1,qaoa,100,0.7977036581351935,0.1730801387355993
"R, n=12",11,1,qaoa,200,0.9255234005010076,0.4965984394018007
"R, n=12",11,1,qaoa,300,0.9944291606099875,0.9501246984758486
"R, n=12",11,1,random,0,0.5663601395142261,3.48756599485669e-05
"R, n=12",11,1,random,10,0.6546193618253278,0.016547299586703385
"R, n=12",11,1,random,25,0.6080869477158068,0.009448064128564804
"R, n=12",11,1,random,50,0.6617976479370722,0.023213453169844227
"R, n=12",11,1,random,100,0.76450097856012,0.08403652324075725
"R, n=12",11,1,random,200,0.8839293131292127,0.3373698000014319
"R, n=12",11,1,random,300,0.99356307016171,0.9237749245422061
"R, n=12",11,1,none,0,0.5629556004452982,0.00538692195108281
"R, n=12",11,1,none,10,0.6094779276663118,0.014014888843050874
"R, n=12",11,1,none,25,0.6122930309580553,0.01327298753480273
"R, n=12",11,1,none,50,0.6958591765570525,0.04038397056089335
"R, n=12",11,1,none,100,0.7502368028049294,0.07504955096357424
"R, n=12",11,1,none,200,0.8884797368394843,0.25270188537553206
"R, n=12",11,1,none,300,0.9957002788915221,0.9600378678550275
"R, n=12",12,0,qaoa,0,0.7711198191622187,0.06070021994685185
"R, n=12",12,0,qaoa,10,0.8602473360944101,0.054520559193807334
"R, n=12",12,0,qaoa,25,0.8276577908985624,0.07583287358084387
"R, n=12",12,0,qaoa,50,0.7721498104039417,0.05113116690282234
"R, n=12",12,0,qaoa,100,0.8027597826570602,0.046075572925189566
"R, n=12",12,0,qaoa,200,0.9011315100750457,0.1721191577419661
"R, n=12",12,0,qaoa,300,0.9957572520327489,0.9476833940111358
"R, n=12",12,0,random,0,0.573388780366789,0.013206554422111631
"R, n=12",12,0,random,10,0.5826276106921343,0.0037892854695961405
"R, n=12",12,0,random,25,0.601902741130491,0.0022083867931819295
"R, n=12",12,0,random,50,0.6175516560648042,0.0017447360048275355
"R, n=12",12,0,random,100,0.6955806187162276,0.001579806757730597
"R, n=12",12,0,random,200,0.8689741377009447,0.01028672174594586
"R, n=12",12,0,random,300,0.9565981898152496,0.4181464781206747
"R, n=12",12,0,none,0,0.5441629572179454,0.0008962061203297575
"R, n=12",12,0,none,10,0.5643816170401523,0.0014924351113676112
"R, n=12",12,0,none,25,0.6793578132716398,0.003254740656591961
"R, n=12",12,0,none,50,0.7032739671878238,0.004595503016783107
"R, n=12",12,0,none,100,0.7847093251693641,0.024424262175769366
"R, n=12",12,0,none,200,0.8783826545204029,0.07468640697222986
"R, n=12",12,0,none,300,0.991162079675691,0.9296022133898734
"R, n=12",12,1,qaoa,0,0.7555417719897795,0.01819106788322529
"R, n=12",12,1,qaoa,10,0.8436711687233298,0.11707446306382603
"R, n=12",12,1,qaoa,25,0.8480723864367097,0.12436581174829685
"R, n=12",12,1,qaoa,50,0.8055897215017416,0.06723641397170094
"R, n=12",12,1,qaoa,100,0.8048107056994362,0.055365427310042896
"R, n=12",12,1,qaoa,200,0.9010077419645028,0.18073242934611514
"R, n=12",12,1,qaoa,300,0.9947286128812873,0.9332410549647143
"R, n=12",12,1,random,0,0.5502241828405238,0.0005001362176528552
"R, n=12",12,1,random,10,0.7120688343844997,0.0030335177588064316
"R, n=12",12,1,random,25,0.7076106645884088,0.005154588334878833
"R, n=12",12,1,random,50,0.6799840448243321,0.0074368926914536405
"R, n=12",12,1,random,100,0.775908534980307,0.050062843521476094
"R, n=12",12,1,random,200,0.9055459741227407,0.21715877633839561
"R, n=12",12,1,random,300,0.99420145432032,0.9443333030620454
"R, n=12",12,1,none,0,0.5417915905837118,0.0008200401682755714
"R, n=12",12,1,none,10,0.5491900411325668,0.0012793996487795998
"R, n=12",12,1,none,25,0.6261327401023806,0.001982262366540314
"R, n=12",12,1,none,50,0.7034136058649361,0.0075236969633938194
"R, n=12",12,1,none,100,0.7730432321698518,0.022697829070365227
"R, n=12",12,1,none,200,0.9070719930841038,0.19163900778076792
"R, n=12",12,1,none,300,0.9903456106317229,0.9241902660331413
"R, n=12",13,0,qaoa,0,0.8091698112712213,0.03840024717177881
"R, n=12",13,0,qaoa,10,0.6643125448865499,0.002606257594065693
"R, n=12",13,0,qaoa,25,0.6825931120802378,0.010177985486843566
"R, n=12",13,0,qaoa,50,0.7320709014894985,0.014169099122944557
"R, n=12",13,0,qaoa,100,0.7722781898113403,0.03218033546174582
"R, n=12",13,0,qaoa,200,0.8575931688121858,0.13555594834729637
"R, n=12",13,0,qaoa,300,0.9649214117808006,0.6604621212375087
"R, n=12",13,0,random,0,0.6079267100537112,1.2215660501538972e-06
"R, n=12",13,0,random,10,0.6358095520527927,0.0036823508621983093
"R, n=12",13,0,random,25,0.6546820772462072,0.00982096192640846
"R, n=12",13,0,random,50,0.6935962176882879,0.009245207397328259
"R, n=12",13,0,random,100,0.6955543544552992,0.012187087561342423
"R, n=12",13,0,random,200,0.7646250936369157,0.034628460467379135
"R, n=12",13,0,random,300,0.9890102388003418,0.9322971734661278
"R, n=12",13,0,none,0,0.6111121675263949,0.0014102131489429066
"R, n=12",13,0,none,10,0.6282134128752739,0.002751583901970933
"R, n=12",13,0,none,25,0.6601465351796248,0.003289087595629058
"R, n=12",13,0,none,50,0.6651889901779324,0.0054754375293136984
"R, n=12",13,0,none,100,0.7113178205195051,0.015354948607128003
"R, n=12",13,0,none,200,0.8728122932513118,0.17568498174636926
"R, n=12",13,0,none,300,0.9962555743370688,0.9625796257165958
"R, n=12",13,1,qaoa,0,0.7999193075294743,0.019206874678365838
"R, n=12",13,1,qaoa,10,0.8098016266385922,0.001474115228702835
"R, n=12",13,1,qaoa,25,0.7941812599040643,0.023833296125628477
"R, n=12",13,1,qaoa,50,0.7859082205650852,0.010948289048509535
"R, n=12",13,1,qaoa,100,0.7915294845024095,0.017012762179173392
"R, n=12",13,1,qaoa,200,0.8378804126704559,0.07444217067266032
"R, n=12",13,1,qaoa,300,0.9936328441710954,0.9451256691545666
"R, n=12",13,1,random,0,0.6013212786722311,1.5323504902097932e-06
"R, n=12",13,1,random,10,0.6252744994186519,0.0022273897170283804
"R, n=12",13,1,random,25,0.6366623289385961,0.006548877233603431
"R, n=12",13,1,random,50,0.6917504683356226,0.012270068797428119
"R, n=12",13,1,random,100,0.7528065167333897,0.04137315329865516
"R, n=12",13,1,random,200,0.8620761995800172,0.1745292352979354
"R, n=12",13,1,random,300,0.7189561683481995,0.01263163010039304
"R, n=12",13,1,none,0,0.6069145761801903,0.0009851625184402362
"R, n=12",13,1,none,10,0.6353983858622747,0.0036965452273450307
"R, n=12",13,1,none,25,0.649630663272118,0.0040489828520893015
"R, n=12",13,1,none,50,0.6711086969214994,0.008662075526283657
"R, n=12",13,1,none,100,0.7745567195399021,0.04339557579151368
"R, n=12",13,1,none,200,0.867299531886606,0.14515994394060205
"R, n=12",13,1,none,300,0.8211829974454619,0.1883248390551272
"R, n=12",14,0,qaoa,0,0.7770647227307008,0.04283536463440589
"R, n=12",14,0,qaoa,10,0.8106164599587291,0.15691585820286255
"R, n=12",14,0,qaoa,25,0.8125910061440237,0.1032062398193008
"R, n=12",14,0,qaoa,50,0.7741556991936733,0.08955653791424412
"R, n=12",14,0,qaoa,100,0.765592263962751,0.060632527116665356
"R, n=12",14,0,qaoa,200,0.8693612165344055,0.1863476292214341
"R, n=12",14,0,qaoa,300,0.9901490882767253,0.9184344434454815
"R, n=12",14,0,random,0,0.596201429617982,0.001685716684812583
"R, n=12",14,0,random,10,0.7025660845778422,0.057450283936993425
"R, n=12",14,0,random,25,0.6489336222302903,0.008664494325396722
"R, n=12",14,0,random,50,0.6824179416780425,0.01252629235977926
"R, n=12",14,0,random,100,0.7278011841958789,0.02629829065504036
"R, n=12",14,0,random,200,0.8393020357388726,0.09662144884028578
"R, n=12",14,0,random,300,0.9934637994688783,0.955236043442996
"R, n=12",14,0,none,0,0.6099086395837732,0.0009338026073599483
"R, n=12",14,0,none,10,0.6033627780189049,0.0014577910629678856
"R, n=12",14,0,none,25,0.6204133552455038,0.001259746207326533
"R, n=12",14,0,none,50,0.6493918490598798,0.00457879238826307
"R, n=12",14,0,none,100,0.6546524966025565,0.004835657481702075
"R, n=12",14,0,none,200,0.8705325250855129,0.17074528172614145
"R, n=12",14,0,none,300,0.9883280791179884,0.9402924977724507
"R, n=12",14,1,qaoa,0,0.7750199038385123,9.246244783480636e-05
"R, n=12",14,1,qaoa,10,0.6546658460758819,0.006804658779876326
"R, n=12",14,1,qaoa,25,0.6295356337018205,0.0019963913006957983
"R, n=12",14,1,qaoa,50,0.6553684637132169,0.00440145621768538
"R, n=12",14,1,qaoa,100,0.6548550265811262,0.005359410142803738
"R, n=12",14,1,qaoa,200,0.7121846578802389,0.011097098516351303
"R, n=12",14,1,qaoa,300,0.9725433365916002,0.8113277498616017
"R, n=12",14,1,random,0,0.5870874821707572,8.95191655638639e-07
"R, n=12",14,1,random,10,0.7045956013055318,0.003020625957698367
"R, n=12",14,1,random,25,0.6992244409505044,0.007479399322306715
"R, n=12",14,1,random,50,0.7423029277290056,0.08698996654136502
"R, n=12",14,1,random,100,0.7779824737398418,0.1409064659668292
"R, n=12",14,1,random,200,0.8763322279681311,0.2112444173089947
"R, n=12",14,1,random,300,0.9933388422393056,0.9532109723525434
"R, n=12",14,1,none,0,0.6074090215155045,0.001073823837558795
"R, n=12",14,1,none,10,0.6016209830454442,0.001427897444829306
"R, n=12",14,1,none,25,0.603312356728201,0.001633524564020532
"R, n=12",14,1,none,50,0.6460943670473747,0.0038922904839797986
"R, n=12",14,1,none,100,0.6902230470154467,0.0121336068302696
"R, n=12",14,1,none,200,0.8774134721549685,0.17921279213009136
"R, n=12",14,1,none,300,0.9983072699687792,0.9829460738782305
"R, n=12",15,0,qaoa,0,0.7526814961092835,0.020478159216134377
"R, n=12",15,0,qaoa,10,0.7983747819694068,0.12702138996560655
"R, n=12",15,0,qaoa,25,0.8222792915711299,0.1304334926735803
"R, n=12",15,0,qaoa,50,0.815677952839666,0.07117968648150183
"R, n=12",15,0,qaoa,100,0.8029085151963671,0.0658770127722077
"R, n=12",15,0,qaoa,200,0.8834775345936347,0.2119641842624853
"R, n=12",15,0,qaoa,300,0.987716168139078,0.8823675060996014
"R, n=12",15,0,random,0,0.6938486203082517,0.00025383113837237805
"R, n=12",15,0,random,10,0.6963663065490687,3.834454678738772e-05
"R, n=12",15,0,random,25,0.6769657117334387,0.00702620574816055
"R, n=12",15,0,random,50,0.6860071431587036,0.007579179404727666
"R, n=12",15,0,random,100,0.7152564774353113,0.01741179230437658
"R, n=12",15,0,random,200,0.8638687202945391,0.1973887127104808
"R, n=12",15,0,random,300,0.9894020893975631,0.9123291659284563
"R, n=12",15,0,none,0,0.6422045653396129,0.001685840828869534
"R, n=12",15,0,none,10,0.6548759856682804,0.002293675722818864
"R, n=12",15,0,none,25,0.664481324446716,0.0036033722447738224
"R, n=12",15,0,none,50,0.6915546809273059,0.008321558594055494
"R, n=12",15,0,none,100,0.7143516103128722,0.013098222255548504
"R, n=12",15,0,none,200,0.884359351875434,0.23134338678408267
"R, n=12",15,0,none,300,0.9955958544224586,0.9577620646324294
"R, n=12",15,1,qaoa,0,0.7740180668717399,0.049087896582552915
"R, n=12",15,1,qaoa,10,0.7167264501791649,0.0014427783403058165
"R, n=12",15,1,qaoa,25,0.750553866363741,0.025094888240543272
"R, n=12",15,1,qaoa,50,0.7443429716592693,0.02497804460253846
"R, n=12",15,1,qaoa,100,0.7779117131223963,0.04160482669520307
"R, n=12",15,1,qaoa,200,0.8592834494383244,0.1605746216225037
"R, n=12",15,1,qaoa,300,0.9836029204375003,0.8464606224436395
"R, n=12",15,1,random,0,0.6695246823719394,0.00015141194598271176
"R, n=12",15,1,random,10,0.7357742786636718,0.0009202663134640649
"R, n=12",15,1,random,25,0.7780098826501245,0.009158453182320177
"R, n=12",15,1,random,50,0.7893741542124754,0.03453405716167182
"R, n=12",15,1,random,100,0.7995334129917264,0.042846578535940864
"R, n=12",15,1,random,200,0.8828640518539814,0.2417649720469201
"R, n=12",15,1,random,300,0.9920181915544148,0.9215684126793755
"R, n=12",15,1,none,0,0.6375957984494547,0.0014742335762334491
"R, n=12",15,1,none,10,0.657882702087059,0.00262128467698496
"R, n=12",15,1,none,25,0.6754655463941253,0.004996889979227674
"R, n=12",15,1,none,50,0.6978377647818171,0.009208458798086717
"R, n=12",15,1,none,100,0.7314944039674123,0.0217036466167813
"R, n=12",15,1,none,200,0.8865499138753679,0.2596626067005816
"R, n=12",15,1,none,300,0.995791622714337,0.9670195917931999
"R, n=12",16,0,qaoa,0,0.8054605484182827,0.07942615966029487
"R, n=12",16,0,qaoa,10,0.844283312988975,0.2009172651114327
"R, n=12",16,0,qaoa,25,0.8350063875746683,0.10260059646218514
"R, n=12",16,0,qaoa,50,0.7522075200267083,0.035388445685410885
"R, n=12",16,0,qaoa,100,0.7437706739692994,0.045527904773545944
"R, n=12",16,0,qaoa,200,0.8281667551077816,0.14540535510721617
"R, n=12",16,0,qaoa,300,0.988699738661093,0.9124735979026817
"R, n=12",16,0,random,0,0.697839405371059,0.0014765321618372372
"R, n=12",16,0,random,10,0.6989022241658681,0.009191302470692489
"R, n=12",16,0,random,25,0.6845378000868986,0.011926304427543957
"R, n=12",16,0,random,50,0.6954640529396596,0.013212119674686955
"R, n=12",16,0,random,100,0.7032917089349269,0.01622167545455789
"R, n=12",16,0,random,200,0.7461901521702576,0.03583196002067707
"R, n=12",16,0,random,300,0.9879639827917386,0.9183281426061561
"R, n=12",16,0,none,0,0.6580134315473833,0.005625898268228022
"R, n=12",16,0,none,10,0.6718444111381332,0.00618541518042592
"R, n=12",16,0,none,25,0.6767162983082718,0.007817534808165048
"R, n=12",16,0,none,50,0.6859120295407981,0.010820693522411254
"R, n=12",16,0,none,100,0.6920637427333776,0.013397437890322782
"R, n=12",16,0,none,200,0.774931648687164,0.06177535272809751
"R, n=12",16,0,none,300,0.9849678194561191,0.8903454739872321
"R, n=12",16,1,qaoa,0,0.7799780857563282,0.019740750022651042
"R, n=12",16,1,qaoa,10,0.6802013105076985,0.025834714304869114
"R, n=12",16,1,qaoa,25,0.6830154164762509,0.008566821856558318
"R, n=12",16,1,qaoa,50,0.6902585630515699,0.01015519319150321
"R, n=12",16,1,qaoa,100,0.704935722484173,0.017809605781538243
"R, n=12",16,1,qaoa,200,0.7435819066403277,0.029444884138894494
"R, n=12",16,1,qaoa,300,0.9792030765199325,0.8539968237132263
"R, n=12",16,1,random,0,0.704377152760624,0.020799434893696844
"R, n=12",16,1,random,10,0.6725344803989624,0.008359813667269825
"R, n=12",16,1,random,25,0.6685513610755515,0.006531083187171619
"R, n=12",16,1,random,50,0.6893074808357875,0.01018402570161073
"R, n=12",16,1,random,100,0.6913976953129712,0.011037910331262822
"R, n=12",16,1,random,200,0.715275567122959,0.022348647316680213
"R, n=12",16,1,random,300,0.965893779438855,0.7784097001083464
"R, n=12",16,1,none,0,0.6589757893122319,0.005841954184425326
"R, n=12",16,1,none,10,0.672350812422804,0.006512771778946635
"R, n=12",16,1,none,25,0.6852773817612221,0.012398531102911808
"R, n=12",16,1,none,50,0.6940857772481547,0.014869912259528145
"R, n=12",16,1,none,100,0.6979424979711379,0.016211323677560438
"R, n=12",16,1,none,200,0.7879191702837576,0.0651377836596222
"R, n=12",16,1,none,300,0.99343107510011,0.9455519171588304
"R, n=12",17,0,qaoa,0,0.8556816457607921,0.21845529135030387
"R, n=12",17,0,qaoa,10,0.9091119759693786,0.28700426589479017
"R, n=12",17,0,qaoa,25,0.837684710094863,0.1951469230540816
"R, n=12",17,0,qaoa,50,0.7320055242445155,0.07612290065077319
"R, n=12",17,0,qaoa,100,0.8032824803897818,0.119855001702657
"R, n=12",17,0,qaoa,200,0.8987213102091853,0.32081719390818075
"R, n=12",17,0,qaoa,300,0.995061627428924,0.9546259498765953
"R, n=12",17,0,random,0,0.6314948453529562,0.022494228101627867
"R, n=12",17,0,random,10,0.7201140413000002,0.11108364942348026
"R, n=12",17,0,random,25,0.7186074534811839,0.06203161175388361
"R, n=12",17,0,random,50,0.7325194263207215,0.08174388474810002
"R, n=12",17,0,random,100,0.720285198629979,0.047417246380511334
"R, n=12",17,0,random,200,0.8285572034332156,0.17738661170192965
"R, n=12",17,0,random,300,0.9891825738330797,0.9243744461375508
"R, n=12",17,0,none,0,0.7098084437204893,0.072037630752933
"R, n=12",17,0,none,10,0.6785815462266218,0.05124730027188588
"R, n=12",17,0,none,25,0.6784179917389411,0.04510417491520847
"R, n=12",17,0,none,50,0.6635964005776166,0.02711303755940825
"R, n=12",17,0,none,100,0.6777151368294216,0.030518669571045168
"R, n=12",17,0,none,200,0.8861603369879492,0.3137192508327926
"R, n=12",17,0,none,300,0.9941732963454798,0.9368793683980676
"R, n=12",17,1,qaoa,0,0.8823552194583578,0.23956687013632413
"R, n=12",17,1,qaoa,10,0.8685644965445579,0.32897715432011115
"R, n=12",17,1,qaoa,25,0.7965759166144322,0.1589302897842583
"R, n=12",17,1,qaoa,50,0.783705138806704,0.09804790044877008
"R, n=12",17,1,qaoa,100,0.803665997113267,0.11604904824901346
"R, n=12",17,1,qaoa,200,0.8979038895292046,0.3100015257922863
"R, n=12",17,1,qaoa,300,0.9963726796242953,0.9639911605477486
"R, n=12",17,1,random,0,0.659693669581038,0.008827567054810666
"R, n=12",17,1,random,10,0.7355448402868033,0.07942410859200096
"R, n=12",17,1,random,25,0.7176973524544337,0.04962814650600217
"R, n=12",17,1,random,50,0.6738999978048619,0.03106977073124308
"R, n=12",17,1,random,100,0.70412218518098,0.04552082319504351
"R, n=12",17,1,random,200,0.8258779317566903,0.17996466965791855
"R, n=12",17,1,random,300,0.9900123107288198,0.9026357068072289
"R, n=12",17,1,none,0,0.7116450487258336,0.07354384165901941
"R, n=12",17,1,none,10,0.6700669987839896,0.043779885573638336
"R, n=12",17,1,none,25,0.6628105799373015,0.022007799826272642
"R, n=12",17,1,none,50,0.6734849942595307,0.028297232104104526
"R, n=12",17,1,none,100,0.6850786131113682,0.033830280859732616
"R, n=12",17,1,none,200,0.8948333972180883,0.32047134722380555
"R, n=12",17,1,none,300,0.9969589677352728,0.9698570299603948
"R, n=12",18,0,qaoa,0,0.7816082941648181,0.04432196827022595
"R, n=12",18,0,qaoa,10,0.7260779029073279,0.0412192262603209
"R, n=12",18,0,qaoa,25,0.7097702094356833,0.0021174438661770607
"R, n=12",18,0,qaoa,50,0.7013107304264271,0.005502037609267515
"R, n=12",18,0,qaoa,100,0.7589470449713382,0.010221819246974207
"R, n=12",18,0,qaoa,200,0.8776238907323826,0.13277686530246655
"R, n=12",18,0,qaoa,300,0.9876338177155827,0.8952931555406517
"R, n=12",18,0,random,0,0.598305451462176,7.979556662070232e-11
"R, n=12",18,0,random,10,0.7226924369484988,0.00488585736927303
"R, n=12",18,0,random,25,0.6910046548697744,0.05273016531642371
"R, n=12",18,0,random,50,0.7686486512184868,0.1571829714736135
"R, n=12",18,0,random,100,0.7852568731343282,0.049973704523048834
"R, n=12",18,0,random,200,0.8796559935196293,0.19767535567966843
"R, n=12",18,0,random,300,0.9898236708262848,0.940995522092036
"R, n=12",18,0,none,0,0.5782733764963139,0.0006188739296072353
"R, n=12",18,0,none,10,0.6116099233397813,0.0011007058220441697
"R, n=12",18,0,none,25,0.6747252914082165,0.0030851448395899095
"R, n=12",18,0,none,50,0.6973684809629574,0.0035594655014533102
"R, n=12",18,0,none,100,0.7026523323769441,0.003290944532489438
"R, n=12",18,0,none,200,0.7376103145912074,0.001946204583195575
"R, n=12",18,0,none,300,0.8748798892990474,0.007453471150205391
"R, n=12",18,1,qaoa,0,0.778752844958917,0.0029694001136528364
"R, n=12",18,1,qaoa,10,0.8076247097159395,1.0928509629307423e-05
"R, n=12",18,1,qaoa,25,0.7963305390090316,0.00039327121683727686
"R, n=12",18,1,qaoa,50,0.8042057102377121,0.0401041063827844
"R, n=12",18,1,qaoa,100,0.8155212653181425,0.025858710931356582
"R, n=12",18,1,qaoa,200,0.875195987694918,0.13246599711588597
"R, n=12",18,1,qaoa,300,0.9902437816231476,0.9017609354250541
"R, n=12",18,1,random,0,0.606459934938483,3.257553464992213e-12
"R, n=12",18,1,random,10,0.6127802799172813,0.005989656580087141
"R, n=12",18,1,random,25,0.6717358817084587,0.001266712696071463
"R, n=12",18,1,random,50,0.6940945174479272,0.0058641818508084215
"R, n=12",18,1,random,100,0.7089250292583993,0.0026114367313973606
"R, n=12",18,1,random,200,0.7506215672700248,0.005303323141864555
"R, n=12",18,1,random,300,0.8738332301693226,1.609965923434673e-05
"R, n=12",18,1,none,0,0.5662630325779522,0.0005344433291126453
"R, n=12",18,1,none,10,0.5999184784001383,0.0008489278592321499
"R, n=12",18,1,none,25,0.6826945372731226,0.0028175909156964696
"R, n=12",18,1,none,50,0.6905609568132499,0.003771035329292952
"R, n=12",18,1,none,100,0.7063794356194792,0.004024981182297985
"R, n=12",18,1,none,200,0.7482307474812401,0.0019186363128090979
"R, n=12",18,1,none,300,0.8077286839966039,3.983398900151912e-07
"R, n=12",19,0,qaoa,0,0.7343920353343107,0.04096275279550786
"R, n=12",19,0,qaoa,10,0.8431223511079763,0.2959990084559607
"R, n=12",19,0,qaoa,25,0.7944351919102736,0.17283846734764835
"R, n=12",19,0,qaoa,50,0.7761207109320405,0.09622510041966005
"R, n=12",19,0,qaoa,100,0.8180756720351461,0.14253526994161922
"R, n=12",19,0,qaoa,200,0.9256865804024919,0.4135146264788466
"R, n=12",19,0,qaoa,300,0.9881589318125924,0.864450994990388
"R, n=12",19,0,random,0,0.6043684823576054,0.0030430571414114863
"R, n=12",19,0,random,10,0.7026274164633919,0.033262160417182336
"R, n=12",19,0,random,25,0.7436551369194127,0.07438430018779471
"R, n=12",19,0,random,50,0.7464328042666686,0.07261897015808336
"R, n=12",19,0,random,100,0.804065331620013,0.15129879221655684
"R, n=12",19,0,random,200,0.9289051643537896,0.47587466145519786
"R, n=12",19,0,random,300,0.995768565183108,0.9494625841416687
"R, n=12",19,0,none,0,0.5822777800248703,0.002696454452036575
"R, n=12",19,0,none,10,0.5850381843031549,0.005494973429356067
"R, n=12",19,0,none,25,0.5941723483675116,0.006505263024368225
"R, n=12",19,0,none,50,0.7003527413597527,0.026339646664172274
"R, n=12",19,0,none,100,0.7890724511600657,0.10425785858532337
"R, n=12",19,0,none,200,0.9346382356653431,0.471771865017621
"R, n=12",19,0,none,300,0.9965468048251612,0.9519648617786762
"R, n=12",19,1,qaoa,0,0.7851340472027446,0.08743607401713716
"R, n=12",19,1,qaoa,10,0.8281132481690827,0.2062206594355682
"R, n=12",19,1,qaoa,25,0.7876569982588195,0.10195266548384775
"R, n=12",19,1,qaoa,50,0.788590899703165,0.08858329125072972
"R, n=12",19,1,qaoa,100,0.8224633196061548,0.15001969339773413
"R, n=12",19,1,qaoa,200,0.9245110553377103,0.4240765121152727
"R, n=12",19,1,qaoa,300,0.9951933514873201,0.9491193775040514
"R, n=12",19,1,random,0,0.5958407627845336,0.021234320820554643
"R, n=12",19,1,random,10,0.7514986005043826,0.12231385825077178
"R, n=12",19,1,random,25,0.7873266572852583,0.18624769685629483
"R, n=12",19,1,random,50,0.80109912061861,0.1438357822886136
"R, n=12",19,1,random,100,0.8152574854383334,0.19591892927720406
"R, n=12",19,1,random,200,0.9200883456129015,0.44326921344541637
"R, n=12",19,1,random,300,0.9934147783065981,0.9403588122151396
"R, n=12",19,1,none,0,0.5842759324111304,0.002317145006306524
"R, n=12",19,1,none,10,0.5840378383812902,0.005289905374157743
"R, n=12",19,1,none,25,0.5966129493028427,0.006838044546049535
"R, n=12",19,1,none,50,0.7194472018603361,0.022078137844413585
"R, n=12",19,1,none,100,0.7674877549821898,0.07719057239972117
"R, n=12",19,1,none,200,0.9283230774476638,0.4562962299102991
"R, n=12",19,1,none,300,0.9965393788912401,0.9494346007167368
"R, n=14",0,0,qaoa,0,0.7716398607286802,0.04274059821313303
"R, n=14",0,0,qaoa,10,0.8569280159068283,0.025193447679475598
"R, n=14",0,0,qaoa,25,0.886492773112484,0.24993519871271244
"R, n=14",0,0,qaoa,50,0.8986974839915206,0.21884534969539216
"R, n=14",0,0,qaoa,100,0.8209639458652338,0.10293071264620765
"R, n=14",0,0,qaoa,200,0.8733794055451137,0.15600817947370227
"R, n=14",0,0,qaoa,300,0.9798612075072901,0.7194933885979833
"R, n=14",0,0,random,0,0.6867231737225767,0.025083809703079878
"R, n=14",0,0,random,10,0.7794753750586332,0.061365347373984844
"R, n=14",0,0,random,25,0.7620743224579571,0.03155723653004457
"R, n=14",0,0,random,50,0.7810285810434098,0.03627425246097787
"R, n=14",0,0,random,100,0.8191597845688458,0.05819360950867472
"R, n=14",0,0,random,200,0.8857227220279096,0.17342097498971212
"R, n=14",0,0,random,300,0.9894850078552315,0.8453902225129677
"R, n=14",0,0,none,0,0.666884375122917,0.0038791314527904497
"R, n=14",0,0,none,10,0.6999692889020241,0.008493612485502794
"R, n=14",0,0,none,25,0.765862626714457,0.02852818675671458
"R, n=14",0,0,none,50,0.7778523267801727,0.031533629550948586
"R, n=14",0,0,none,100,0.7811004939221253,0.03148442348121411
"R, n=14",0,0,none,200,0.9097648135098612,0.26548167843985726
"R, n=14",0,0,none,300,0.9966861581273381,0.9547671076836535
"R, n=14",0,1,qaoa,0,0.777159497295518,0.0323754944179277
"R, n=14",0,1,qaoa,10,0.7857678764149387,0.03329159348888516
"R, n=14",0,1,qaoa,25,0.8348390476437081,0.09002893092705205
"R, n=14",0,1,qaoa,50,0.7915469076505914,0.03711922897974286
"R, n=14",0,1,qaoa,100,0.812117205160455,0.05396300911002003
"R, n=14",0,1,qaoa,200,0.8979625495805701,0.20277284009953428
"R, n=14",0,1,qaoa,300,0.9893484986560188,0.8403212133518558
"R, n=14",0,1,random,0,0.6339176994779738,3.8257242340879186e-05
"R, n=14",0,1,random,10,0.7764120502343502,0.018795806108608076
"R, n=14",0,1,random,25,0.7561782330872626,0.01744483209321697
"R, n=14",0,1,random,50,0.7632078043757323,0.0244629324869066
"R, n=14",0,1,random,100,0.7997209184983273,0.040586506156417956
"R, n=14",0,1,random,200,0.8242926957123027,0.04906412269408452
"R, n=14",0,1,random,300,0.9132003927439024,0.16251152733627489
"R, n=14",0,1,none,0,0.6680503434476764,0.0021663648945322482
"R, n=14",0,1,none,10,0.7147905186248219,0.010207751795054192
"R, n=14",0,1,none,25,0.7547332697614704,0.018489343663609242
"R, n=14",0,1,none,50,0.7672749020093019,0.02622686621313946
"R, n=14",0,1,none,100,0.7955696135848624,0.03704846284069501
"R, n=14",0,1,none,200,0.8970032504554717,0.22175867392512555
"R, n=14",0,1,none,300,0.997534115280553,0.9662680270469473
"R, n=14",1,0,qaoa,0,0.830001984659658,0.0012397355851505546
"R, n=14",1,0,qaoa,10,0.7729018627455496,0.0007251927201762364
"R, n=14",1,0,qaoa,25,0.7804647575629451,0.005416271988423432
"R, n=14",1,0,qaoa,50,0.7924426113266689,0.030279948326517685
"R, n=14",1,0,qaoa,100,0.8094154676416379,0.0388511172029329
"R, n=14",1,0,qaoa,200,0.8780605000000684,0.12669756999764012
"R, n=14",1,0,qaoa,300,0.9913583995356946,0.9026843084282896
"R, n=14",1,0,random,0,0.6200989183771459,0.0015110792916793736
"R, n=14",1,0,random,10,0.6507339464759208,0.013072280421225666
"R, n=14",1,0,random,25,0.6550231170789806,0.0027427248985549876
"R, n=14",1,0,random,50,0.6608511937378899,0.014836547542330008
"R, n=14",1,0,random,100,0.6808384499078468,0.008037255041908001
"R, n=14",1,0,random,200,0.8649398666198492,0.19272359402561773
"R, n=14",1,0,random,300,0.9825593800647314,0.8026125301654145
"R, n=14",1,0,none,0,0.6893314806973874,0.03258571866341073
"R, n=14",1,0,none,10,0.6423645596993026,0.008435616973924434
"R, n=14",1,0,none,25,0.6395728259434312,0.006452213358915546
"R, n=14",1,0,none,50,0.6377202585433438,0.0053989081925652485
"R, n=14",1,0,none,100,0.6493183624126818,0.003798094686402903
"R, n=14",1,0,none,200,0.7030945941467841,0.014441740076807425
"R, n=14",1,0,none,300,0.9890559743873186,0.8895702698813271
"R, n=14",1,1,qaoa,0,0.8225296218273465,0.014681653609971338
"R, n=14",1,1,qaoa,10,0.8382612069527711,0.005316678922400611
"R, n=14",1,1,qaoa,25,0.7856499089245322,0.026594349608688606
"R, n=14",1,1,qaoa,50,0.7840406972767506,0.024586462920829097
"R, n=14",1,1,qaoa,100,0.7988576512214227,0.03274490359846567
"R, n=14",1,1,qaoa,200,0.8872636942772605,0.13726395659798363
"R, n=14",1,1,qaoa,300,0.9942596667354867,0.9404970883905827
"R, n=14",1,1,random,0,0.6241954659273363,0.00027829622097441523
"R, n=14",1,1,random,10,0.6872865132684732,0.025497551772786946
"R, n=14",1,1,random,25,0.6454750226428121,0.008127787020326018
"R, n=14",1,1,random,50,0.6513501877883192,0.008134112017083134
"R, n=14",1,1,random,100,0.6817604234890862,0.014690455695498022
"R, n=14",1,1,random,200,0.8671824555738644,0.20677784121109777
"R, n=14",1,1,random,300,0.9929910958113105,0.9176796622444156
"R, n=14",1,1,none,0,0.6615272354903925,0.019382006413250306
"R, n=14",1,1,none,10,0.6460902912993446,0.011507587695013873
"R, n=14",1,1,none,25,0.6323619404749696,0.0029039284052866437
"R, n=14",1,1,none,50,0.6401009534562014,0.003975710084354509
"R, n=14",1,1,none,100,0.6554442963152888,0.005342612544616814
"R, n=14",1,1,none,200,0.7348087694468295,0.026400507506843855
"R, n=14",1,1,none,300,0.9949633141927618,0.9409787873869186
"R, n=14",2,0,qaoa,0,0.7647331904445336,0.02434610736101497
"R, n=14",2,0,qaoa,10,0.5906099822242676,0.002209070246443945
"R, n=14",2,0,qaoa,25,0.6010204913154225,0.0003544579538143593
"R, n=14",2,0,qaoa,50,0.5931786861390683,0.0004123028837318012
"R, n=14",2,0,qaoa,100,0.579229377984962,0.0007275080102511636
"R, n=14",2,0,qaoa,200,0.6793514294410402,0.00010285404019259216
"R, n=14",2,0,qaoa,300,0.8961877510483001,1.8127257257444203e-17
"R, n=14",2,0,random,0,0.5247236884686979,2.093826399873638e-06
"R, n=14",2,0,random,10,0.6822828666697517,1.0316296895477216e-08
"R, n=14",2,0,random,25,0.6567400251503064,0.0021088018667265074
"R, n=14",2,0,random,50,0.7043395540756207,0.0018000860117984195
"R, n=14",2,0,random,100,0.6795842122156659,0.004156910216504109
"R, n=14",2,0,random,200,0.8267656375643272,0.008627709774080759
"R, n=14",2,0,random,300,0.9383117491177917,0.004106573916582911
"R, n=14",2,0,none,0,0.6027270005604234,0.0002512143871586457
"R, n=14",2,0,none,10,0.5858196914567573,0.0004196224651023358
"R, n=14",2,0,none,25,0.6096050269957057,0.00032495306533689145
"R, n=14",2,0,none,50,0.5791189431599835,0.0006464489853956352
"R, n=14",2,0,none,100,0.5644908318510776,0.000745312130375514
"R, n=14",2,0,none,200,0.8478485452574789,8.994916222233724e-05
"R, n=14",2,0,none,300,0.940349057710719,6.3308094915859596e-09
"R, n=14",2,1,qaoa,0,0.7157479519588905,1.7000937920745606e-05
"R, n=14",2,1,qaoa,10,0.6704328520630195,0.0018639759852595397
"R, n=14",2,1,qaoa,25,0.7646100045443375,0.004567045977595547
"R, n=14",2,1,qaoa,50,0.7278132464120648,0.005783677754544747
"R, n=14",2,1,qaoa,100,0.7925816701391994,0.011341840355241073
"R, n=14",2,1,qaoa,200,0.8974396598812662,0.06236902460186777
"R, n=14",2,1,qaoa,300,0.9860931117731009,0.8089085688684511
"R, n=14",2,1,random,0,0.4957534174337852,7.711259753783254e-06
"R, n=14",2,1,random,10,0.6108820125983797,0.000911478498788658
"R, n=14",2,1,random,25,0.5951096204682018,0.0007743611338950139
"R, n=14",2,1,random,50,0.5586780140498242,0.0009915138115857993
"R, n=14",2,1,random,100,0.5676796144834058,0.0009550593625848564
"R, n=14",2,1,random,200,0.8247578171783618,0.003979629963287271
"R, n=14",2,1,random,300,0.9424583153471097,8.556551075826561e-05
"R, n=14",2,1,none,0,0.6207000637898961,0.00022075829213201762
"R, n=14",2,1,none,10,0.583952081173158,0.00040928614326779885
"R, n=14",2,1,none,25,0.584958233625102,0.0007251247194186576
"R, n=14",2,1,none,50,0.577562959590372,0.0007000922670533287
"R, n=14",2,1,none,100,0.573463877680512,0.0008136859525677608
"R, n=14",2,1,none,200,0.8320538312740104,0.003349234104273776
"R, n=14",2,1,none,300,0.9890267689592523,0.8507014626066736
"R, n=14",3,0,qaoa,0,0.8005493914472515,0.0005747659020552369
"R, n=14",3,0,qaoa,10,0.770007077940091,0.03579349689688585
"R, n=14",3,0,qaoa,25,0.7613562451120202,0.01248215921687424
"R, n=14",3,0,qaoa,50,0.7756995066601997,0.012885321440273479
"R, n=14",3,0,qaoa,100,0.773369412158038,0.016876022564813634
"R, n=14",3,0,qaoa,200,0.8208496649996673,0.025942525701042884
"R, n=14",3,0,qaoa,300,0.9858905650233707,0.831900552434983
"R, n=14",3,0,random,0,0.739187121542548,0.003953844400008955
"R, n=14",3,0,random,10,0.7755380086283575,0.005445092491642576
"R, n=14",3,0,random,25,0.7821484734162261,0.008471636382815312
"R, n=14",3,0,random,50,0.7891921283782553,0.010405399939348492
"R, n=14",3,0,random,100,0.7965498567840846,0.018683406473514068
"R, n=14",3,0,random,200,0.8426572344458172,0.06306926598425308
"R, n=14",3,0,random,300,0.9713846373480853,0.6804440745290911
"R, n=14",3,0,none,0,0.7361381224842407,0.006101813318015603
"R, n=14",3,0,none,10,0.7499880503518935,0.0058854999724081815
"R, n=14",3,0,none,25,0.7479300606338387,0.006375746098813995
"R, n=14",3,0,none,50,0.7520706486239739,0.007353938206573424
"R, n=14",3,0,none,100,0.7574678431950814,0.00837635015751485
"R, n=14",3,0,none,200,0.8329185243628607,0.03789686975116785
"R, n=14",3,0,none,300,0.9931475421724913,0.9186324838281463
"R, n=14",3,1,qaoa,0,0.8360451762106206,0.04519122200079999
"R, n=14",3,1,qaoa,10,0.7494875026911199,0.010179423884329835
"R, n=14",3,1,qaoa,25,0.755129358214739,0.0073462704405720695
"R, n=14",3,1,qaoa,50,0.7626490168014141,0.010758536327284626
"R, n=14",3,1,qaoa,100,0.7725821215826807,0.011961921759659003
"R, n=14",3,1,qaoa,200,0.8281154779082611,0.04350344876609477
"R, n=14",3,1,qaoa,300,0.9704851129715977,0.6556627925026361
"R, n=14",3,1,random,0,0.7434356555929182,0.010933641325950908
"R, n=14",3,1,random,10,0.7676934135099465,0.014417200796799456
"R, n=14",3,1,random,25,0.7642358425748335,0.004300206615924514
"R, n=14",3,1,random,50,0.7685961632673345,0.012425462746133919
"R, n=14",3,1,random,100,0.7883304814334974,0.015450715311950912
"R, n=14",3,1,random,200,0.8177644540898212,0.02290907229839879
"R, n=14",3,1,random,300,0.9396583587299749,0.44492531131951485
"R, n=14",3,1,none,0,0.7346422112732968,0.005601179351849976
"R, n=14",3,1,none,10,0.7508457247069515,0.005957657919450758
"R, n=14",3,1,none,25,0.7519620238702012,0.00589003526279407
"R, n=14",3,1,none,50,0.7472084368441727,0.00823272803092046
"R, n=14",3,1,none,100,0.759432954988037,0.008290538009019684
"R, n=14",3,1,none,200,0.8159557085894945,0.032322124243209197
"R, n=14",3,1,none,300,0.987192414163004,0.8276203538209156
"R, n=14",4,0,qaoa,0,0.7924098041112135,0.011280373739649803
"R, n=14",4,0,qaoa,10,0.7112903124855028,0.0004908925393159291
"R, n=14",4,0,qaoa,25,0.7463292331563764,0.0006858012449959986
"R, n=14",4,0,qaoa,50,0.7508752728921797,0.0008178554221660355
"R, n=14",4,0,qaoa,100,0.7579169328098618,0.0007968184583512542
"R, n=14",4,0,qaoa,200,0.7751939846158559,0.0008928120313470561
"R, n=14",4,0,qaoa,300,0.818290727450533,1.5517105082682506e-05
"R, n=14",4,0,random,0,0.677715071646354,1.6990807281780251e-10
"R, n=14",4,0,random,10,0.7612645724103562,0.0006445475484274326
"R, n=14",4,0,random,25,0.7421274045085808,0.0006056432304785662
"R, n=14",4,0,random,50,0.7422846397403942,0.0006560780574193026
"R, n=14",4,0,random,100,0.7553636820158468,0.0007626241503226593
"R, n=14",4,0,random,200,0.7767362215868657,0.0009187459167175591
"R, n=14",4,0,random,300,0.8204223274899426,0.0001295623330028246
"R, n=14",4,0,none,0,0.7056452873047616,0.0002598793082843697
"R, n=14",4,0,none,10,0.7107531546224803,0.0004284993123613839
"R, n=14",4,0,none,25,0.7326640546732581,0.0005052081144857106
"R, n=14",4,0,none,50,0.7335193991160588,0.0005085994884041756
"R, n=14",4,0,none,100,0.7542861951707444,0.0006360198415576179
"R, n=14",4,0,none,200,0.7834767867468573,0.0008879330930028484
"R, n=14",4,0,none,300,0.8954744687549685,5.235355847693869e-07
"R, n=14",4,1,qaoa,0,0.8172609054845186,0.052388271097930816
"R, n=14",4,1,qaoa,10,0.781575086418673,9.355454249268763e-08
"R, n=14",4,1,qaoa,25,0.7350894518909035,0.000875184667808443
"R, n=14",4,1,qaoa,50,0.7507753728292544,0.0013246131070329163
"R, n=14",4,1,qaoa,100,0.7548890470676253,0.0009133792151025079
"R, n=14",4,1,qaoa,200,0.7773176859776351,0.0008639321006661834
"R, n=14",4,1,qaoa,300,0.7996811077262742,0.00020312728818421816
"R, n=14",4,1,random,0,0.7149723625527522,2.5118269400875264e-07
"R, n=14",4,1,random,10,0.7377274107176158,7.296662294856304e-07
"R, n=14",4,1,random,25,0.7279882745302739,0.0005940329653711985
"R, n=14",4,1,random,50,0.7486989447011219,0.0008278664630553608
"R, n=14",4,1,random,100,0.7513549094923166,0.0007634712960855668
"R, n=14",4,1,random,200,0.7792874426221914,0.00038789508535789515
"R, n=14",4,1,random,300,0.8821519890257602,3.7048303037835347e-06
"R, n=14",4,1,none,0,0.7233459221483269,0.0002737577721693062
"R, n=14",4,1,none,10,0.7047139866968063,0.0003827439496111442
"R, n=14",4,1,none,25,0.7287796837576657,0.0004262278983454918
"R, n=14",4,1,none,50,0.7468039970969308,0.0006373441762804069
"R, n=14",4,1,none,100,0.7517372706576473,0.00041321224481155643
"R, n=14",4,1,none,200,0.7822189162697157,0.0007369246978080163
"R, n=14",4,1,none,300,0.8861344307262199,5.501729637993653e-08
"R, n=14",5,0,qaoa,0,0.8345496047346407,0.06300704428134432
"R, n=14",5,0,qaoa,10,0.874885272690764,0.0790772120365555
"R, n=14",5,0,qaoa,25,0.8200040383587947,0.03569589088771008
"R, n=14",5,0,qaoa,50,0.8269285186431117,0.05372926585366071
"R, n=14",5,0,qaoa,100,0.8501707344815803,0.10290196211317175
"R, n=14",5,0,qaoa,200,0.9065018263668807,0.23197010389927444
"R, n=14",5,0,qaoa,300,0.992261748464568,0.8972725342291425
"R, n=14",5,0,random,0,0.7277790789091314,0.003926235994861475
"R, n=14",5,0,random,10,0.7342977921140614,0.011482239007240012
"R, n=14",5,0,random,25,0.7488657447506044,0.016125968895766122
"R, n=14",5,0,random,50,0.7394572514784041,0.0150266357867613
"R, n=14",5,0,random,100,0.7636627952332015,0.02161897843338459
"R, n=14",5,0,random,200,0.7752823703801515,0.029272304110890546
"R, n=14",5,0,random,300,0.9560819174137463,0.7115629351374197
"R, n=14",5,0,none,0,0.7512658705952038,0.012553455787402322
"R, n=14",5,0,none,10,0.7350353305649863,0.011763701257563132
"R, n=14",5,0,none,25,0.7448356874964963,0.015151406178508547
"R, n=14",5,0,none,50,0.7555370115886246,0.01808778974042153
"R, n=14",5,0,none,100,0.7567484099436068,0.01956952416188499
"R, n=14",5,0,none,200,0.8584058011324642,0.1297602014227825
"R, n=14",5,0,none,300,0.9971042229992239,0.963580977194735
"R, n=14",5,1,qaoa,0,0.8389683505710014,0.057714261165595665
"R, n=14",5,1,qaoa,10,0.8293046336609824,0.042791233655280626
"R, n=14",5,1,qaoa,25,0.7817363227553209,0.02895283840435179
"R, n=14",5,1,qaoa,50,0.7823823855965255,0.030275193107670108
"R, n=14",5,1,qaoa,100,0.8052479814927429,0.04945253159842405
"R, n=14",5,1,qaoa,200,0.9057129128577299,0.251064237015608
"R, n=14",5,1,qaoa,300,0.9942637947913797,0.922448050360076
"R, n=14",5,1,random,0,0.7149569953253605,0.017350848611891696
"R, n=14",5,1,random,10,0.6901379579055757,0.0016318817606485454
"R, n=14",5,1,random,25,0.7551624270653845,0.012932597398590555
"R, n=14",5,1,random,50,0.7484815867050996,0.01587772444671863
"R, n=14",5,1,random,100,0.7500459984241316,0.01765656883717112
"R, n=14",5,1,random,200,0.7810163835817775,0.03479704940573995
"R, n=14",5,1,random,300,0.919563078613037,0.4748333783772638
"R, n=14",5,1,none,0,0.7448878080438424,0.012242358743921903
"R, n=14",5,1,none,10,0.7346791502584061,0.011610481239130398
"R, n=14",5,1,none,25,0.7394650971361417,0.013791919393120036
"R, n=14",5,1,none,50,0.7509804277440119,0.016644066616715757
"R, n=14",5,1,none,100,0.7463279731700954,0.015343212918792311
"R, n=14",5,1,none,200,0.7898534339416844,0.03951851967090848
"R, n=14",5,1,none,300,0.9973275239403091,0.9626817363559204
"R, n=14",6,0,qaoa,0,0.6775971683782761,2.9953936753982837e-07
"R, n=14",6,0,qaoa,10,0.6328070434940863,5.802657081771424e-06
"R, n=14",6,0,qaoa,25,0.6864137065044584,3.6598356171629514e-05
"R, n=14",6,0,qaoa,50,0.6543674848384301,0.018058835805697233
"R, n=14",6,0,qaoa,100,0.7274741447454119,0.0512040037169707
"R, n=14",6,0,qaoa,200,0.9082859359729825,0.36602295587406986
"R, n=14",6,0,qaoa,300,0.9909525480799681,0.9145894039250123
"R, n=14",6,0,random,0,0.5551644293522499,1.9894446099406955e-14
"R, n=14",6,0,random,10,0.5690975830349446,2.2237370384062046e-09
"R, n=14",6,0,random,25,0.6101328637617677,4.266782953103711e-06
"R, n=14",6,0,random,50,0.608154790836613,0.005815643069804581
"R, n=14",6,0,random,100,0.720603024858108,0.0026517077041423535
"R, n=14",6,0,random,200,0.9016484955690549,0.2835782251965362
"R, n=14",6,0,random,300,0.9950652939097535,0.9451363168186635
"R, n=14",6,0,none,0,0.4699988341691924,0.0006213785708184656
"R, n=14",6,0,none,10,0.5174605147851544,0.0015976135927717855
"R, n=14",6,0,none,25,0.5804472088182531,0.003278670314075683
"R, n=14",6,0,none,50,0.5977192268356686,0.004325925043004567
"R, n=14",6,0,none,100,0.6237354430969633,0.005933834645159857
"R, n=14",6,0,none,200,0.708394857826935,0.003051501298788245
"R, n=14",6,0,none,300,0.852613541043212,1.7048874926480678e-05
"R, n=14",6,1,qaoa,0,0.6844133870729128,0.02064775291241194
"R, n=14",6,1,qaoa,10,0.5319424787842983,0.003614781247365988
"R, n=14",6,1,qaoa,25,0.5360301121522936,0.0010548842077064287
"R, n=14",6,1,qaoa,50,0.5734283519341874,0.0034709381006739863
"R, n=14",6,1,qaoa,100,0.6344621679204031,0.005805620426773004
"R, n=14",6,1,qaoa,200,0.690250399934216,0.008963146500303387
"R, n=14",6,1,qaoa,300,0.850818085268027,1.929772473200904e-05
"R, n=14",6,1,random,0,0.5360384342429532,0.0040709301071361744
"R, n=14",6,1,random,10,0.5196996940029643,0.001385232642320075
"R, n=14",6,1,random,25,0.582942017906713,0.00420379494699216
"R, n=14",6,1,random,50,0.5901192966580813,0.004918796793344918
"R, n=14",6,1,random,100,0.6199313186192332,0.004244292990303003
"R, n=14",6,1,random,200,0.7021495214512133,0.006093375601908344
"R, n=14",6,1,random,300,0.8451547445213757,0.00018695947280993427
"R, n=14",6,1,none,0,0.47304202819481983,0.0006674311987824428
"R, n=14",6,1,none,10,0.5156175410330938,0.0014738645542568371
"R, n=14",6,1,none,25,0.5679734258635716,0.0021988572540877
"R, n=14",6,1,none,50,0.6015385669428465,0.00242401663897486
"R, n=14",6,1,none,100,0.628652703458027,0.005434733931329592
"R, n=14",6,1,none,200,0.733561797103612,0.007383666727249925
"R, n=14",6,1,none,300,0.553875762776067,9.714260407521507e-06
"R, n=14",7,0,qaoa,0,0.7352249363105408,0.00013887627101417805
"R, n=14",7,0,qaoa,10,0.7649497141349015,0.0013150090639334135
"R, n=14",7,0,qaoa,25,0.6592409675723929,0.0011227181951300232
"R, n=14",7,0,qaoa,50,0.6838473632379927,0.001206973974389314
"R, n=14",7,0,qaoa,100,0.733627490267392,0.0035247644586323596
"R, n=14",7,0,qaoa,200,0.8609998325609702,0.05810072177128726
"R, n=14",7,0,qaoa,300,0.9878061554905812,0.8904479568451763
"R, n=14",7,0,random,0,0.639874105203441,1.768563412610411e-06
"R, n=14",7,0,random,10,0.6516004773297581,2.75837267371171e-06
"R, n=14",7,0,random,25,0.641645069154959,0.0009516759901099637
"R, n=14",7,0,random,50,0.6657457708884176,0.001210393835121262
"R, n=14",7,0,random,100,0.6918137780356736,0.002102579448085481
"R, n=14",7,0,random,200,0.7969802535902438,0.02879014842365234
"R, n=14",7,0,random,300,0.990662782744536,0.9464314013599909
"R, n=14",7,0,none,0,0.6342016500105336,0.00016529018946320292
"R, n=14",7,0,none,10,0.624802753156483,0.0002864794302684431
"R, n=14",7,0,none,25,0.6392666478452599,0.0004279691086566769
"R, n=14",7,0,none,50,0.6613364363949445,0.0007248342461601366
"R, n=14",7,0,none,100,0.7293711670084776,0.004809743254809959
"R, n=14",7,0,none,200,0.8591489413215512,0.05858941392011303
"R, n=14",7,0,none,300,0.9940883264982957,0.9583278463431923
"R, n=14",7,1,qaoa,0,0.7281358253650394,0.00014513600992908707
"R, n=14",7,1,qaoa,10,0.7023113847010743,3.583028362889958e-06
"R, n=14",7,1,qaoa,25,0.6875716697284009,0.0003552610211566239
"R, n=14",7,1,qaoa,50,0.7494580990752827,0.008058926187851173
"R, n=14",7,1,qaoa,100,0.7359993685475725,0.002929510323363428
"R, n=14",7,1,qaoa,200,0.8309615604603673,0.06669209669082989
"R, n=14",7,1,qaoa,300,0.9884439615009569,0.9126236485251027
"R, n=14",7,1,random,0,0.5919513081387782,2.150285267371346e-08
"R, n=14",7,1,random,10,0.6705013869090806,6.243770412732563e-18
"R, n=14",7,1,random,25,0.6702303204761505,7.138230082760954e-05
"R, n=14",7,1,random,50,0.6848718688375701,0.003076623446926003
"R, n=14",7,1,random,100,0.7058002305514242,0.0021478933651913144
"R, n=14",7,1,random,200,0.7966361757347173,0.006471087455703007
"R, n=14",7,1,random,300,0.9153411081150779,0.13285576739736463
"R, n=14",7,1,none,0,0.636325122121317,0.00016202432917727353
"R, n=14",7,1,none,10,0.622181339452351,0.00030435388631249523
"R, n=14",7,1,none,25,0.6554124072861485,0.0006171901575909155
"R, n=14",7,1,none,50,0.6688166623500027,0.0006840798422912655
"R, n=14",7,1,none,100,0.7278724881398856,0.0057617598361502185
"R, n=14",7,1,none,200,0.8573124126488185,0.051320135872087294
"R, n=14",7,1,none,300,0.9958788960251072,0.9384575701196304
"R, n=14",8,0,qaoa,0,0.7224524832366104,2.3678986202667967e-05
"R, n=14",8,0,qaoa,10,0.6999355161453616,6.382868150086924e-14
"R, n=14",8,0,qaoa,25,0.712751785817695,2.9667156226463654e-12
"R, n=14",8,0,qaoa,50,0.673366086622159,1.18788457352842e-06
"R, n=14",8,0,qaoa,100,0.7386999497805948,0.007597971240896961
"R, n=14",8,0,qaoa,200,0.8623018969133254,0.05496167860355928
"R, n=14",8,0,qaoa,300,0.9918450560202295,0.8953834295595622
"R, n=14",8,0,random,0,0.6195996561701238,4.4244103183354415e-08
"R, n=14",8,0,random,10,0.6320571336986702,0.0001284293896682766
"R, n=14",8,0,random,25,0.6570739595342765,0.00036951535267617434
"R, n=14",8,0,random,50,0.641852702720799,0.0007442132153362484
"R, n=14",8,0,random,100,0.6823928263056807,0.0007645993360659401
"R, n=14",8,0,random,200,0.7150335226455364,0.0058477108409118305
"R, n=14",8,0,random,300,0.9897152928669445,0.8561515029959772
"R, n=14",8,0,none,0,0.5648818939020241,0.0002371429153060331
"R, n=14",8,0,none,10,0.6137102816482087,0.0002281545384592119
"R, n=14",8,0,none,25,0.6545608599335928,0.001061143210568287
"R, n=14",8,0,none,50,0.6593112791410939,0.0008321482640589322
"R, n=14",8,0,none,100,0.7158588545163611,0.005542030669741662
"R, n=14",8,0,none,200,0.870107640911171,0.04525276668408084
"R, n=14",8,0,none,300,0.9874367929641041,0.8971102674121659
"R, n=14",8,1,qaoa,0,0.7206573311271781,1.0307230286482068e-06
"R, n=14",8,1,qaoa,10,0.7372375235105548,0.001047883862694757
"R, n=14",8,1,qaoa,25,0.7038817824589707,0.0022392861780597285
"R, n=14",8,1,qaoa,50,0.7389862700061294,0.004425509886985036
"R, n=14",8,1,qaoa,100,0.7554448544947602,0.009325266153687615
"R, n=14",8,1,qaoa,200,0.857422116171445,0.03875091089468651
"R, n=14",8,1,qaoa,300,0.9883401277564228,0.8882214554930669
"R, n=14",8,1,random,0,0.6094435718841685,1.581309608051134e-05
"R, n=14",8,1,random,10,0.6110934420041296,4.3430711372448e-06
"R, n=14",8,1,random,25,0.6285930441529691,0.000920237724362779
"R, n=14",8,1,random,50,0.6558524376310146,0.0012097032692352254
"R, n=14",8,1,random,100,0.6656450859128303,0.001522183056880916
"R, n=14",8,1,random,200,0.7328186549717225,0.012576716214779925
"R, n=14",8,1,random,300,0.9876827561869905,0.8793839829134376
"R, n=14",8,1,none,0,0.5665522194100299,0.00024131139434808435
"R, n=14",8,1,none,10,0.6099466860903598,0.00023306661889530695
"R, n=14",8,1,none,25,0.6287321166588695,0.0006109014089384163
"R, n=14",8,1,none,50,0.6417578204733367,0.0011579949767650513
"R, n=14",8,1,none,100,0.7306950092044828,0.0082492498544895
"R, n=14",8,1,none,200,0.8754058736499098,0.04488408752798499
"R, n=14",8,1,none,300,0.9379613805014272,4.950956592472958e-06
"R, n=14",9,0,qaoa,0,0.769894605326997,0.04036869689496416
"R, n=14",9,0,qaoa,10,0.7221632747987478,4.3899686069425e-05
"R, n=14",9,0,qaoa,25,0.692767732084567,0.0003418689227456625
"R, n=14",9,0,qaoa,50,0.681654296643665,0.0018367294879949108
"R, n=14",9,0,qaoa,100,0.6903054523229624,0.0022443850723761175
"R, n=14",9,0,qaoa,200,0.7372472003019273,0.005625992004490202
"R, n=14",9,0,qaoa,300,0.9853328929264428,0.8987170153416428
"R, n=14",9,0,random,0,0.6670723821205987,3.248480757456818e-07
"R, n=14",9,0,random,10,0.6941739582944915,0.00010438254580346666
"R, n=14",9,0,random,25,0.6663266009004823,0.000151446570533885
"R, n=14",9,0,random,50,0.668554758778061,0.0009689476606913563
"R, n=14",9,0,random,100,0.6898579090006192,0.0019237059386247603
"R, n=14",9,0,random,200,0.7459429818421701,0.006620682492570263
"R, n=14",9,0,random,300,0.878411650049256,0.003219813173003209
"R, n=14",9,0,none,0,0.6631929843012905,0.0003943556882959232
"R, n=14",9,0,none,10,0.6489605136508115,0.0005983735184099454
"R, n=14",9,0,none,25,0.6408896836983884,0.0009748781984366159
"R, n=14",9,0,none,50,0.6461848963022274,0.001147585267716111
"R, n=14",9,0,none,100,0.6467703395473244,0.0011189440729904498
"R, n=14",9,0,none,200,0.762489443644361,0.01279038522717778
"R, n=14",9,0,none,300,0.9944990904632643,0.9495298761510015
"R, n=14",9,1,qaoa,0,0.7694533269600846,0.037735193035821527
"R, n=14",9,1,qaoa,10,0.674083552043565,9.505938345527003e-06
"R, n=14",9,1,qaoa,25,0.7395251448259053,0.0002702618332437415
"R, n=14",9,1,qaoa,50,0.6725207577806842,0.0014333945484592988
"R, n=14",9,1,qaoa,100,0.693616822759404,0.0037011171489481813
"R, n=14",9,1,qaoa,200,0.74858352437881,0.005881569201078264
"R, n=14",9,1,qaoa,300,0.891640573415378,0.0020485624764435754
"R, n=14",9,1,random,0,0.6847647188091031,0.009020635414784539
"R, n=14",9,1,random,10,0.6882533121491036,0.0019576599495939625
"R, n=14",9,1,random,25,0.7028678187177988,0.004221503044149486
"R, n=14",9,1,random,50,0.6806276852727463,0.002740298989756795
"R, n=14",9,1,random,100,0.6985662532794356,0.002517051923554191
"R, n=14",9,1,random,200,0.7385296463269273,0.004626914952048722
"R, n=14",9,1,random,300,0.9165805837477029,7.244770127106775e-05
"R, n=14",9,1,none,0,0.6717541715153335,0.00026874804487736053
"R, n=14",9,1,none,10,0.6514442571956109,0.0005729660987583693
"R, n=14",9,1,none,25,0.6451768529153417,0.0007634779351918004
"R, n=14",9,1,none,50,0.6472808408802939,0.0009313775368834001
"R, n=14",9,1,none,100,0.6448485066444648,0.0011601104942489575
"R, n=14",9,1,none,200,0.6554538995980812,0.0010671727130081264
"R, n=14",9,1,none,300,0.9935239286992518,0.9373234185966345
"R, n=14",10,0,qaoa,0,0.6511849016310234,4.153918378642352e-05
"R, n=14",10,0,qaoa,10,0.6627080376603781,0.0041878371876905825
"R, n=14",10,0,qaoa,25,0.6974552254255513,0.0033839190113314314
"R, n=14",10,0,qaoa,50,0.7075656427312527,0.0034414208759363553
"R, n=14",10,0,qaoa,100,0.7486948351764975,0.008596821217503443
"R, n=14",10,0,qaoa,200,0.8631132865049786,0.11304304674098668
"R, n=14",10,0,qaoa,300,0.9936784914857411,0.9421516195546281
"R, n=14",10,0,random,0,0.6121545635862962,2.660278536001528e-06
"R, n=14",10,0,random,10,0.6738365031949486,0.005827758439734251
"R, n=14",10,0,random,25,0.711078644665626,0.0033516616881475803
"R, n=14",10,0,random,50,0.7224229141068228,0.005309990789669365
"R, n=14",10,0,random,100,0.7404294628221552,0.009177996762126443
"R, n=14",10,0,random,200,0.8650828085749105,0.16868541857898542
"R, n=14",10,0,random,300,0.9963315097507647,0.9679913432189359
"R, n=14",10,0,none,0,0.6502711321587635,0.0004128164619413117
"R, n=14",10,0,none,10,0.6373615429912203,0.0005492770441447098
"R, n=14",10,0,none,25,0.6547528160021197,0.0012983486937404648
"R, n=14",10,0,none,50,0.6670984400661455,0.0019848121350589127
"R, n=14",10,0,none,100,0.7544203759891813,0.010338851154086632
"R, n=14",10,0,none,200,0.8735586065447734,0.1317106893499292
"R, n=14",10,0,none,300,0.99666699557048,0.9556733717025965
"R, n=14",10,1,qaoa,0,0.6698227084917157,3.578831533966857e-08
"R, n=14",10,1,qaoa,10,0.719789456496893,0.0013998645195275662
"R, n=14",10,1,qaoa,25,0.7244691997037799,0.0011258994132720913
"R, n=14",10,1,qaoa,50,0.7259268175309666,0.0063841603850039045
"R, n=14",10,1,qaoa,100,0.7503588881015811,0.009869451847703346
"R, n=14",10,1,qaoa,200,0.8611372801844872,0.11184093182405654
"R, n=14",10,1,qaoa,300,0.9962195334547169,0.9646610399097139
"R, n=14",10,1,random,0,0.6318088062058633,2.3858741320504983e-11
"R, n=14",10,1,random,10,0.7285870293543306,3.846941233305888e-08
"R, n=14",10,1,random,25,0.7029525205716103,0.00021014530071447634
"R, n=14",10,1,random,50,0.7019014581302029,0.0010683711393955962
"R, n=14",10,1,random,100,0.7146887901866945,0.0014769547490395365
"R, n=14",10,1,random,200,0.783963228097456,0.002461744790850596
"R, n=14",10,1,random,300,0.9229402628911679,0.005804803236450196
"R, n=14",10,1,none,0,0.6524056626815029,0.0003737088946137815
"R, n=14",10,1,none,10,0.6353674366864106,0.0005604545272426993
"R, n=14",10,1,none,25,0.6602980279897273,0.0017359098757353583
"R, n=14",10,1,none,50,0.669585639506415,0.0024535766173350614
"R, n=14",10,1,none,100,0.7419640295453744,0.0047715618277392405
"R, n=14",10,1,none,200,0.863686811520057,0.10013337317108148
"R, n=14",10,1,none,300,0.9955425372830337,0.962400539332063
"R, n=14",11,0,qaoa,0,0.8672929840007318,0.29086401380698584
"R, n=14",11,0,qaoa,10,0.8351328513611405,0.29965040759017125
"R, n=14",11,0,qaoa,25,0.8480893326926474,0.15653805395039855
"R, n=14",11,0,qaoa,50,0.8309993897986281,0.13200885350554942
"R, n=14",11,0,qaoa,100,0.8551233935095157,0.21524525919412169
"R, n=14",11,0,qaoa,200,0.9081521341794766,0.35787365596286524
"R, n=14",11,0,qaoa,300,0.9943930256689834,0.9461606331310005
"R, n=14",11,0,random,0,0.7239622664854873,0.04337102456090035
"R, n=14",11,0,random,10,0.8136945084505703,0.19774226751361337
"R, n=14",11,0,random,25,0.8028964323125398,0.13074830103020368
"R, n=14",11,0,random,50,0.8237895615022499,0.15040431625951542
"R, n=14",11,0,random,100,0.8430895526217492,0.19816141872913803
"R, n=14",11,0,random,200,0.8876542346730307,0.32392894079846246
"R, n=14",11,0,random,300,0.9951571514727392,0.9623803985022785
"R, n=14",11,0,none,0,0.7817871683404853,0.14786312829746293
"R, n=14",11,0,none,10,0.7595469227962384,0.11576168667180703
"R, n=14",11,0,none,25,0.7497418804824041,0.08044504629646843
"R, n=14",11,0,none,50,0.7609725844995815,0.0960713669813362
"R, n=14",11,0,none,100,0.8211387725559166,0.12298164500628112
"R, n=14",11,0,none,200,0.8999398062778544,0.2805741785264353
"R, n=14",11,0,none,300,0.9959849284903743,0.9632494128174789
"R, n=14",11,1,qaoa,0,0.8554636198116224,0.2012344831322448
"R, n=14",11,1,qaoa,10,0.8620404006737143,0.17275745022809477
"R, n=14",11,1,qaoa,25,0.8793315543441593,0.2705990163681981
"R, n=14",11,1,qaoa,50,0.8525868001206126,0.22233570697180166
"R, n=14",11,1,qaoa,100,0.8754478745934972,0.20740485180874424
"R, n=14",11,1,qaoa,200,0.9257576469428304,0.4319410575026895
"R, n=14",11,1,qaoa,300,0.9938767504096444,0.9502624114778923
"R, n=14",11,1,random,0,0.7365710057117854,0.08877548190343226
"R, n=14",11,1,random,10,0.7765556890541716,0.20345964737451122
"R, n=14",11,1,random,25,0.7788791603419122,0.1501766139286192
"R, n=14",11,1,random,50,0.7854337375645792,0.13098837251832693
"R, n=14",11,1,random,100,0.814837969682904,0.14099190124563057
"R, n=14",11,1,random,200,0.8788216554968864,0.2710803456272467
"R, n=14",11,1,random,300,0.9958682054756784,0.9710036301726497
"R, n=14",11,1,none,0,0.7681281149723811,0.12872321854305532
"R, n=14",11,1,none,10,0.7505825709612481,0.10144864931371211
"R, n=14",11,1,none,25,0.742555019536876,0.0851605138007759
"R, n=14",11,1,none,50,0.7432008771455327,0.08561402725340936
"R, n=14",11,1,none,100,0.7888722565554707,0.1132269683423866
"R, n=14",11,1,none,200,0.914430880600529,0.38323148748472924
"R, n=14",11,1,none,300,0.9945345092023646,0.9613665936222517
"H, n=12",0,0,qaoa,0,0.8069069056102793,0.00037199028382800943
"H, n=12",0,0,qaoa,10,0.8268828492882512,0.008939973880440153
"H, n=12",0,0,qaoa,25,0.8459652454712339,0.03958466859385003
"H, n=12",0,0,qaoa,50,0.8460997470491145,0.03854071042420943
"H, n=12",0,0,qaoa,100,0.8604141246180438,0.03658137569978791
"H, n=12",0,0,qaoa,200,0.9158301425193034,0.1778031771463624
"H, n=12",0,0,qaoa,300,0.9953671141989868,0.936367887198538
"H, n=12",0,0,random,0,0.721596963646297,2.5316998740391236e-07
"H, n=12",0,0,random,10,0.7583847414604044,0.0018020428038235062
"H, n=12",0,0,random,25,0.7738318537791338,0.003235521487289655
"H, n=12",0,0,random,50,0.7798283659053806,0.004186002266029546
"H, n=12",0,0,random,100,0.8179293715137669,0.0174892237792473
"H, n=12",0,0,random,200,0.879157281876537,0.048661373881663264
"H, n=12",0,0,random,300,0.9933188990462344,0.9284797711203218
"H, n=12",0,0,none,0,0.6828144302924986,0.0014043733559834487
"H, n=12",0,0,none,10,0.7104903948059789,0.0031353830529163886
"H, n=12",0,0,none,25,0.7376270534644876,0.004401835995860057
"H, n=12",0,0,none,50,0.7384643694031825,0.004899628721159547
"H, n=12",0,0,none,100,0.7363714543285844,0.004783556949299134
"H, n=12",0,0,none,200,0.8250363622661121,0.001922558147880964
"H, n=12",0,0,none,300,0.9523857728402777,0.0010933835575972933
"H, n=12",0,1,qaoa,0,0.8003822408982035,0.00039502278116840175
"H, n=12",0,1,qaoa,10,0.7891439765260335,0.002457359799451224
"H, n=12",0,1,qaoa,25,0.749591656367074,0.004916459379075966
"H, n=12",0,1,qaoa,50,0.7370370742841533,0.0023930461473744063
"H, n=12",0,1,qaoa,100,0.792134733899774,0.015149144350302717
"H, n=12",0,1,qaoa,200,0.918435730265289,0.2023140015538762
"H, n=12",0,1,qaoa,300,0.9953501369361046,0.9459028046223991
"H, n=12",0,1,random,0,0.7265295505791041,0.013363370236019512
"H, n=12",0,1,random,10,0.779358260619749,0.01640942564076359
"H, n=12",0,1,random,25,0.7486712615565401,0.0021889173515942514
"H, n=12",0,1,random,50,0.7992236155913758,0.024241761745470762
"H, n=12",0,1,random,100,0.8183825748876647,0.017501186417551443
"H, n=12",0,1,random,200,0.8895834431210228,0.13833690897636633
"H, n=12",0,1,random,300,0.9971485028030846,0.9748714324942375
"H, n=12",0,1,none,0,0.671102279433295,0.0008500390846782127
"H, n=12",0,1,none,10,0.7130455287246695,0.0037654406912328315
"H, n=12",0,1,none,25,0.7325209261510811,0.0027801788702828687
"H, n=12",0,1,none,50,0.7389118526955284,0.0035276858076516426
"H, n=12",0,1,none,100,0.7972927595699609,0.006668294659452194
"H, n=12",0,1,none,200,0.8833863633942766,0.07829160418595167
"H, n=12",0,1,none,300,0.9979067517336825,0.9775721334011563
"H, n=12",1,0,qaoa,0,0.8492471651552573,0.0006412155871921623
"H, n=12",1,0,qaoa,10,0.7960319153450681,0.008701189075979263
"H, n=12",1,0,qaoa,25,0.7854594118446365,0.0005624155009651044
"H, n=12",1,0,qaoa,50,0.8376724822974221,0.02505903805706942
"H, n=12",1,0,qaoa,100,0.8509074012401298,0.05335942031302421
"H, n=12",1,0,qaoa,200,0.9167118373851213,0.24330493819627652
"H, n=12",1,0,qaoa,300,0.9916699523341364,0.9063627226599852
"H, n=12",1,0,random,0,0.7745770553357308,0.005608576362802925
"H, n=12",1,0,random,10,0.7697954812920136,0.006783287696304468
"H, n=12",1,0,random,25,0.7755205130572853,0.010766691491462022
"H, n=12",1,0,random,50,0.7903035691976512,0.01099254794689717
"H, n=12",1,0,random,100,0.7940162583495878,0.013141770673283548
"H, n=12",1,0,random,200,0.8433742053774067,0.029098726604698328
"H, n=12",1,0,random,300,0.9488281853046758,6.648926117920665e-06
"H, n=12",1,0,none,0,0.6568176871874889,0.0025695339580720762
"H, n=12",1,0,none,10,0.7321842309999469,0.0051681980726338205
"H, n=12",1,0,none,25,0.7485095315484475,0.007220641956640444
"H, n=12",1,0,none,50,0.7891873800993244,0.013846114402666731
"H, n=12",1,0,none,100,0.7906776586588815,0.015541515790898264
"H, n=12",1,0,none,200,0.820874275091884,0.018844981551371914
"H, n=12",1,0,none,300,0.9517549976962063,9.030864050009937e-06
"H, n=12",1,1,qaoa,0,0.8405205961504849,0.016851655334913347
"H, n=12",1,1,qaoa,10,0.8349428924471689,0.02219108497312287
"H, n=12",1,1,qaoa,25,0.8325206974530488,0.02970319408262619
"H, n=12",1,1,qaoa,50,0.8370653024749242,0.04719455163975814
"H, n=12",1,1,qaoa,100,0.8473540041573274,0.06952060089403932
"H, n=12",1,1,qaoa,200,0.9197434642052861,0.25703979954671224
"H, n=12",1,1,qaoa,300,0.9925238276637558,0.9095834439529027
"H, n=12",1,1,random,0,0.7891087951294806,0.01851421880845559
"H, n=12",1,1,random,10,0.7885734858943727,0.023820834871712344
"H, n=12",1,1,random,25,0.8289487613713007,0.04769308857791707
"H, n=12",1,1,random,50,0.8249715490417648,0.05503614543443636
"H, n=12",1,1,random,100,0.853108693793844,0.10603511729061112
"H, n=12",1,1,random,200,0.927287143786204,0.3198552017450676
"H, n=12",1,1,random,300,0.9920396233514615,0.9141032569991293
"H, n=12",1,1,none,0,0.6876568979505273,0.0038680108734588698
"H, n=12",1,1,none,10,0.7281890132856498,0.0054347589244440175
"H, n=12",1,1,none,25,0.7998819592338086,0.012413605195952464
"H, n=12",1,1,none,50,0.7866147837232069,0.014043397071971022
"H, n=12",1,1,none,100,0.798421944950497,0.01525953565664024
"H, n=12",1,1,none,200,0.8128005883737247,0.019419479689388095
"H, n=12",1,1,none,300,0.949776640724147,0.00036209921795304483
"H, n=12",2,0,qaoa,0,0.7472489302581626,0.04821534451231965
"H, n=12",2,0,qaoa,10,0.8273513334826472,0.09397913664977275
"H, n=12",2,0,qaoa,25,0.7948025743293283,0.016937192480202635
"H, n=12",2,0,qaoa,50,0.7740713561518445,0.024722756229759717
"H, n=12",2,0,qaoa,100,0.8066954288498553,0.04793026833620195
"H, n=12",2,0,qaoa,200,0.9193018268462947,0.37261070524730044
"H, n=12",2,0,qaoa,300,0.9946648276655896,0.9239938078095873
"H, n=12",2,0,random,0,0.6843128669482317,9.169245224117725e-06
"H, n=12",2,0,random,10,0.7330466049730819,0.0029367173920486836
"H, n=12",2,0,random,25,0.7405129421776921,0.010064156418219259
"H, n=12",2,0,random,50,0.7408433867863093,0.01032448238672671
"H, n=12",2,0,random,100,0.7467737263201326,0.011770472547263853
"H, n=12",2,0,random,200,0.8584258434623061,0.13806961889121552
"H, n=12",2,0,random,300,0.9940189918493061,0.9425800742889218
"H, n=12",2,0,none,0,0.7085018058646396,0.0022524997894882368
"H, n=12",2,0,none,10,0.7277727742508373,0.005907747841081891
"H, n=12",2,0,none,25,0.7408491375639685,0.011442781937381746
"H, n=12",2,0,none,50,0.7395418717770752,0.011340372426139505
"H, n=12",2,0,none,100,0.7769388215984967,0.02244472773553111
"H, n=12",2,0,none,200,0.8202633145083933,0.032658503698142854
"H, n=12",2,0,none,300,0.993746764678048,0.9148991830935053
"H, n=12",2,1,qaoa,0,0.7677655252704854,0.0008630892512795507
"H, n=12",2,1,qaoa,10,0.8277776237773109,0.021596549827743325
"H, n=12",2,1,qaoa,25,0.7893436597272467,0.019322193633830004
"H, n=12",2,1,qaoa,50,0.8082565366645553,0.08026008834173186
"H, n=12",2,1,qaoa,100,0.8236162729323317,0.08599676308625215
"H, n=12",2,1,qaoa,200,0.9096943476411189,0.2989052081560686
"H, n=12",2,1,qaoa,300,0.9934759304121747,0.9328641749872918
"H, n=12",2,1,random,0,0.7114086137493824,2.7971859037391074e-05
"H, n=12",2,1,random,10,0.7926770262558019,2.6825250439471605e-05
"H, n=12",2,1,random,25,0.7859437120710243,0.0002485909174594723
"H, n=12",2,1,random,50,0.7763532120945376,0.013373286803983636
"H, n=12",2,1,random,100,0.7955903894492549,0.02209365733094857
"H, n=12",2,1,random,200,0.8948875432250566,0.19387435335936345
"H, n=12",2,1,random,300,0.9910366564564155,0.8726542433095626
"H, n=12",2,1,none,0,0.7063095300475474,0.0016891573628094855
"H, n=12",2,1,none,10,0.7275301699928647,0.005618337602572547
"H, n=12",2,1,none,25,0.741576977533539,0.010292759721973011
"H, n=12",2,1,none,50,0.738256530326664,0.010015210000898927
"H, n=12",2,1,none,100,0.7760767165984983,0.022036866017636107
"H, n=12",2,1,none,200,0.8292267329273552,0.04755045837295957
"H, n=12",2,1,none,300,0.9957517415229278,0.9518715841574186
"H, n=12",3,0,qaoa,0,0.8533941347651297,5.7918505201857944e-05
"H, n=12",3,0,qaoa,10,0.8590750164240695,0.008071641501486461
"H, n=12",3,0,qaoa,25,0.862157246060189,0.008674199672893276
"H, n=12",3,0,qaoa,50,0.8430602685086764,0.006415871176463305
"H, n=12",3,0,qaoa,100,0.8544377430512278,0.01598148928000464
"H, n=12",3,0,qaoa,200,0.9024238661239301,0.061876562625209144
"H, n=12",3,0,qaoa,300,0.9933571736847268,0.8943597938167439
"H, n=12",3,0,random,0,0.7735222315531293,0.00012974546824388742
"H, n=12",3,0,random,10,0.8764719585173936,4.638106305331637e-06
"H, n=12",3,0,random,25,0.8395566772857764,9.059702757072247e-07
"H, n=12",3,0,random,50,0.8047721356349573,0.0031050554314106956
"H, n=12",3,0,random,100,0.813713289723873,0.009584793874912933
"H, n=12",3,0,random,200,0.8711908107222182,0.025286865885626605
"H, n=12",3,0,random,300,0.9882154971061345,0.7869814273312189
"H, n=12",3,0,none,0,0.7149315864739704,0.0008958177596161207
"H, n=12",3,0,none,10,0.8123232404984213,0.0009075273544363965
"H, n=12",3,0,none,25,0.8121014853706828,0.0010128957527558039
"H, n=12",3,0,none,50,0.8035547801408439,0.0024253888541784802
"H, n=12",3,0,none,100,0.8071781114557351,0.005796368541957676
"H, n=12",3,0,none,200,0.8563813310427527,0.0035824244122244523
"H, n=12",3,0,none,300,0.9484726777116922,2.799675113980979e-10
"H, n=12",3,1,qaoa,0,0.8553687666706982,0.00048659683593280095
"H, n=12",3,1,qaoa,10,0.8366027807378063,1.1024603151228049e-05
"H, n=12",3,1,qaoa,25,0.8110076729180177,0.0034219986409196614
"H, n=12",3,1,qaoa,50,0.8129173338389681,0.003620645683661557
"H, n=12",3,1,qaoa,100,0.832307001529438,0.006749051960999069
"H, n=12",3,1,qaoa,200,0.8992449988155848,0.027748811582981564
"H, n=12",3,1,qaoa,300,0.9957820404711063,0.9307038495981806
"H, n=12",3,1,random,0,0.8101268603488719,2.4541592638654986e-06
"H, n=12",3,1,random,10,0.8329136869899207,2.564326880699254e-05
"H, n=12",3,1,random,25,0.8033019030085362,0.001590235601995261
"H, n=12",3,1,random,50,0.8044710585357878,0.0025718651429878867
"H, n=12",3,1,random,100,0.8285212470239951,0.004672600943174459
"H, n=12",3,1,random,200,0.877187046452358,0.015607428714936417
"H, n=12",3,1,random,300,0.9500647732488018,0.24847835566323315
"H, n=12",3,1,none,0,0.6980045288067878,0.0006481701809226022
"H, n=12",3,1,none,10,0.8110417911340599,0.0008389076907012775
"H, n=12",3,1,none,25,0.8056404052527557,0.001164403610193646
"H, n=12",3,1,none,50,0.800219287101066,0.003839155821741597
"H, n=12",3,1,none,100,0.8162788661904312,0.006983445454487471
"H, n=12",3,1,none,200,0.858933991939943,0.005865585861103358
"H, n=12",3,1,none,300,0.9496554110531777,0.0006402402067693479
"H, n=12",4,0,qaoa,0,0.841742639368184,0.07488553443446533
"H, n=12",4,0,qaoa,10,0.8620034916142463,0.13658499071756874
"H, n=12",4,0,qaoa,25,0.8298267849163545,0.08264329868084555
"H, n=12",4,0,qaoa,50,0.8476561712697179,0.11826342355593733
"H, n=12",4,0,qaoa,100,0.840614932379439,0.1486377589351832
"H, n=12",4,0,qaoa,200,0.936295470809439,0.4775174072429498
"H, n=12",4,0,qaoa,300,0.9955357256538226,0.9531159081320406
"H, n=12",4,0,random,0,0.6774096922993026,0.004717929703502528
"H, n=12",4,0,random,10,0.7761449159717316,0.06918400640874313
"H, n=12",4,0,random,25,0.8095139460966264,0.13537890089670518
"H, n=12",4,0,random,50,0.7949916283509288,0.08380593360696861
"H, n=12",4,0,random,100,0.8336444948910162,0.14997709127793554
"H, n=12",4,0,random,200,0.9350342435034441,0.4913105724893321
"H, n=12",4,0,random,300,0.9970797750330385,0.9777620545799147
"H, n=12",4,0,none,0,0.6787370177837899,0.006050274463629691
"H, n=12",4,0,none,10,0.6899973953150478,0.008224763248397247
"H, n=12",4,0,none,25,0.7249261379208294,0.03074624580450662
"H, n=12",4,0,none,50,0.7182139612332717,0.022281714024471537
"H, n=12",4,0,none,100,0.7361327536762459,0.030620250127468066
"H, n=12",4,0,none,200,0.9247384680562373,0.4406771782943698
"H, n=12",4,0,none,300,0.9994300943185008,0.9969813757627702
"H, n=12",4,1,qaoa,0,0.8376213165212675,0.08788577633734475
"H, n=12",4,1,qaoa,10,0.8067582240143043,0.04194218928448038
"H, n=12",4,1,qaoa,25,0.79499970461777,0.06707814031562687
"H, n=12",4,1,qaoa,50,0.7973924389444984,0.07448491744456391
"H, n=12",4,1,qaoa,100,0.8329502171684088,0.11281120699311617
"H, n=12",4,1,qaoa,200,0.9337939262616174,0.45070965911547445
"H, n=12",4,1,qaoa,300,0.9963879239408087,0.963198485112047
"H, n=12",4,1,random,0,0.6933436731106312,0.019562527662524472
"H, n=12",4,1,random,10,0.7398910618164025,0.05140274900910316
"H, n=12",4,1,random,25,0.7819748524810246,0.08526724124791576
"H, n=12",4,1,random,50,0.7771769482943842,0.07291859641100563
"H, n=12",4,1,random,100,0.8141283188343338,0.134109687685446
"H, n=12",4,1,random,200,0.9404863969289217,0.5621908292675246
"H, n=12",4,1,random,300,0.9984852908579211,0.9859250048275159
"H, n=12",4,1,none,0,0.6753061296028005,0.002785744270070871
"H, n=12",4,1,none,10,0.6851792433088274,0.008948785756285086
"H, n=12",4,1,none,25,0.7038199073524789,0.013364075138118096
"H, n=12",4,1,none,50,0.7251510430918063,0.02769717695330342
"H, n=12",4,1,none,100,0.8068833648149912,0.08937138615564695
"H, n=12",4,1,none,200,0.9017372609434438,0.3039529083016112
"H, n=12",4,1,none,300,0.998845048503631,0.9916886546725026
"H, n=12",5,0,qaoa,0,0.7906535090060655,0.03920438580313159
"H, n=12",5,0,qaoa,10,0.8102339375649287,0.08289616334466057
"H, n=12",5,0,qaoa,25,0.8488130584832478,0.17274113476481823
"H, n=12",5,0,qaoa,50,0.8576329797182565,0.15615379308420962
"H, n=12",5,0,qaoa,100,0.8342927787715209,0.06826434782581722
"H, n=12",5,0,qaoa,200,0.9290799610809027,0.2869611896070701
"H, n=12",5,0,qaoa,300,0.9946747275099417,0.9436983951135198
"H, n=12",5,0,random,0,0.7073914551011921,1.3005918764156608e-07
"H, n=12",5,0,random,10,0.7662307860803735,0.00021934308396793438
"H, n=12",5,0,random,25,0.78327138965551,0.025986776422149974
"H, n=12",5,0,random,50,0.7865949681616096,0.02112695040662743
"H, n=12",5,0,random,100,0.8194538646004579,0.030942665080291837
"H, n=12",5,0,random,200,0.9223852022355438,0.24734260373357647
"H, n=12",5,0,random,300,0.9964434881631938,0.9674066376943246
"H, n=12",5,0,none,0,0.6966440710479599,0.0014156072409082458
"H, n=12",5,0,none,10,0.6946617065766139,0.0017579348740730237
"H, n=12",5,0,none,25,0.7132814212543931,0.004238727448794777
"H, n=12",5,0,none,50,0.7268113620999932,0.0036609076057209132
"H, n=12",5,0,none,100,0.7534138571173663,0.004153475676316682
"H, n=12",5,0,none,200,0.9289523922210159,0.2832425005956396
"H, n=12",5,0,none,300,0.9987020390082151,0.9890849930706427
"H, n=12",5,1,qaoa,0,0.792998295527945,0.0004245438504163647
"H, n=12",5,1,qaoa,10,0.7385564717068824,0.0059270286895883265
"H, n=12",5,1,qaoa,25,0.7206388763671627,0.002772450877583721
"H, n=12",5,1,qaoa,50,0.7311047971122179,0.0026063474812278104
"H, n=12",5,1,qaoa,100,0.7496533279101769,0.004242552768626879
"H, n=12",5,1,qaoa,200,0.8188349294513586,0.013654193634177901
"H, n=12",5,1,qaoa,300,0.9528178386410515,0.00011072339438972841
"H, n=12",5,1,random,0,0.693329475937907,2.7662711160647193e-05
"H, n=12",5,1,random,10,0.7217690227084333,0.0010025020872100265
"H, n=12",5,1,random,25,0.7123777294479984,0.009097971771173954
"H, n=12",5,1,random,50,0.7090728424408363,0.005145168145286112
"H, n=12",5,1,random,100,0.7249577806155908,0.005289444550337126
"H, n=12",5,1,random,200,0.8170088834491518,0.02319751890759533
"H, n=12",5,1,random,300,0.9671842465105494,0.5881541168539324
"H, n=12",5,1,none,0,0.6966146543041054,0.0016224062903527196
"H, n=12",5,1,none,10,0.695216309763637,0.0018622269083744584
"H, n=12",5,1,none,25,0.7067395161181476,0.0037641991788079365
"H, n=12",5,1,none,50,0.7341353594665896,0.0037548711088693757
"H, n=12",5,1,none,100,0.7694981530205043,0.00466083189414798
"H, n=12",5,1,none,200,0.9305756173353642,0.28832550225740106
"H, n=12",5,1,none,300,0.998282345328116,0.9805074800247399
"H, n=12",6,0,qaoa,0,0.8363367580615748,0.04391069181711175
"H, n=12",6,0,qaoa,10,0.8074427700752775,0.022099260359659596
"H, n=12",6,0,qaoa,25,0.8078886558721166,0.0187333055124441
"H, n=12",6,0,qaoa,50,0.8067399120095045,0.01640608467782984
"H, n=12",6,0,qaoa,100,0.8159260478347387,0.01903897169426868
"H, n=12",6,0,qaoa,200,0.8578002754236012,0.06434310219452222
"H, n=12",6,0,qaoa,300,0.9965919940588261,0.9593304331783814
"H, n=12",6,0,random,0,0.7518704294296144,0.0001691662223626922
"H, n=12",6,0,random,10,0.8149560825763489,0.007079395126309115
"H, n=12",6,0,random,25,0.8214099617798044,0.010606080357543204
"H, n=12",6,0,random,50,0.8194036379286843,0.01892473494379624
"H, n=12",6,0,random,100,0.8317050529742207,0.014830749392211337
"H, n=12",6,0,random,200,0.8882717074178956,0.09112782927279595
"H, n=12",6,0,random,300,0.9916382662332759,0.8772996035133677
"H, n=12",6,0,none,0,0.7488419335261198,0.005656650946148579
"H, n=12",6,0,none,10,0.7927723802777009,0.017289418290689876
"H, n=12",6,0,none,25,0.7930064324226729,0.01607236930778703
"H, n=12",6,0,none,50,0.8071805449624312,0.021532397925384604
"H, n=12",6,0,none,100,0.8141684655448848,0.021723776377059273
"H, n=12",6,0,none,200,0.868708657528425,0.06101604661461827
"H, n=12",6,0,none,300,0.9971359243109166,0.9500844531173264
"H, n=12",6,1,qaoa,0,0.8179321245288491,0.012389844172808681
"H, n=12",6,1,qaoa,10,0.8052563155579517,0.012981134911098754
"H, n=12",6,1,qaoa,25,0.8076000355002277,0.021947093141168092
"H, n=12",6,1,qaoa,50,0.8004492532091338,0.016812081973579987
"H, n=12",6,1,qaoa,100,0.8098253319170654,0.01312190675017632
"H, n=12",6,1,qaoa,200,0.8472550294336767,0.037402314786953945
"H, n=12",6,1,qaoa,300,0.9751595535853284,0.6168352025778268
"H, n=12",6,1,random,0,0.7823915375011994,0.0001545649563907522
"H, n=12",6,1,random,10,0.8141128411117418,0.02677146609085675
"H, n=12",6,1,random,25,0.8072618570448731,0.01781220615999246
"H, n=12",6,1,random,50,0.8128721485165593,0.02004783010032172
"H, n=12",6,1,random,100,0.8243499453639983,0.021933273124660063
"H, n=12",6,1,random,200,0.8707680155465268,0.07577407238759461
"H, n=12",6,1,random,300,0.9929012922931738,0.8936223777561011
"H, n=12",6,1,none,0,0.7515246275648128,0.006356573619068719
"H, n=12",6,1,none,10,0.7947286992458749,0.017969484307077885
"H, n=12",6,1,none,25,0.8015337233432931,0.020712316589189556
"H, n=12",6,1,none,50,0.8024272269211967,0.014169860697157768
"H, n=12",6,1,none,100,0.8167386672114441,0.023622539683022727
"H, n=12",6,1,none,200,0.8758213264730025,0.0638751083113996
"H, n=12",6,1,none,300,0.9965196950338099,0.9607266094682648
"H, n=12",7,0,qaoa,0,0.8458703894444215,0.06003092311169109
"H, n=12",7,0,qaoa,10,0.8439362952115503,0.09410799099360784
"H, n=12",7,0,qaoa,25,0.827728389637015,0.07938586148843721
"H, n=12",7,0,qaoa,50,0.8189915504100248,0.07056089314458963
"H, n=12",7,0,qaoa,100,0.8455815537571999,0.09728914225111857
"H, n=12",7,0,qaoa,200,0.9116333137964658,0.2780374683091574
"H, n=12",7,0,qaoa,300,0.9955731372885908,0.9638470096132421
"H, n=12",7,0,random,0,0.7985208769880381,0.03751161794073744
"H, n=12",7,0,random,10,0.8000647261302503,0.029977956207222593
"H, n=12",7,0,random,25,0.8059986041402232,0.05800534180778123
"H, n=12",7,0,random,50,0.8264908118965995,0.07730822619884403
"H, n=12",7,0,random,100,0.8364901206284762,0.0782428523610964
"H, n=12",7,0,random,200,0.8681342017356114,0.0859065586547044
"H, n=12",7,0,random,300,0.9430921107223502,0.006141806295613095
"H, n=12",7,0,none,0,0.8060757391588456,0.030915633412096376
"H, n=12",7,0,none,10,0.7923348047445503,0.04328834818822077
"H, n=12",7,0,none,25,0.8044690684477334,0.06436206821916003
"H, n=12",7,0,none,50,0.8153696264617909,0.07375849569300327
"H, n=12",7,0,none,100,0.836295460220442,0.07675858295038099
"H, n=12",7,0,none,200,0.8971887743327833,0.16879864133448955
"H, n=12",7,0,none,300,0.9966281864259577,0.965126552817747
"H, n=12",7,1,qaoa,0,0.857482015931552,0.16474876893629867
"H, n=12",7,1,qaoa,10,0.8471658935573194,0.06595678700260148
"H, n=12",7,1,qaoa,25,0.8661725788871559,0.06597275705250152
"H, n=12",7,1,qaoa,50,0.8222666015057007,0.047596201674122915
"H, n=12",7,1,qaoa,100,0.8174274231757658,0.06651791104606473
"H, n=12",7,1,qaoa,200,0.868665048184399,0.06415402640343859
"H, n=12",7,1,qaoa,300,0.9393062222784491,0.008345939687849123
"H, n=12",7,1,random,0,0.7757691051524631,0.03951368170738775
"H, n=12",7,1,random,10,0.8441323278844636,0.06925295556492962
"H, n=12",7,1,random,25,0.7912530643795053,0.02631956653136007
"H, n=12",7,1,random,50,0.8297991777387915,0.0686900673599699
"H, n=12",7,1,random,100,0.8379791254436987,0.07076313121903914
"H, n=12",7,1,random,200,0.8952027125114979,0.11775593432386765
"H, n=12",7,1,random,300,0.9928238149664205,0.898240340767711
"H, n=12",7,1,none,0,0.8083682602957609,0.03160852014089926
"H, n=12",7,1,none,10,0.789600445330346,0.039950802540151056
"H, n=12",7,1,none,25,0.8043322753715973,0.058974069650478744
"H, n=12",7,1,none,50,0.8105496028362522,0.06096874919202992
"H, n=12",7,1,none,100,0.8262832103590905,0.06530786004800479
"H, n=12",7,1,none,200,0.8913731329957343,0.1630664811207605
"H, n=12",7,1,none,300,0.9929367627042105,0.9200414569468567
"H, n=12",8,0,qaoa,0,0.8047619010772465,2.6010415387639393e-06
"H, n=12",8,0,qaoa,10,0.8159129085330504,3.940067361456906e-08
"H, n=12",8,0,qaoa,25,0.8451335980663401,1.5197808603512524e-05
"H, n=12",8,0,qaoa,50,0.7819137540228939,0.0038112779063652264
"H, n=12",8,0,qaoa,100,0.8081957841861291,0.013455649613184458
"H, n=12",8,0,qaoa,200,0.861097851684103,0.03347323919036037
"H, n=12",8,0,qaoa,300,0.9391809068351864,0.04972993084925814
"H, n=12",8,0,random,0,0.7527467004680031,2.51263884304436e-05
"H, n=12",8,0,random,10,0.8029139415321017,0.001267666584449425
"H, n=12",8,0,random,25,0.7761797052438064,0.009667213633972525
"H, n=12",8,0,random,50,0.7870105955824873,0.006360708629768494
"H, n=12",8,0,random,100,0.7991215734868435,0.011833146792055082
"H, n=12",8,0,random,200,0.8498902811031557,0.03874014645523783
"H, n=12",8,0,random,300,0.9710525110225341,0.6082428853560156
"H, n=12",8,0,none,0,0.763529434033871,0.0010302767540172502
"H, n=12",8,0,none,10,0.7662496742958438,0.0027320852728992475
"H, n=12",8,0,none,25,0.7700090565662445,0.0036337639685346595
"H, n=12",8,0,none,50,0.7781214427273966,0.0057143476139039796
"H, n=12",8,0,none,100,0.8027085108396037,0.0145806696755651
"H, n=12",8,0,none,200,0.8595902912182304,0.026766141696687548
"H, n=12",8,0,none,300,0.9770379924423891,0.7097980576624449
"H, n=12",8,1,qaoa,0,0.8224653196869245,0.0001321544759337249
"H, n=12",8,1,qaoa,10,0.8609001184586424,0.036792111827589735
"H, n=12",8,1,qaoa,25,0.8411944457960484,0.06823955962734579
"H, n=12",8,1,qaoa,50,0.7953416019469373,0.0059852750705318486
"H, n=12",8,1,qaoa,100,0.8041569672538625,0.010056099197659707
"H, n=12",8,1,qaoa,200,0.8625534464132889,0.031153721486881412
"H, n=12",8,1,qaoa,300,0.9924000170468986,0.9061356104761129
"H, n=12",8,1,random,0,0.7565434481354726,0.0011536281381692036
"H, n=12",8,1,random,10,0.800205245184097,0.046083883779860335
"H, n=12",8,1,random,25,0.7973574788792038,0.023266912310796202
"H, n=12",8,1,random,50,0.7834540073200515,0.006403430092895686
"H, n=12",8,1,random,100,0.8113668938549564,0.024084531323088597
"H, n=12",8,1,random,200,0.8541631939008719,0.05757866473931439
"H, n=12",8,1,random,300,0.9522563829288112,0.31329227637973667
"H, n=12",8,1,none,0,0.7627365252666636,0.0010696317329630784
"H, n=12",8,1,none,10,0.765851069427921,0.0027475842886972466
"H, n=12",8,1,none,25,0.7671514527918514,0.0032213831869979882
"H, n=12",8,1,none,50,0.7792444740046224,0.004892094209682095
"H, n=12",8,1,none,100,0.8046665055563248,0.00959797209605704
"H, n=12",8,1,none,200,0.8640584853967965,0.025417812281498545
"H, n=12",8,1,none,300,0.9865820134829121,0.7978486721132755
"H, n=12",9,0,qaoa,0,0.8288578855245163,0.0006867429421049979
"H, n=12",9,0,qaoa,10,0.8410758869858632,0.05295437657586988
"H, n=12",9,0,qaoa,25,0.810994985021003,0.01842680043195155
"H, n=12",9,0,qaoa,50,0.7852339631807048,0.021875010860155777
"H, n=12",9,0,qaoa,100,0.8175812859931938,0.035994972704803466
"H, n=12",9,0,qaoa,200,0.8865796090976614,0.11030552018298313
"H, n=12",9,0,qaoa,300,0.9943643347868061,0.9239264286431716
"H, n=12",9,0,random,0,0.7289840711767579,0.00042461160160235135
"H, n=12",9,0,random,10,0.7735405621923539,0.01571812738284816
"H, n=12",9,0,random,25,0.7650850061161206,0.012153085949211115
"H, n=12",9,0,random,50,0.7592272253710504,0.015099557810304597
"H, n=12",9,0,random,100,0.7837419283988777,0.02384448377113347
"H, n=12",9,0,random,200,0.8483874518300254,0.04774347511478176
"H, n=12",9,0,random,300,0.9528940860401957,0.014650223353300414
"H, n=12",9,0,none,0,0.7459638102563716,0.0037691200142548065
"H, n=12",9,0,none,10,0.7629700046670211,0.013561983153972512
"H, n=12",9,0,none,25,0.7661183470469616,0.01663679397398673
"H, n=12",9,0,none,50,0.7671366605772829,0.018001112804870757
"H, n=12",9,0,none,100,0.7757800739812759,0.020749584311141597
"H, n=12",9,0,none,200,0.8596501341259879,0.05246051553683517
"H, n=12",9,0,none,300,0.9864652954215919,0.7537734450371437
"H, n=12",9,1,qaoa,0,0.8227092573688424,0.018092260027262434
"H, n=12",9,1,qaoa,10,0.8458407353834568,0.0006131371447341406
"H, n=12",9,1,qaoa,25,0.8308239482001732,0.0019100957387591555
"H, n=12",9,1,qaoa,50,0.8233170768805733,0.019397775981107725
"H, n=12",9,1,qaoa,100,0.8408016565114877,0.08117203646643227
"H, n=12",9,1,qaoa,200,0.9106142006439104,0.2905583807340028
"H, n=12",9,1,qaoa,300,0.9942816949141932,0.9434335236058884
"H, n=12",9,1,random,0,0.753937272733464,0.03907553309856684
"H, n=12",9,1,random,10,0.8148379167850065,0.037201446623362895
"H, n=12",9,1,random,25,0.8367325843854172,0.1314961505058429
"H, n=12",9,1,random,50,0.7777039214799519,0.021273357902997253
"H, n=12",9,1,random,100,0.796196606569821,0.02674486949113465
"H, n=12",9,1,random,200,0.8539034299330545,0.06111533686635193
"H, n=12",9,1,random,300,0.9805163081681413,0.6089784175792176
"H, n=12",9,1,none,0,0.7465095933099652,0.002085103502766967
"H, n=12",9,1,none,10,0.7704156745684259,0.015533130615910707
"H, n=12",9,1,none,25,0.7759932647996236,0.02006016893893046
"H, n=12",9,1,none,50,0.7625914481506282,0.01679038771773045
"H, n=12",9,1,none,100,0.7733390165851908,0.020407344065398167
"H, n=12",9,1,none,200,0.8366278210386288,0.04754612796160466
"H, n=12",9,1,none,300,0.9932711413782502,0.8626408725288333
"H, n=12",10,0,qaoa,0,0.8371721439082247,0.0005212088787628316
"H, n=12",10,0,qaoa,10,0.849276640591477,0.002383789011435895
"H, n=12",10,0,qaoa,25,0.8429526742530178,0.0274624063241678
"H, n=12",10,0,qaoa,50,0.8438045004326311,0.06478532965802195
"H, n=12",10,0,qaoa,100,0.8535346388362601,0.029172507880899
"H, n=12",10,0,qaoa,200,0.9064041633511849,0.11228057074614647
"H, n=12",10,0,qaoa,300,0.9955284512288398,0.9466699323485075
"H, n=12",10,0,random,0,0.7465836523772,0.0157780068903389
"H, n=12",10,0,random,10,0.813199889239129,0.013784516295531492
"H, n=12",10,0,random,25,0.8228825956343726,0.03499890465164526
"H, n=12",10,0,random,50,0.8402566120694648,0.071247987460624
"H, n=12",10,0,random,100,0.8603053710628723,0.04901231944346936
"H, n=12",10,0,random,200,0.9093351729771788,0.15187104728761158
"H, n=12",10,0,random,300,0.9924123612222229,0.8967682571468474
"H, n=12",10,0,none,0,0.7203360196192363,0.0010527074418686896
"H, n=12",10,0,none,10,0.719643166083852,0.0013938900878964146
"H, n=12",10,0,none,25,0.7389484591229419,0.0019340262277087617
"H, n=12",10,0,none,50,0.731353395251051,0.0036666373355390544
"H, n=12",10,0,none,100,0.7858894028946677,0.009499007087675343
"H, n=12",10,0,none,200,0.9058057552357539,0.1441505454041312
"H, n=12",10,0,none,300,0.9973592707664478,0.973007689213011
"H, n=12",10,1,qaoa,0,0.8229808671906251,1.0813420724616299e-06
"H, n=12",10,1,qaoa,10,0.8331917925150062,0.0030839857867151254
"H, n=12",10,1,qaoa,25,0.8559471830076518,4.768431486769336e-05
"H, n=12",10,1,qaoa,50,0.8312620438205918,0.010354861139040892
"H, n=12",10,1,qaoa,100,0.8493702532097055,0.014265801890892613
"H, n=12",10,1,qaoa,200,0.9019920038934479,0.05284060458087886
"H, n=12",10,1,qaoa,300,0.9937614975092177,0.8945056044212325
"H, n=12",10,1,random,0,0.7247863332748008,0.02027353976806378
"H, n=12",10,1,random,10,0.764890505537346,0.00012766608967124406
"H, n=12",10,1,random,25,0.7189258738625725,0.00010030684882094075
"H, n=12",10,1,random,50,0.7450015698905724,0.0017362823438173123
"H, n=12",10,1,random,100,0.7499687690698054,0.0026183919631463746
"H, n=12",10,1,random,200,0.8147851673884312,0.017174385354693122
"H, n=12",10,1,random,300,0.9678422892605879,0.621634934687769
"H, n=12",10,1,none,0,0.7225241968768681,0.0010226695719134861
"H, n=12",10,1,none,10,0.7199470996577194,0.0014909995455645738
"H, n=12",10,1,none,25,0.7271606109596584,0.003946552858240904
"H, n=12",10,1,none,50,0.7326152349756694,0.0027786694812164756
"H, n=12",10,1,none,100,0.7715796349770705,0.007026647144641058
"H, n=12",10,1,none,200,0.9094158096632403,0.10407668090160896
"H, n=12",10,1,none,300,0.9966733438922504,0.9451175950832871
"H, n=12",11,0,qaoa,0,0.8046119752972296,1.801793757641917e-13
"H, n=12",11,0,qaoa,10,0.8209342792094275,8.14676987868702e-12
"H, n=12",11,0,qaoa,25,0.8571937787708531,2.475763148943477e-07
"H, n=12",11,0,qaoa,50,0.8262711962719472,1.2355361558406545e-05
"H, n=12",11,0,qaoa,100,0.8426647916751298,0.0020777769445407854
"H, n=12",11,0,qaoa,200,0.9095488553277074,0.08196111182417413
"H, n=12",11,0,qaoa,300,0.9869806042379603,0.8655064769585458
"H, n=12",11,0,random,0,0.6718716690451514,1.9050794229399958e-08
"H, n=12",11,0,random,10,0.743449276818358,0.00366301610107729
"H, n=12",11,0,random,25,0.8014677871497019,0.03384372211324615
"H, n=12",11,0,random,50,0.8235219677935143,0.03419369474678311
"H, n=12",11,0,random,100,0.8401535312612183,0.06583520448037439
"H, n=12",11,0,random,200,0.9104720930494781,0.21612190986458402
"H, n=12",11,0,random,300,0.9777380146190102,0.9033382753256999
"H, n=12",11,0,none,0,0.6044954582027458,0.0009212085148011613
"H, n=12",11,0,none,10,0.6227407830744405,0.0011651353197652833
"H, n=12",11,0,none,25,0.6443285441166056,0.002173244643776249
"H, n=12",11,0,none,50,0.6822191910806136,0.0034094783645470116
"H, n=12",11,0,none,100,0.6887865515519698,0.0025069150926156167
"H, n=12",11,0,none,200,0.7840713451731763,0.008109275962562794
"H, n=12",11,0,none,300,0.9524262164269117,1.223275842244879e-07
"H, n=12",11,1,qaoa,0,0.7714415941846109,2.2260152062698644e-07
"H, n=12",11,1,qaoa,10,0.7740976879090422,0.0016905313677040893
"H, n=12",11,1,qaoa,25,0.8101201956560301,0.0005793838219617168
"H, n=12",11,1,qaoa,50,0.7964700908549944,0.004086239273841473
"H, n=12",11,1,qaoa,100,0.8121994953927971,0.009463276347750686
"H, n=12",11,1,qaoa,200,0.8933398528999381,0.027661028197112376
"H, n=12",11,1,qaoa,300,0.9648268354511911,0.5310439559077804
"H, n=12",11,1,random,0,0.6811846040735869,0.0004224617430753504
"H, n=12",11,1,random,10,0.6881863670848103,1.652833096863993e-06
"H, n=12",11,1,random,25,0.6994915841962873,0.012434022036969524
"H, n=12",11,1,random,50,0.683441810776409,0.008025656090162604
"H, n=12",11,1,random,100,0.7293461933802612,0.0072371688096688
"H, n=12",11,1,random,200,0.8582186150201079,0.013319528360832495
"H, n=12",11,1,random,300,0.9508668633037864,0.37429745918950924
"H, n=12",11,1,none,0,0.6125473257450935,0.0011062813810803903
"H, n=12",11,1,none,10,0.6276714191962811,0.0014471421914058855
"H, n=12",11,1,none,25,0.7071117083878424,0.005003796267186453
"H, n=12",11,1,none,50,0.699007045985724,0.0032459566887358344
"H, n=12",11,1,none,100,0.7363673035983287,0.004012019469182813
"H, n=12",11,1,none,200,0.8469606819835955,0.011488345679272382
"H, n=12",11,1,none,300,0.9497846709567873,0.00021284591536254545
