family,n,instance,method,p,p_feasible,ratio_cond,p_opt,ratio_top1,best_of_1,best_of_10,best_of_100,best_of_1000,nfev
R,8,R-n8-s0,random,0,1.0,0.6581632653061226,0.03571428571428571,,0.6581632653061223,0.8624370850304401,0.9961943189449373,0.999999999999778,
R,8,R-n8-s0,penalty_auto,1,0.5420282040124039,0.6595779161767447,0.019886849853916085,1.0,0.35750983331152464,0.8134022771462115,0.9795731618448831,0.9999999997301526,429.0
R,8,R-n8-s0,penalty_auto,2,0.6187025894457192,0.6602164928541843,0.02298138825045519,1.0,0.4084776537236547,0.825960671254887,0.985360055279895,0.9999999999885781,1000.0
R,8,R-n8-s0,penalty_auto,3,0.663555049993575,0.660377150513909,0.024722067168826183,1.0,0.4381965931238713,0.8321192487613955,0.9878441111017621,0.9999999999979691,1000.0
R,8,R-n8-s0,penalty_tight,1,0.5092762920132459,0.6680253207339225,0.02184774978454049,1.0,0.34020945831433125,0.8168539294079269,0.9833486411227149,0.9999999999633562,539.0
R,8,R-n8-s0,penalty_tight,2,0.6066055380813852,0.6723972812027558,0.02818774526810035,1.0,0.4078799145684581,0.8382092889828052,0.9915222147526727,0.9999999999995013,1000.0
R,8,R-n8-s0,penalty_tight,3,0.6263288021691289,0.6733281323558808,0.029552579642548822,1.0,0.42172480260523554,0.8420643903915146,0.9926617466687331,0.9999999999995425,1000.0
R,8,R-n8-s0,native,1,1.0,0.7113498051172293,0.06431188368748564,0.6428571428571429,0.7113498051172293,0.9175548111063979,0.9998146411224197,1.0,117.0
R,8,R-n8-s0,native,2,1.0,0.8094406292750185,0.3405967386635619,1.0,0.8094406292750185,0.9969424045262097,1.0,1.0,477.0
R,8,R-n8-s0,native,3,1.0000000000000002,0.8736808978938777,0.5905182559194551,1.0,0.8736808978938779,0.9999764974652686,1.0,1.0,855.0
R,8,R-n8-s0,native_dicke,1,1.0,0.8007445666611313,0.25558287408355884,1.0,0.8007445666611313,0.9921379090624076,0.9999999999999784,1.0,726.0
R,8,R-n8-s0,native_dicke,2,0.9999999999999999,0.8636712037145912,0.4102962015491917,1.0,0.8636712037145908,0.9992682215140147,0.9999999999999778,0.999999999999778,1000.0
R,8,R-n8-s0,native_dicke,3,1.0,0.8534111979040814,0.40205588084199406,1.0,0.8534111979040812,0.9991484906434583,1.0,1.0,1000.0
R,8,R-n8-s1,random,0,1.0,0.6016483516483516,0.017857142857142856,,0.6016483516483515,0.8748589475933036,0.9869957141134313,0.9999999988498326,
R,8,R-n8-s1,penalty_auto,1,0.5400889545966543,0.6047672094356947,0.009923604442422197,1.0,0.32662808991846,0.8194113869926181,0.967863547313349,0.9999964127366947,443.0
R,8,R-n8-s1,penalty_auto,2,0.5400510090620396,0.6047298503568833,0.009909299107904865,1.0,0.326584965895171,0.8193472336699453,0.9678117851632826,0.9999963605292388,1000.0
R,8,R-n8-s1,penalty_auto,3,0.6734559737563145,0.6076729675023002,0.01276667678863268,1.0,0.40924099005465076,0.8448293485886186,0.9771393890378026,0.9999997977617504,1000.0
R,8,R-n8-s1,penalty_tight,1,0.5157904419641248,0.6138200030050008,0.010305931582018287,1.0,0.3166024906363697,0.820588597722234,0.9693089879735763,0.9999975620542212,415.0
R,8,R-n8-s1,penalty_tight,2,0.5014028287030239,0.6136770735057395,0.009951627395895465,1.0,0.30769942056597127,0.8169461760399648,0.967952639051411,0.9999965128479511,966.0
R,8,R-n8-s1,penalty_tight,3,0.6752370663014807,0.6288902668389755,0.016055812061219293,1.0,0.4246500188059052,0.8597754215812422,0.9840913880259017,0.9999999928134345,1000.0
R,8,R-n8-s1,native,1,1.0,0.6812121498736231,0.0,0.6153846153846154,0.6812121498736229,0.8971255527221844,0.9230762491823317,0.9230769230768207,96.0
R,8,R-n8-s1,native,2,1.0,0.7734312215397487,0.042353791502125614,0.8461538461538461,0.7734312215397487,0.9391975905564434,0.9989847661039449,1.0,369.0
R,8,R-n8-s1,native,3,0.9999999999999999,0.8358375454407464,0.23270494493966923,1.0,0.8358375454407462,0.9944770680170835,0.9999999999997589,1.0,768.0
R,8,R-n8-s1,native_dicke,1,1.0,0.7801966729317706,0.08888652129606225,0.9230769230769231,0.7801966729317704,0.9662951382841499,0.999993028860125,1.0,763.0
R,8,R-n8-s1,native_dicke,2,1.0,0.781268123709763,0.08983450637699095,0.7692307692307693,0.7812681237097631,0.9649806880767369,0.9999937180670719,0.999999999999889,1000.0
R,8,R-n8-s1,native_dicke,3,1.0,0.7978744508243022,0.09225048144389172,0.9230769230769231,0.7978744508243022,0.9698814780890224,0.9999951843005733,1.0,1000.0
R,8,R-n8-s2,random,0,1.0,0.6392857142857142,0.017857142857142856,,0.6392857142857141,0.8784649787684959,0.9834994749962958,0.9999999985047047,
R,8,R-n8-s2,penalty_auto,1,0.5419718649693925,0.6414020951248738,0.00994190380888056,1.0,0.34762188969010366,0.8263063045549748,0.9629596019334965,0.9999954219602194,436.0
R,8,R-n8-s2,penalty_auto,2,0.6442441337165956,0.6423690456006934,0.011988103852992402,1.0,0.413842489309375,0.8443036357231738,0.9700007521634051,0.999999421672642,1000.0
R,8,R-n8-s2,penalty_auto,3,0.5879223360615969,0.6417351842155241,0.010843846548993603,1.0,0.3772904486369102,0.8349447906842843,0.9662626146088621,0.9999981598335922,1000.0
R,8,R-n8-s2,penalty_tight,1,0.5212637011064553,0.6490075823540389,0.010490601306596481,1.0,0.3383040944240187,0.8283742676358276,0.9649868517103453,0.9999973701944522,446.0
R,8,R-n8-s2,penalty_tight,2,0.657774282093164,0.6542058089940074,0.014234694744507233,1.0,0.43031975635221076,0.8557669981591578,0.9761376186868961,0.9999999406350106,1000.0
R,8,R-n8-s2,penalty_tight,3,0.5915632673030209,0.6437363087184117,0.01093730727118532,0.6,0.3808107540670497,0.836175116754929,0.966586043671883,0.999998325748641,1000.0
R,8,R-n8-s2,native,1,0.9999999999999999,0.7000000000000001,0.0,0.7,0.7,0.7000000042493019,0.7000000424930113,0.7000004249293003,120.0
R,8,R-n8-s2,native,2,1.0,0.7,0.0,0.7,0.7,0.700000011516668,0.7000001151666205,0.7000011516602368,258.0
R,8,R-n8-s2,native,3,1.0,0.740697715127683,1.3377318615382596e-05,0.8,0.7406977151276828,0.8015549873471682,0.8149020881163483,0.8810983505675144,919.0
R,8,R-n8-s2,native_dicke,1,1.0,0.764428657890853,0.10536056118154055,1.0,0.7644286578908529,0.9662830042282791,0.9999985384827453,1.0,983.0
R,8,R-n8-s2,native_dicke,2,0.9999999999999999,0.821635757423063,0.18951754349467956,1.0,0.8216357574230628,0.987701785497934,0.9999999999251096,0.999999999999889,1000.0
R,8,R-n8-s2,native_dicke,3,0.9999999999999999,0.826085565636979,0.20411525359819244,1.0,0.826085565636979,0.989756205600453,0.9999999999878376,1.0,1000.0
R,8,R-n8-s3,random,0,1.0,0.6324404761904762,0.017857142857142856,,0.6324404761904762,0.867657981019127,0.9859120254344298,0.9999999987538836,
R,8,R-n8-s3,penalty_auto,1,0.5434725641218592,0.633736060751604,0.009901595925306853,1.0,0.3444181619131605,0.8129227668594823,0.9650812815066431,0.9999960264446192,424.0
R,8,R-n8-s3,penalty_auto,2,0.5677047517002308,0.6341714414890278,0.010440896781543528,1.0,0.3600221407259058,0.818077479949978,0.9673163495409753,0.9999976956040693,882.0
R,8,R-n8-s3,penalty_auto,3,0.6519949596735575,0.6344269258229934,0.012000045524862687,1.0,0.41364315791778156,0.8323580930146778,0.9729334950501215,0.9999995238503915,1000.0
R,8,R-n8-s3,penalty_tight,1,0.5255931648645669,0.6394619306250237,0.010439857406383401,1.0,0.33609681992761226,0.815389146278217,0.967249555909447,0.9999976931823955,550.0
R,8,R-n8-s3,penalty_tight,2,0.6196503415560219,0.6440639125192564,0.013257304426434278,1.0,0.39909442337646517,0.8373377955140658,0.9764908587573129,0.9999998667276591,909.0
R,8,R-n8-s3,penalty_tight,3,0.6715606426669141,0.6452777594914334,0.014719857931355461,1.0,0.4333431468627331,0.8464016040132132,0.9800634781467601,0.9999999697623109,1000.0
R,8,R-n8-s3,native,1,1.0,0.6236979166066312,0.0,0.6666666666666666,0.623697916606631,0.7685153316783669,0.9129214837682933,0.9166666666666653,107.0
R,8,R-n8-s3,native,2,1.0,0.6573205892553233,0.0,0.5833333333333334,0.6573205892553231,0.8726818614355092,0.9166646123547298,0.9166666666664631,340.0
R,8,R-n8-s3,native,3,0.9999999999999999,0.8392264756112415,6.07782371351463e-06,0.8333333333333334,0.8392264756112413,0.9003286043325524,0.916717292948636,0.9171716174552744,741.0
R,8,R-n8-s3,native_dicke,1,1.0,0.7691744255362445,0.08116973943421701,0.9166666666666666,0.7691744255362444,0.9544733318784124,0.9999824471057626,1.0,559.0
R,8,R-n8-s3,native_dicke,2,1.0,0.8067649388515746,0.16030801141054543,1.0,0.8067649388515746,0.9836979336443638,0.9999999978481007,0.999999999999889,1000.0
R,8,R-n8-s3,native_dicke,3,1.0,0.8143058862064851,0.12394883610092859,0.9166666666666666,0.8143058862064851,0.9761992518968232,0.9999998508010217,1.0,1000.0
R,8,R-n8-s4,random,0,1.0,0.5728021978021979,0.017857142857142856,,0.5728021978021979,0.8376406000597566,0.9746154979037323,0.9999999976997762,
R,8,R-n8-s4,penalty_auto,1,0.5401403930211078,0.575355002393228,0.009988568397542549,1.0,0.31077247711933864,0.7794452573006211,0.9434525230289108,0.9999932811329229,520.0
R,8,R-n8-s4,penalty_auto,2,0.5554685748510713,0.5758091503743054,0.010332771040579305,1.0,0.3198438881446214,0.7831305152108415,0.945411266727892,0.9999952545617007,1000.0
R,8,R-n8-s4,penalty_auto,3,0.6616567207008968,0.5770327925806311,0.012527562133139018,1.0,0.38179762527578115,0.803332509640718,0.9563544561262189,0.9999994846890661,1000.0
R,8,R-n8-s4,penalty_tight,1,0.5111669152263585,0.58381252200972,0.010605750772308678,1.0,0.2984256459462291,0.7808321234757981,0.9468880251778959,0.9999963986246186,462.0
R,8,R-n8-s4,penalty_tight,2,0.5314945004619768,0.5878728069950684,0.011620263944825076,1.0,0.312451163889024,0.7892105429075088,0.9521107812047771,0.9999987090201058,1000.0
R,8,R-n8-s4,penalty_tight,3,0.6565733882251134,0.5952592157353028,0.01586808216239044,1.0,0.39083136014755143,0.8187702496409176,0.9689160111012783,0.9999999826054883,1000.0
R,8,R-n8-s4,native,1,1.0,0.6153846153284841,0.0,0.6153846153846154,0.6153846153284842,0.6153846153846154,0.6153846153846154,0.6153846153846154,108.0
R,8,R-n8-s4,native,2,1.0,0.6153846153610885,0.0,0.6153846153846154,0.6153846153610883,0.6153846153846154,0.6153846153846154,0.6153846153846154,275.0
R,8,R-n8-s4,native,3,0.9999999999999999,0.6813489612869539,0.00013821142463698528,0.8461538461538461,0.6813489612869539,0.8449978398385831,0.8482656940126828,0.8660144276178122,874.0
R,8,R-n8-s4,native_dicke,1,1.0,0.7198534088004833,0.1060800340053341,1.0,0.7198534088004832,0.9485252011266632,0.999997925323453,0.999999999999778,856.0
R,8,R-n8-s4,native_dicke,2,1.0,0.7683568108148422,0.18662197763387076,1.0,0.7683568108148421,0.9799658605326582,0.9999999998354379,1.0,1000.0
R,8,R-n8-s4,native_dicke,3,1.0,0.7881559252542549,0.2631048120782508,1.0,0.7881559252542548,0.9926239274023274,0.9999999999999915,1.0,1000.0
R,8,R-n8-s5,random,0,1.0,0.7369047619047618,0.05357142857142857,,0.7369047619047618,0.9479602389198912,0.9997291707103765,0.999999999999778,
R,8,R-n8-s5,penalty_auto,1,0.5431592207300651,0.7384996857162421,0.029557252836172804,1.0,0.40112291380303206,0.9073761005396347,0.9966754215716687,0.9999999999996607,380.0
R,8,R-n8-s5,penalty_auto,2,0.6112199779808124,0.7389851589624581,0.03344112552403229,1.0,0.4516824925891806,0.9173387893865528,0.997776222996565,0.9999999999999999,975.0
R,8,R-n8-s5,penalty_auto,3,0.6750645709238392,0.7390847802249987,0.036987948741546026,1.0,0.4989299500389286,0.9247840849149596,0.9984610084848358,1.0,1000.0
R,8,R-n8-s5,penalty_tight,1,0.5223763932770191,0.746970919074931,0.030793665729634115,1.0,0.39019997458918254,0.9088328775066523,0.9970739598750639,0.9999999999999982,376.0
R,8,R-n8-s5,penalty_tight,2,0.5881282694460261,0.7507090981448896,0.036340063832809355,1.0,0.4415132427493408,0.9215210481944168,0.9983537268718419,1.0,854.0
R,8,R-n8-s5,penalty_tight,3,0.6730573120901719,0.7507621339988609,0.04143740565321301,1.0,0.5053059439283545,0.9308943370767822,0.9990316515168296,1.0,1000.0
R,8,R-n8-s5,native,1,1.0,0.9999999999995712,0.999999999998392,1.0,0.9999999999995711,1.0,1.0,1.0,126.0
R,8,R-n8-s5,native,2,1.0,0.9999999999176221,0.9999999991426805,1.0,0.999999999917622,1.0,1.0,1.0,645.0
R,8,R-n8-s5,native,3,1.0,0.9999999976784015,0.9999999755807606,1.0,0.9999999976784014,1.0,1.0,1.0,873.0
R,8,R-n8-s5,native_dicke,1,0.9999999999999999,0.8429657638721108,0.08817414214273145,0.9333333333333333,0.8429657638721106,0.9726386518939142,0.9999934672034639,0.999999999999889,486.0
R,8,R-n8-s5,native_dicke,2,1.0,0.877305611847856,0.1091606874202246,0.9333333333333333,0.877305611847856,0.9789927385571195,0.9999993634300098,0.999999999999889,1000.0
R,8,R-n8-s5,native_dicke,3,1.0,0.8921545388432391,0.20375554758709694,1.0,0.892154538843239,0.9931640543728844,0.999999999991517,1.0,1000.0
R,8,R-n8-s6,random,0,1.0,0.7402597402597403,0.03571428571428571,,0.74025974025974,0.9236320577409194,0.9976056885425606,0.9999999999996669,
R,8,R-n8-s6,penalty_auto,1,0.5415869139095457,0.7414825139698158,0.01971408967327401,1.0,0.4015772264588042,0.8845628677505076,0.9875838208587039,0.9999999997949601,447.0
R,8,R-n8-s6,penalty_auto,2,0.6415860623369463,0.7420797887815235,0.023574585663101874,1.0,0.47610804962417036,0.8977459361637277,0.9916336996912672,0.999999999995929,1000.0
R,8,R-n8-s6,penalty_auto,3,0.6212846908698009,0.741086949998609,0.02242492697176373,0.8181818181818182,0.46042597663752927,0.894613031705644,0.9905887215959963,0.9999999999870441,1000.0
R,8,R-n8-s6,penalty_tight,1,0.5018478961051612,0.7484223447098297,0.02031322054351234,1.0,0.37559417909071985,0.8839119905727109,0.9883200551674812,0.999999999888864,474.0
R,8,R-n8-s6,penalty_tight,2,0.578912421704314,0.751655929741083,0.024611998127674964,1.0,0.4351429545748179,0.8978894590318646,0.9924774030325663,0.9999999999986322,1000.0
R,8,R-n8-s6,penalty_tight,3,0.6373169401227059,0.7519408272891839,0.027288926498919886,1.0,0.4792246272012786,0.9050142710551327,0.9942852190078744,0.9999999999999124,1000.0
R,8,R-n8-s6,native,1,1.0000000000000002,0.818181818181818,1.9144016268787923e-10,0.8181818181818182,0.8181818181818182,0.8181818187039276,0.8181818234029123,0.8181818703927526,96.0
R,8,R-n8-s6,native,2,1.0,0.8181817650930648,0.00031698965287091325,0.8181818181818182,0.8181817650930648,0.8190441923355706,0.8266042001660564,0.8855704474089054,605.0
R,8,R-n8-s6,native,3,1.0,0.829709516084105,0.17648723543845324,0.8181818181818182,0.829709516084105,0.9856366912031455,0.9999999996645399,1.0,792.0
R,8,R-n8-s6,native_dicke,1,1.0,0.8485235459093423,0.14433514731885788,1.0,0.8485235459093423,0.9807485691946735,0.9999999845482757,0.999999999999889,1000.0
R,8,R-n8-s6,native_dicke,2,1.0,0.8790270771928264,0.2127934422772713,1.0,0.8790270771928262,0.9916895872118106,0.9999999999963062,1.0,1000.0
R,8,R-n8-s6,native_dicke,3,1.0,0.8589422814166094,0.15025003897866285,1.0,0.8589422814166093,0.9821242569616883,0.999999992278116,0.999999999999889,1000.0
R,8,R-n8-s7,random,0,1.0,0.4945054945054945,0.017857142857142856,,0.4945054945054945,0.8422852306275845,0.9872996933389113,0.9999999988498326,
R,8,R-n8-s7,penalty_auto,1,0.1747549475285935,0.4927586183333999,0.003069234436099651,0.23076923076923078,0.08611200649111546,0.5085669226351216,0.898452504749601,0.9964432179813667,637.0
R,8,R-n8-s7,penalty_auto,2,0.6041223963240866,0.5081717537686946,0.012316696062750328,1.0,0.30699793763095745,0.7878912529047257,0.9774939692031397,0.9999996810155578,1000.0
R,8,R-n8-s7,penalty_auto,3,0.6542723121532689,0.502760317129873,0.012677709784097097,1.0,0.32894215514747266,0.7936992445664167,0.9783423555613674,0.9999997786912461,1000.0
R,8,R-n8-s7,penalty_tight,1,0.154226252437354,0.4878031467704374,0.002583495572017344,0.23076923076923078,0.07523205125355263,0.47023988264032535,0.8803978395303194,0.9942107606209822,639.0
R,8,R-n8-s7,penalty_tight,2,0.6254709718769602,0.5206668491438078,0.014408915894982825,1.0,0.325662000158092,0.8058779035798673,0.981896716366453,0.9999999617329245,1000.0
R,8,R-n8-s7,penalty_tight,3,0.6550300723717337,0.5228369726858152,0.015377458209713146,1.0,0.3424739400570077,0.8147535754775201,0.9836186604868605,0.9999999856834754,1000.0
R,8,R-n8-s7,native,1,1.0,0.9999999998801649,0.9999999996459414,1.0,0.9999999998801649,1.0,1.0,1.0,108.0
R,8,R-n8-s7,native,2,0.9999999999999999,0.9999999999276522,0.999999999759617,1.0,0.9999999999276521,1.0,1.0,1.0,211.0
R,8,R-n8-s7,native,3,0.9999999999999999,0.9999999934747489,0.9999999755190975,1.0,0.9999999934747488,0.9999999999999989,0.9999999999999889,0.999999999999889,711.0
R,8,R-n8-s7,native_dicke,1,0.9999999999999998,0.6295927977494739,0.023902186680564458,0.6153846153846154,0.6295927977494737,0.9166203356320486,0.9931547291981841,0.9999999999974934,892.0
R,8,R-n8-s7,native_dicke,2,1.0,0.6422553849472181,0.004803845088386465,0.9230769230769231,0.6422553849472181,0.9225295366989305,0.9524746212577636,0.99937662980114,1000.0
R,8,R-n8-s7,native_dicke,3,1.0,0.7189595606013388,0.012821502295935134,0.9230769230769231,0.7189595606013388,0.9320233068235948,0.9788346543445476,0.9999998086872894,1000.0
R,8,R-n8-s8,random,0,1.0,0.6267857142857142,0.03571428571428571,,0.6267857142857142,0.8874082879018779,0.9973575837732848,0.999999999999778,
R,8,R-n8-s8,penalty_auto,1,0.5432139041212714,0.6288317223658769,0.01983023178811303,1.0,0.3415901349416713,0.8313584891614723,0.9858777936701811,0.9999999997998741,482.0
R,8,R-n8-s8,penalty_auto,2,0.5621190580842553,0.6290183502618424,0.020640574384758633,1.0,0.35358320256689907,0.8354900771598975,0.9870615120291043,0.99999999991248,953.0
R,8,R-n8-s8,penalty_auto,3,0.6823489367244358,0.6300064307481498,0.025364132142224716,1.0,0.42988421815055683,0.8563884577778256,0.9921887101302899,0.9999999999990824,1000.0
R,8,R-n8-s8,penalty_tight,1,0.5262493371681488,0.6381691666460341,0.021128698128405378,1.0,0.335836100948625,0.8352764896791699,0.9877082480564273,0.9999999999468386,432.0
R,8,R-n8-s8,penalty_tight,2,0.546913375634031,0.6385550373533612,0.02238726989251378,1.0,0.34923429100704145,0.8405413407624387,0.9892454833494002,0.9999999999853159,1000.0
R,8,R-n8-s8,penalty_tight,3,0.6646201988143481,0.6446425581327531,0.029099965762616052,1.0,0.4284424651503803,0.8656452760568805,0.9947134733142396,0.9999999999997631,1000.0
R,8,R-n8-s8,native,1,1.0,0.6497448503521277,0.0,0.6,0.6497448503521277,0.8410220921359303,0.8999774193818256,0.9,116.0
R,8,R-n8-s8,native,2,0.9999999999999999,0.6861847142024111,0.0,0.8,0.6861847142024111,0.8295344780230723,0.8975669541314755,0.9,645.0
R,8,R-n8-s8,native,3,0.9999999999999999,0.7494707072802154,0.045685378040371184,0.8,0.7494707072802153,0.927528114085839,0.99906855371389,1.0,746.0
R,8,R-n8-s8,native_dicke,1,1.0000000000000002,0.8255349119998174,0.2624503664433703,1.0,0.8255349119998175,0.9949544053026164,0.9999999999999939,1.0,527.0
R,8,R-n8-s8,native_dicke,2,1.0,0.8589166372298215,0.44341226878794615,1.0,0.8589166372298214,0.9997046746089939,1.0,1.0,983.0
R,8,R-n8-s8,native_dicke,3,0.9999999999999999,0.8697931765811624,0.5114337183220906,1.0,0.8697931765811622,0.999918747267086,1.0,1.0,1000.0
R,8,R-n8-s9,random,0,1.0,0.6830357142857143,0.05357142857142857,,0.6830357142857141,0.9231569437982805,0.9996604677002628,0.999999999999778,
R,8,R-n8-s9,penalty_auto,1,0.5399743272979455,0.6851884752609393,0.029633457099996756,1.0,0.36998418600133076,0.8735953062905358,0.9956961303431038,0.9999999999999928,357.0
R,8,R-n8-s9,penalty_auto,2,0.6596208056050599,0.6866851308249003,0.03686699978106527,1.0,0.45295179919173656,0.8937362444504041,0.9980116354900119,0.999999999999778,1000.0
R,8,R-n8-s9,penalty_auto,3,0.6337455874444002,0.6827179905811782,0.03375065219360104,0.5833333333333334,0.43266951399972925,0.8870096282407959,0.9972342617266898,0.9999999999999999,1000.0
R,8,R-n8-s9,penalty_tight,1,0.5133294891032081,0.6918068712121175,0.030253063968192426,1.0,0.35512486775740465,0.8735186614115855,0.9959642945122877,0.9999999999999962,373.0
R,8,R-n8-s9,penalty_tight,2,0.4979913511541882,0.6919547205723154,0.029278609822050813,1.0,0.34458746623532566,0.8702033580432523,0.9955175388215973,0.9999999999999897,943.0
R,8,R-n8-s9,penalty_tight,3,0.5831505225889864,0.6826651971817268,0.03068790922809017,0.5833333333333334,0.3980965664898373,0.8788239439560218,0.9961669900126177,0.9999999999999976,1000.0
R,8,R-n8-s9,native,1,1.0,0.666666666524076,0.0,0.6666666666666666,0.6666666665240759,0.6666666666666666,0.6666666666666666,0.6666666666666666,106.0
R,8,R-n8-s9,native,2,1.0,0.8333333317073188,7.03686201818345e-10,0.8333333333333334,0.8333333317073188,0.8333333345061438,0.8333333450614366,0.8333334506143288,730.0
R,8,R-n8-s9,native,3,0.9999999999999999,0.833333333101171,2.8222129057803225e-10,0.8333333333333334,0.8333333331011709,0.8333333338037012,0.8333333380370115,0.8333333803701086,861.0
R,8,R-n8-s9,native_dicke,1,1.0,0.851779656253411,0.27411078556954416,1.0,0.8517796562534108,0.9948867344714112,0.999999999999999,1.0,694.0
R,8,R-n8-s9,native_dicke,2,1.0,0.874029930330213,0.43586764705824255,1.0,0.874029930330213,0.9996710316340065,1.0,1.0,1000.0
R,8,R-n8-s9,native_dicke,3,1.0,0.8703740723612422,0.4307040626080627,1.0,0.8703740723612421,0.9996269966387132,1.0,1.0,1000.0
R,8,R-n8-s10,random,0,1.0,0.6107142857142858,0.05357142857142857,,0.6107142857142855,0.9107557339372054,0.9995937383238974,0.999999999999778,
R,8,R-n8-s10,penalty_auto,1,0.5428379918802196,0.6128741071484739,0.02978554735951608,1.0,0.33269134959986024,0.8405690297807853,0.9951119070334169,0.9999999999999927,382.0
R,8,R-n8-s10,penalty_auto,2,0.5477863181262759,0.612973991924252,0.0300914837604533,1.0,0.33577876614335134,0.8419508579877513,0.9952650550585399,0.9999999999999946,1000.0
R,8,R-n8-s10,penalty_auto,3,0.6362024212187668,0.6102823476124808,0.03393134083100549,0.5,0.3882631071781334,0.8589437998147241,0.99682443015521,0.9999999999999999,1000.0
R,8,R-n8-s10,penalty_tight,1,0.5254986156793438,0.6216116796745949,0.031685440242802954,1.0,0.3266560771591112,0.8454633208475572,0.9959865467110203,0.9999999999998879,361.0
R,8,R-n8-s10,penalty_tight,2,0.5190376803124372,0.621637981313523,0.03129986031453363,1.0,0.322653535815077,0.8436659149414257,0.9958222640539575,0.9999999999994433,1000.0
R,8,R-n8-s10,penalty_tight,3,0.603674424261633,0.6096464178923509,0.03197281766365653,0.5,0.3680279503243318,0.851650083784737,0.9961083587432693,0.9999999999998882,1000.0
R,8,R-n8-s10,native,1,0.9999999999999999,0.6016849140280426,0.0,0.6,0.6016849140280425,0.6773274701386702,0.8847743745923382,0.8999999999998661,111.0
R,8,R-n8-s10,native,2,1.0,0.9999999999809553,0.9999999998095531,1.0,0.9999999999809553,1.0,1.0,1.0,364.0
R,8,R-n8-s10,native,3,1.0,0.9999999999401954,0.999999999403436,1.0,0.9999999999401952,1.0,1.0,1.0,687.0
R,8,R-n8-s10,native_dicke,1,1.0,0.7437442893680538,0.14110560442527037,0.9,0.7437442893680538,0.9765911100787383,0.9999999752270977,1.0,978.0
R,8,R-n8-s10,native_dicke,2,1.0,0.8215411299243471,0.3296672373726853,1.0,0.821541129924347,0.9981230392758144,0.9999999999999889,0.999999999999889,1000.0
R,8,R-n8-s10,native_dicke,3,1.0,0.6789542632444882,0.11583309583385581,0.5,0.678954263244488,0.9652275211198231,0.999999549779304,1.0,1000.0
R,8,R-n8-s11,random,0,1.0,0.6524725274725275,0.017857142857142856,,0.6524725274725273,0.8620991033915159,0.9869947950170452,0.9999999988497216,
R,8,R-n8-s11,penalty_auto,1,0.17954707549040652,0.6526315318944034,0.00320835092663362,0.6153846153846154,0.1171780829244636,0.6140806245243979,0.9032224478367361,0.9969017301752197,635.0
R,8,R-n8-s11,penalty_auto,2,0.645037220761409,0.6540287940220831,0.011927326955745792,1.0,0.4218729155939404,0.8258837557052948,0.9747289207732555,0.9999995269087664,909.0
R,8,R-n8-s11,penalty_auto,3,0.6981738368489445,0.6543046273431268,0.012999688294301833,1.0,0.4568183721401696,0.8335573194611422,0.9777071939562505,0.9999998402846071,1000.0
R,8,R-n8-s11,penalty_tight,1,0.15326623710241555,0.6539224893427075,0.0027525455825458843,0.6153846153846154,0.10022423929820107,0.5712811543708394,0.8924430712173915,0.995096113038488,522.0
R,8,R-n8-s11,penalty_tight,2,0.5926409406264452,0.6626729322305634,0.013217472619,1.0,0.39272710988480564,0.8292940207427812,0.9780678854093687,0.999999871911907,951.0
R,8,R-n8-s11,penalty_tight,3,0.6533093579882003,0.6625199332497779,0.014471682305091332,1.0,0.4328304722457976,0.8382267167943538,0.9810373732182546,0.9999999640942295,1000.0
R,8,R-n8-s11,native,1,1.0,0.631434672669644,0.0,0.6153846153846154,0.631434672669644,0.7449467194616646,0.7692307251834078,0.7692307692307693,104.0
R,8,R-n8-s11,native,2,1.0,0.8089653757006654,0.12958398631886692,0.7692307692307693,0.8089653757006654,0.9764883168796326,0.9999999277656292,1.0,677.0
R,8,R-n8-s11,native,3,1.0000000000000002,0.8622053677437416,0.07861564063162717,0.8461538461538461,0.8622053677437416,0.9629261622767706,0.9999786134749619,1.0,912.0
R,8,R-n8-s11,native_dicke,1,1.0,0.6693889291068812,0.02557034919591124,0.7692307692307693,0.6693889291068812,0.8831303605296138,0.9941986936572192,0.999999999999567,1000.0
R,8,R-n8-s11,native_dicke,2,1.0,0.7189577063638268,0.062361735027872664,0.9230769230769231,0.7189577063638269,0.946495161698673,0.9998770894581068,1.0,1000.0
R,8,R-n8-s11,native_dicke,3,0.9999999999999999,0.7872154452835204,0.025901111858830532,0.9230769230769231,0.78721544528352,0.9390435147830575,0.9944235037958266,0.9999999999995806,1000.0
R,8,R-n8-s12,random,0,1.0,0.5637755102040817,0.05357142857142857,,0.5637755102040817,0.8823257836550393,0.9996657658558313,0.999999999999889,
R,8,R-n8-s12,penalty_auto,1,0.5413525728009307,0.5668534517166323,0.030047523507210055,1.0,0.30686757448788693,0.8067146416813166,0.9952432264582379,0.999999999999996,435.0
R,8,R-n8-s12,penalty_auto,2,0.6712581595622416,0.569005692898081,0.038188100818247736,1.0,0.3819497141952037,0.8388616694507756,0.9981243900007083,1.0,1000.0
R,8,R-n8-s12,penalty_auto,3,0.6297306201724847,0.5627010695321526,0.033516352237621616,0.35714285714285715,0.3543500934882025,0.8232362983105588,0.9968124763885828,0.9999999999999999,1000.0
R,8,R-n8-s12,penalty_tight,1,0.5225978030131173,0.5757554507864344,0.03206105589369259,1.0,0.3008885336538176,0.811655601234699,0.9961944029416928,0.9999999999999996,419.0
R,8,R-n8-s12,penalty_tight,2,0.6733736545659837,0.5844737541946506,0.04545243502277392,1.0,0.39356922785995246,0.8566678542853233,0.9991607061595531,0.999999999999889,1000.0
R,8,R-n8-s12,penalty_tight,3,0.5920928977175179,0.5609632967347054,0.03131439085914833,0.35714285714285715,0.3321423838768232,0.8131419681519448,0.9958516561830013,0.9999999999999989,1000.0
R,8,R-n8-s12,native,1,0.9999999999999999,0.43454161617739623,0.0,0.42857142857142855,0.4345416161773961,0.6636836508806925,0.7142569691855172,0.7142857142855557,111.0
R,8,R-n8-s12,native,2,1.0,0.4836049348771766,0.005205339649848373,0.35714285714285715,0.4836049348771766,0.7189276346444857,0.8637760345861754,0.9990523968946972,297.0
R,8,R-n8-s12,native,3,1.0,0.7808919913112413,0.32760467673356575,0.7142857142857143,0.7808919913112412,0.9957347270692538,0.9999999999999889,0.999999999999889,776.0
R,8,R-n8-s12,native_dicke,1,1.0,0.6874045996773208,0.12122147956874584,0.7857142857142857,0.6874045996773206,0.9603173665574833,0.9999998250321095,1.0,633.0
R,8,R-n8-s12,native_dicke,2,1.0,0.7438460142190053,0.12147538313164308,0.7857142857142857,0.7438460142190054,0.9715686026898191,0.9999998304616133,0.999999999999889,1000.0
R,8,R-n8-s12,native_dicke,3,1.0,0.7576469584278764,0.24077699990833634,1.0,0.7576469584278764,0.9939530342436598,0.9999999999999111,0.999999999999889,1000.0
R,8,R-n8-s13,random,0,1.0,0.6160714285714286,0.03571428571428571,,0.6160714285714285,0.8937967275834112,0.9978285812491717,0.999999999999889,
R,8,R-n8-s13,penalty_auto,1,0.5410117284608982,0.6190941075677234,0.01988532050995107,1.0,0.33493717321517086,0.8380134795262019,0.9869279739450803,0.9999999998648602,408.0
R,8,R-n8-s13,penalty_auto,2,0.7498383016879874,0.6212344944955701,0.028152344479325346,1.0,0.4658254183025536,0.8728495920573913,0.9949209218544686,0.9999999999999717,1000.0
R,8,R-n8-s13,penalty_auto,3,0.6315866171871976,0.6203359495775838,0.023517063436911474,1.0,0.3917958839133141,0.8557503152992557,0.991397812464597,0.9999999999965888,1000.0
R,8,R-n8-s13,penalty_tight,1,0.519417618470084,0.6287450519534677,0.02090141341844276,1.0,0.32658125751051925,0.8402234044325084,0.9883073269957445,0.999999999952103,467.0
R,8,R-n8-s13,penalty_tight,2,0.717450302128485,0.6376975144245495,0.03151231689325174,1.0,0.4575162743904769,0.8797753816871421,0.9964841887794099,0.9999999999998881,1000.0
R,8,R-n8-s13,penalty_tight,3,0.6166744426521532,0.6359406787590481,0.026763040289696387,1.0,0.39216836363356783,0.8644258095521629,0.994010434504905,0.9999999999996598,1000.0
R,8,R-n8-s13,native,1,1.0,0.714285714282285,0.0,0.7142857142857143,0.7142857142822849,0.7142857142857143,0.7142857142857143,0.7142857142857143,109.0
R,8,R-n8-s13,native,2,1.0,0.7142857142449012,0.0,0.7142857142857143,0.7142857142449012,0.7142857142857135,0.7142857142857064,0.714285714285635,322.0
R,8,R-n8-s13,native,3,1.0000000000000002,0.7143096623541048,3.898739625393545e-07,0.7142857142857143,0.7143096623541049,0.7231283641383829,0.7691262040207203,0.8170003689102033,853.0
R,8,R-n8-s13,native_dicke,1,1.0,0.7770478202960048,0.12000359434293126,0.8571428571428571,0.7770478202960047,0.966331060647583,0.9999997948493875,1.0,476.0
R,8,R-n8-s13,native_dicke,2,1.0,0.8081895279578872,0.22095770093105582,1.0,0.8081895279578873,0.9921034522481338,0.9999999999989656,0.999999999999889,1000.0
R,8,R-n8-s13,native_dicke,3,0.9999999999999999,0.7782173621284125,0.023188896611159526,0.8571428571428571,0.7782173621284125,0.8933549993912553,0.9910850023834794,0.9999999999952709,1000.0
R,8,R-n8-s14,random,0,1.0,0.6135204081632654,0.017857142857142856,,0.6135204081632653,0.8609159490139991,0.9863334077823146,0.9999999989319794,
R,8,R-n8-s14,penalty_auto,1,0.5421589883782495,0.6153936569029739,0.00996984895089138,1.0,0.33364120248090806,0.8039288447465921,0.9641481774269309,0.9999968208483402,486.0
R,8,R-n8-s14,penalty_auto,2,0.622616637435153,0.6164515668383562,0.011629480624224553,1.0,0.3838130016865289,0.8199276913404027,0.9709717057439375,0.9999994061750745,1000.0
R,8,R-n8-s14,penalty_auto,3,0.634524408677042,0.6140183919890134,0.01142167105188301,0.5,0.38960965709365686,0.8194600984716931,0.9703020420372899,0.9999992672403646,1000.0
R,8,R-n8-s14,penalty_tight,1,0.5185735540519998,0.6238764267956651,0.010857680501367857,1.0,0.3235258159326902,0.8077387742598231,0.9678312979747496,0.9999987038231986,381.0
R,8,R-n8-s14,penalty_tight,2,0.5422708808514347,0.625566383571239,0.011638558502766362,1.0,0.339226433850222,0.8143768539601559,0.9707386206878157,0.9999994116023395,1000.0
R,8,R-n8-s14,penalty_tight,3,0.5913507542651688,0.6177716019067238,0.011283443387886226,0.7857142857142857,0.36531970275114206,0.8165082008721802,0.9699633474605982,0.9999991572826816,1000.0
R,8,R-n8-s14,native,1,1.0,0.8583375704305348,0.031215856487463643,0.8571428571428571,0.8583375704305346,0.9096345353792716,0.9968616505550941,0.9999999999999988,114.0
R,8,R-n8-s14,native,2,1.0,0.8589108532547588,0.036697328669934755,0.8571428571428571,0.8589108532547587,0.9227427995502155,0.9982948116095449,0.9999999999999999,793.0
R,8,R-n8-s14,native,3,1.0,0.8858786916837227,0.022587024605597954,0.9285714285714286,0.8858786916837227,0.9431482105464539,0.9927275294066834,0.9999999999914498,874.0
R,8,R-n8-s14,native_dicke,1,1.0,0.7755679426372242,0.12875309760284623,1.0,0.7755679426372243,0.969398240311137,0.9999999245465403,0.999999999999889,956.0
R,8,R-n8-s14,native_dicke,2,1.0,0.7324200821410554,0.11869168508192755,1.0,0.7324200821410554,0.9691667310949506,0.9999997672244776,1.0,1000.0
R,8,R-n8-s14,native_dicke,3,1.0,0.7327087035741027,0.10633869847260184,0.8571428571428571,0.7327087035741027,0.958309405904315,0.9999990082402672,1.0,1000.0
R,8,R-n8-s15,random,0,1.0,0.7261904761904762,0.07142857142857142,,0.726190476190476,0.9537608799319756,0.9999496092967457,0.999999999999778,
R,8,R-n8-s15,penalty_auto,1,0.5442934327478147,0.727560893946528,0.03930326564325445,1.0,0.3960066164992246,0.9126310458541849,0.9984882537681891,0.999999999999889,419.0
R,8,R-n8-s15,penalty_auto,2,0.5581091081556535,0.7275947206392216,0.04043447928077603,1.0,0.4060772406347177,0.9150101084995552,0.9986562947606167,1.0,829.0
R,8,R-n8-s15,penalty_auto,3,0.6487472161110655,0.7280810228955181,0.04705510453999244,1.0,0.47234053670676424,0.9274078877522286,0.9993276412124711,0.999999999999778,1000.0
R,8,R-n8-s15,penalty_tight,1,0.53051466116255,0.7358221855295516,0.04082832394791518,1.0,0.39036445743209686,0.9146721911227093,0.998710337155019,0.9999999999995559,457.0
R,8,R-n8-s15,penalty_tight,2,0.5285330651174427,0.7388316326066896,0.040901718188864254,0.9166666666666666,0.3904969473873379,0.915314805138073,0.9987201778291847,1.0,880.0
R,8,R-n8-s15,penalty_tight,3,0.672425766469293,0.7428270356738382,0.05642855116287863,1.0,0.4994960388170935,0.9381669355615994,0.9997497935782405,0.999999999999778,1000.0
R,8,R-n8-s15,native,1,0.9999999999999999,0.4953097520142182,0.0,0.4166666666666667,0.4953097520142181,0.7679959819846555,0.8333306136263079,0.8333333333333334,104.0
R,8,R-n8-s15,native,2,1.0,0.7256281163256311,0.003756457917864024,0.6666666666666666,0.7256281163256311,0.9107643872949502,0.942803339334872,0.9980665277026133,253.0
R,8,R-n8-s15,native,3,0.9999999999999998,0.7867606930250639,0.0089795915864938,0.75,0.7867606930250636,0.9140616094648525,0.9661873998187852,0.9999899210123775,644.0
R,8,R-n8-s15,native_dicke,1,0.9999999999999999,0.8169090014197244,0.1059855281132009,0.9166666666666666,0.8169090014197244,0.9725226679692562,0.9999988642737735,1.0,927.0
R,8,R-n8-s15,native_dicke,2,0.9999999999999998,0.8198478184551826,0.09482812086643011,0.9166666666666666,0.8198478184551825,0.9689730048692702,0.9999960742369258,1.0,1000.0
R,8,R-n8-s15,native_dicke,3,1.0,0.8623879544285367,0.16379482370569903,0.9166666666666666,0.8623879544285366,0.9860625982504513,0.999999998580603,1.0,1000.0
R,8,R-n8-s16,random,0,1.0,0.6194196428571429,0.017857142857142856,,0.6194196428571428,0.8701457071362045,0.9880410813870723,0.9999999990654681,
R,8,R-n8-s16,penalty_auto,1,0.5435157116987545,0.6207774382059854,0.00990390924920378,1.0,0.33740229113305575,0.8118972153742662,0.9682838021801924,0.9999970266580054,414.0
R,8,R-n8-s16,penalty_auto,2,0.6496477631392508,0.6215456082035167,0.012006683902356232,1.0,0.4037857140584399,0.832198425386741,0.9757595727334014,0.9999996452774557,1000.0
R,8,R-n8-s16,penalty_auto,3,0.6732767746727782,0.6217560218380923,0.012489481284110723,1.0,0.4186138890165283,0.8360921359015591,0.9771752023542777,0.9999997824236397,1000.0
R,8,R-n8-s16,penalty_tight,1,0.5270041092132807,0.6273925567735711,0.010554613055445132,1.0,0.3306384555094985,0.8152757174855856,0.9707674945489801,0.9999984592970175,388.0
R,8,R-n8-s16,penalty_tight,2,0.6569773773951546,0.6323648627389491,0.014360616027375487,1.0,0.4154494090790816,0.8447690786505301,0.9817614194689647,0.9999999673462303,1000.0
R,8,R-n8-s16,penalty_tight,3,0.6601519662190609,0.6329169536920626,0.014488376549727665,1.0,0.417821371433193,0.8457090036209731,0.9820405246675156,0.9999999713165685,1000.0
R,8,R-n8-s16,native,1,1.0,0.9374999999997562,9.753364901358304e-13,0.9375,0.9374999999997562,0.9375000000006096,0.9375000000060958,0.9375000000609581,118.0
R,8,R-n8-s16,native,2,1.0,0.9374999999822036,4.047766640390645e-11,0.9375,0.9374999999822035,0.9375000000252985,0.9375000002529852,0.9375000025298513,232.0
R,8,R-n8-s16,native,3,1.0,0.937499999597458,4.886678106494509e-10,0.9375,0.937499999597458,0.9375000003054174,0.9375000030541735,0.9375000305417284,496.0
R,8,R-n8-s16,native_dicke,1,1.0,0.7766365765807657,0.14001146252528907,0.875,0.7766365765807656,0.9758849486475725,0.9999999816262709,1.0,672.0
R,8,R-n8-s16,native_dicke,2,1.0,0.832762796986894,0.216076399790869,0.875,0.832762796986894,0.9903848753000235,0.9999999999982279,1.0,1000.0
R,8,R-n8-s16,native_dicke,3,1.0,0.7981898178275807,0.0747400650428237,0.875,0.7981898178275806,0.9452174785701795,0.9999638028370481,1.0,1000.0
R,8,R-n8-s17,random,0,1.0,0.6915584415584416,0.03571428571428571,,0.6915584415584414,0.9066680376318081,0.997604600361551,0.999999999999778,
R,8,R-n8-s17,penalty_auto,1,0.5409428477562399,0.6935504598442934,0.019785198022294656,1.0,0.37517116081082175,0.8632412856129044,0.9874716393885323,0.9999999998092917,363.0
R,8,R-n8-s17,penalty_auto,2,0.6480371915304024,0.6958792063454283,0.024504269668838626,1.0,0.4509556065244967,0.8798364357419877,0.9923455746115287,0.9999999999981395,1000.0
R,8,R-n8-s17,penalty_auto,3,0.6608326962243681,0.6947037920052117,0.02453749903936492,1.0,0.45908297994809644,0.8804452838105445,0.9923743848575637,0.9999999999985237,1000.0
R,8,R-n8-s17,penalty_tight,1,0.5124221198477259,0.7015718140850123,0.02054132547065035,1.0,0.35950091619885666,0.8639398918452215,0.9884144847051989,0.999999999911507,351.0
R,8,R-n8-s17,penalty_tight,2,0.6510813241225242,0.7140174810659926,0.031127012518171907,1.0,0.4648834470190756,0.8931830541264705,0.9961417597863725,0.9999999999999982,1000.0
R,8,R-n8-s17,penalty_tight,3,0.5945038948616255,0.7115705926816139,0.02733366434897023,1.0,0.4230314888182147,0.8841415000236764,0.9942833491337691,0.9999999999998054,1000.0
R,8,R-n8-s17,native,1,1.0,0.843598868522974,0.1804155202752359,0.8181818181818182,0.8435988685229739,0.9855950996010961,0.99999999979204,1.0,107.0
R,8,R-n8-s17,native,2,1.0,0.8985182481919285,0.44002570510265093,1.0,0.8985182481919284,0.9996819941203475,1.0,1.0,344.0
R,8,R-n8-s17,native,3,1.0,0.8765270955673505,0.34181055545966643,0.8181818181818182,0.8765270955673504,0.9981092703112562,0.9999999999999889,0.999999999999889,679.0
R,8,R-n8-s17,native_dicke,1,1.0,0.7918325092748695,0.11388842728006654,1.0,0.7918325092748695,0.9681768264862045,0.9999994901432443,1.0,1000.0
R,8,R-n8-s17,native_dicke,2,1.0,0.8309588557791241,0.09327407813715437,0.9090909090909091,0.8309588557791241,0.9653455666714015,0.9999949159421343,1.0,1000.0
R,8,R-n8-s17,native_dicke,3,0.9999999999999999,0.8574854731513853,0.2842440301842608,1.0,0.8574854731513853,0.9966555243484811,0.9999999999999998,1.0,1000.0
R,8,R-n8-s18,random,0,1.0,0.6845238095238094,0.017857142857142856,,0.6845238095238093,0.8956240457454803,0.9887296203475395,0.9999999990030624,
R,8,R-n8-s18,penalty_auto,1,0.5444319651197597,0.6856960709843826,0.009858848767379247,1.0,0.3733148594009254,0.8538046651198489,0.9719167424513819,0.9999966809076904,465.0
R,8,R-n8-s18,penalty_auto,2,0.6654535690237684,0.6863485013285074,0.01216868484649415,1.0,0.45673305980316986,0.8704103505711774,0.978767951619111,0.9999996788571067,1000.0
R,8,R-n8-s18,penalty_auto,3,0.6277084347570522,0.686117242624693,0.011429587263445439,1.0,0.43068158042777077,0.8658217844291104,0.976828230100121,0.9999993215512389,1000.0
R,8,R-n8-s18,penalty_tight,1,0.5319776300522465,0.6918948924176083,0.010361553152325618,1.0,0.3680726051135732,0.8559742676947579,0.9735400477305729,0.9999980025872715,379.0
R,8,R-n8-s18,penalty_tight,2,0.6608830494963777,0.6959933746236773,0.013670147387749958,1.0,0.4599702238505702,0.8762210459423544,0.9820766133931846,0.9999999298404854,981.0
R,8,R-n8-s18,penalty_tight,3,0.6590024549718717,0.6951999379038841,0.013482915477192377,1.0,0.4581384657749525,0.8754913049945627,0.9816940705656813,0.9999999151756283,1000.0
R,8,R-n8-s18,native,1,1.0,0.7333333333333246,0.0,0.7333333333333333,0.7333333333333246,0.7333333333333325,0.7333333333333252,0.7333333333332519,119.0
R,8,R-n8-s18,native,2,1.0,0.733333332855681,0.0,0.7333333333333333,0.7333333328556809,0.7333333333333333,0.7333333333333333,0.7333333333333333,372.0
R,8,R-n8-s18,native,3,0.9999999999999999,0.7919776502600332,0.017628476243830276,0.9333333333333333,0.791977650260033,0.938309844175776,0.9887413779830505,0.999999998741909,753.0
R,8,R-n8-s18,native_dicke,1,0.9999999999999999,0.8089559138993817,0.07887123785750717,0.9333333333333333,0.8089559138993816,0.9678992661044206,0.9999819721858413,0.999999999999889,347.0
R,8,R-n8-s18,native_dicke,2,0.9999999999999999,0.8512296594853468,0.16067597564365987,1.0,0.8512296594853466,0.9880420788446089,0.9999999983523039,0.999999999999889,972.0
R,8,R-n8-s18,native_dicke,3,0.9999999999999999,0.8585879005007585,0.1717631194332215,1.0,0.8585879005007583,0.9897036446162393,0.9999999995641106,0.999999999999889,1000.0
R,8,R-n8-s19,random,0,1.0,0.5395408163265306,0.07142857142857142,,0.5395408163265305,0.9139807116157584,0.9999136158923452,0.999999999999778,
R,8,R-n8-s19,penalty_auto,1,0.5394129111586238,0.5450361434181581,0.04023640699763958,1.0,0.2939995328078572,0.8375455110593505,0.9976473048792474,1.0,439.0
R,8,R-n8-s19,penalty_auto,2,0.5391717374692204,0.54482966016736,0.04015450203389501,1.0,0.2937567544972003,0.8372886167909473,0.997627127228162,1.0,1000.0
R,8,R-n8-s19,penalty_auto,3,0.64284188560123,0.547086445947147,0.04873466232388904,1.0,0.3516900824995392,0.8663040602334703,0.999033699163939,0.9999999999996669,1000.0
R,8,R-n8-s19,penalty_tight,1,0.5244475849484709,0.5550154954856245,0.042239082041897816,1.0,0.2910765362164147,0.8420545531601997,0.9980910065034437,0.9999999999994449,288.0
R,8,R-n8-s19,penalty_tight,2,0.5154178876818138,0.5543606848435803,0.041307291320440545,1.0,0.28572741319592176,0.8385992635990623,0.9978958787890243,0.9999999999996669,961.0
R,8,R-n8-s19,penalty_tight,3,0.6294774242540224,0.5631678513790233,0.053867156669765354,1.0,0.35450144850873966,0.8766877460937319,0.9994374825601502,0.999999999999889,1000.0
R,8,R-n8-s19,native,1,0.9999999999999999,0.7142857142857142,0.0,0.7142857142857143,0.7142857142857143,0.71428572214641,0.7142857928926519,0.7142865003531441,99.0
R,8,R-n8-s19,native,2,0.9999999999999998,0.7415295271275543,0.02293520284929464,0.7142857142857143,0.7415295271275544,0.8826508702203563,0.9859641541800221,0.9999999999880251,314.0
R,8,R-n8-s19,native,3,1.0,0.8451509061310836,0.35639504837469355,1.0,0.8451509061310836,0.9982576828656882,1.0,1.0,726.0
R,8,R-n8-s19,native_dicke,1,1.0000000000000002,0.7969756098540258,0.37957603102627224,1.0,0.7969756098540257,0.9987892731457367,1.0,1.0,971.0
R,8,R-n8-s19,native_dicke,2,1.0,0.7570555680613724,0.3566465527078801,1.0,0.7570555680613724,0.9982265150126299,0.9999999999999889,0.999999999999889,1000.0
R,8,R-n8-s19,native_dicke,3,1.0,0.7616807443097467,0.24050342116209314,1.0,0.7616807443097467,0.9908150138582461,0.9999999999998387,1.0,1000.0
R,10,R-n10-s0,random,0,1.0,0.7128205128205128,0.03333333333333333,,0.7128205128205128,0.9212880109552336,0.9974071120174,0.9999999999999999,
R,10,R-n10-s0,penalty_auto,1,0.4518231684785808,0.7136311882830864,0.015216830548088247,1.0,0.32243510461519836,0.8616131821892455,0.9830727079501129,0.9999999831471144,426.0
R,10,R-n10-s0,penalty_auto,2,0.49833686995136917,0.7138814278620829,0.01683213886657811,1.0,0.35575343627720446,0.8718628880070542,0.9857325428461904,0.9999999967359289,910.0
R,10,R-n10-s0,penalty_auto,3,0.6106227226919996,0.7130656523695588,0.020452815354596886,1.0,0.43541409010804677,0.8889406646662195,0.9902124912548519,0.9999999999182292,1000.0
R,10,R-n10-s0,penalty_tight,1,0.4311761337050158,0.7201090883298653,0.015757691336704314,1.0,0.3104938525519142,0.8614013891790042,0.9839907769643583,0.9999999902705937,469.0
R,10,R-n10-s0,penalty_tight,2,0.48507978675791463,0.7225189570164138,0.018212713018042087,1.0,0.35047934159807265,0.8756115791801666,0.9876354686985989,0.9999999991980953,970.0
R,10,R-n10-s0,penalty_tight,3,0.5730468397977244,0.7156475480520476,0.020085822915110588,1.0,0.41009956582021573,0.8859359646997833,0.9898240250571207,0.9999999998813965,1000.0
R,10,R-n10-s0,native,1,1.0,0.6712291767842131,0.0,0.6923076923076923,0.671229176784213,0.787673539054542,0.8450452888972093,0.8461538461538461,103.0
R,10,R-n10-s0,native,2,1.0,0.7738331577927446,0.00011904392011931768,0.7692307692307693,0.7738331577927445,0.8391905860771581,0.8552674683812195,0.9068042782887259,835.0
R,10,R-n10-s0,native,3,1.0000000000000002,0.8082832239784534,0.0009236288239389727,0.8461538461538461,0.8082832239784538,0.8734494973197485,0.9287594357303101,0.9694687640319086,942.0
R,10,R-n10-s0,native_dicke,1,0.9999999999999998,0.8366399288001167,0.14019979985013192,1.0,0.8366399288001164,0.981855033246778,0.9999999788255913,0.999999999999778,444.0
R,10,R-n10-s0,native_dicke,2,1.0,0.8782881476347362,0.24557653380612254,1.0,0.8782881476347362,0.9953781111600916,0.9999999999999445,0.999999999999889,1000.0
R,10,R-n10-s0,native_dicke,3,0.9999999999999999,0.8870128480254275,0.31106286282180007,1.0,0.8870128480254275,0.9981360152111906,0.9999999999999889,0.999999999999889,1000.0
R,10,R-n10-s1,random,0,1.0,0.7191666666666666,0.05,,0.7191666666666666,0.9284786164989023,0.9994079470575963,1.0,
R,10,R-n10-s1,penalty_auto,1,0.45060085963229957,0.7199305032397326,0.022767828720516428,1.0,0.3244013036353374,0.8622516990439602,0.9899978677434528,0.9999999999896074,429.0
R,10,R-n10-s1,penalty_auto,2,0.6162255934998165,0.7203787233242266,0.03137710646460316,1.0,0.4439158063251112,0.8934924791697256,0.9958743736338663,0.9999999999999986,1000.0
R,10,R-n10-s1,penalty_auto,3,0.6214013795733079,0.720405546435967,0.03167455027542883,1.0,0.4476610004075724,0.8942532668848462,0.9959991704834369,0.9999999999999989,1000.0
R,10,R-n10-s1,penalty_tight,1,0.4242941751453322,0.7252034227120735,0.0230076133529696,1.0,0.30769958805219094,0.8601908004330322,0.9902397993583466,0.9999999999919943,434.0
R,10,R-n10-s1,penalty_tight,2,0.6004020096115492,0.7286331577131236,0.03441924306416857,1.0,0.4374728121605677,0.8987780768375663,0.9969878983196505,0.9999999999999999,1000.0
R,10,R-n10-s1,penalty_tight,3,0.5990086837252735,0.7287280933810899,0.034572284400880025,1.0,0.4365144560098349,0.8988002570210993,0.9970352646143615,0.9999999999997778,1000.0
R,10,R-n10-s1,native,1,0.9999999999999999,0.7222029255527415,0.0,0.7,0.7222029255527413,0.8778397914597343,0.8999999895149572,0.8999999999999001,113.0
R,10,R-n10-s1,native,2,0.9999999999999999,0.7678719032656923,8.385980373253533e-05,0.9,0.7678719032656921,0.8978197051039741,0.9008351264830723,0.9080443067601617,384.0
R,10,R-n10-s1,native,3,0.9999999999999999,0.8607810103192375,0.007854385507323263,0.9,0.8607810103192373,0.9075825048265986,0.9545491819514349,0.9999623801513275,751.0
R,10,R-n10-s1,native_dicke,1,0.9999999999999999,0.8424592352849402,0.20288474885645688,0.9,0.8424592352849399,0.9896176530003535,0.9999999999858057,1.0,415.0
R,10,R-n10-s1,native_dicke,2,1.0,0.8772493368279473,0.30789041166137954,1.0,0.8772493368279473,0.9974762763589566,1.0,1.0,1000.0
R,10,R-n10-s1,native_dicke,3,0.9999999999999998,0.8962310004222505,0.3699797971574415,1.0,0.8962310004222502,0.9990146662253307,1.0,1.0,1000.0
R,10,R-n10-s2,random,0,1.0,0.5029761904761905,0.008333333333333333,,0.5029761904761905,0.8150439891314334,0.9633135158053177,0.9999834198929201,
R,10,R-n10-s2,penalty_auto,1,0.4481768914623752,0.5053836441026832,0.003856047697279172,1.0,0.22650127060986777,0.7152645306934307,0.9256865645482443,0.9984997480380439,460.0
R,10,R-n10-s2,penalty_auto,2,0.6176718273547775,0.5072850551162831,0.005446512808458086,1.0,0.31333568698344333,0.7637857558760212,0.9438798315388623,0.9996965939845084,975.0
R,10,R-n10-s2,penalty_auto,3,0.6093160849186965,0.5072371963454002,0.005369069457925208,1.0,0.3090677826023154,0.7619510747908771,0.9431744488235606,0.9996720243854365,1000.0
R,10,R-n10-s2,penalty_tight,1,0.42792949067962305,0.5130704564554533,0.0040712332491764916,1.0,0.21955797911374333,0.7159439292059916,0.9282046407573099,0.9987913864021365,431.0
R,10,R-n10-s2,penalty_tight,2,0.4951004676324344,0.5190478006468535,0.005071728378454378,1.0,0.25698080882384366,0.7452969731396989,0.9397907409916588,0.9995577537697425,1000.0
R,10,R-n10-s2,penalty_tight,3,0.5815395705207469,0.5197272007918935,0.006013045990988914,1.0,0.3022419331364677,0.7685616056139095,0.9482939239760096,0.9998283833280512,1000.0
R,10,R-n10-s2,native,1,1.0000000000000002,0.8591672602362597,0.025393865901997627,0.8571428571428571,0.8591672602362596,0.9116442941032694,0.9945122247828728,0.999999999999518,116.0
R,10,R-n10-s2,native,2,1.0,0.8595627712292999,0.03068181309010658,0.8571428571428571,0.8595627712292999,0.9199193543576434,0.9968283719727511,0.9999999999999979,768.0
R,10,R-n10-s2,native,3,0.9999999999999999,0.8609680302490398,0.02975994578332456,0.8571428571428571,0.8609680302490393,0.9282941556207456,0.9965181751148178,0.9999999999997725,1000.0
R,10,R-n10-s2,native_dicke,1,1.0,0.6941508712028803,0.06589751848052251,0.8571428571428571,0.6941508712028804,0.9387843362309745,0.9999213830977731,1.0,786.0
R,10,R-n10-s2,native_dicke,2,1.0000000000000002,0.7213330104018945,0.08386144420141399,0.8571428571428571,0.7213330104018945,0.947262943510949,0.9999884805797546,1.0,1000.0
R,10,R-n10-s2,native_dicke,3,1.0,0.7106644360572736,0.03510949061617892,0.8571428571428571,0.7106644360572736,0.9107728951873714,0.9979250305341343,1.0,1000.0
R,10,R-n10-s3,random,0,1.0,0.5950000000000001,0.008333333333333333,,0.595,0.8324811120119003,0.9657990941076069,0.9999845252334956,
R,10,R-n10-s3,penalty_auto,1,0.44942989988280335,0.5961620081236862,0.0038271703456831006,1.0,0.26793303162495924,0.7528511993903899,0.9312385464433529,0.9985585412689882,377.0
R,10,R-n10-s3,penalty_auto,2,0.5987241861014918,0.5971553206866178,0.005171743851707996,1.0,0.3575313333542708,0.7861089956234357,0.94566019110952,0.9996267205925575,979.0
R,10,R-n10-s3,penalty_auto,3,0.6082567537058814,0.5970818659159858,0.005255628998986421,1.0,0.3631790774587079,0.78767550681145,0.9463721711734157,0.9996569082164432,1000.0
R,10,R-n10-s3,penalty_tight,1,0.4173751971001237,0.6029772647942021,0.004040276570548907,1.0,0.2516677547403736,0.7506118239566568,0.9331400343012619,0.9988362748321261,457.0
R,10,R-n10-s3,penalty_tight,2,0.5446963372878078,0.6087130574956713,0.005667923879177726,1.0,0.33156377287715494,0.7881737177548053,0.949350392192989,0.9997733453485774,999.0
R,10,R-n10-s3,penalty_tight,3,0.5841210540149644,0.6089966305418092,0.006206073237104843,1.0,0.3557277537236431,0.7961260019197056,0.9531357250506951,0.9998680984897879,1000.0
R,10,R-n10-s3,native,1,1.0,0.7333333332998119,0.0,0.7333333333333333,0.7333333332998119,0.7333333334769966,0.7333333347699663,0.7333333476996632,116.0
R,10,R-n10-s3,native,2,1.0,0.7999999997803604,1.1662615193413708e-20,0.8,0.7999999997803604,0.8,0.8,0.8,766.0
R,10,R-n10-s3,native,3,1.0,0.7999999684776354,8.709826726601649e-16,0.8,0.7999999684776354,0.8000000000000016,0.8000000000000156,0.8000000000001555,744.0
R,10,R-n10-s3,native_dicke,1,1.0,0.7297112883984918,0.024033046262474055,0.9333333333333333,0.7297112883984919,0.9272854905478064,0.994146310996048,0.9999999999981843,883.0
R,10,R-n10-s3,native_dicke,2,1.0,0.7503946371388388,0.032921660691309106,0.9333333333333333,0.7503946371388387,0.9370673328687261,0.997655357882074,0.9999999999998888,997.0
R,10,R-n10-s3,native_dicke,3,0.9999999999999998,0.7624407605309054,0.008621544303378,0.9333333333333333,0.7624407605309053,0.9328175598968831,0.9719549373854308,0.9999884286116065,1000.0
R,10,R-n10-s4,random,0,1.0,0.6461111111111111,0.008333333333333333,,0.646111111111111,0.8656173511638804,0.9701780260196717,0.9999845252340585,
R,10,R-n10-s4,penalty_auto,1,0.45207152051922994,0.6468238229437167,0.0038046038845727086,1.0,0.2924106291462265,0.7993161342327331,0.9437467262501061,0.9985261979549901,434.0
R,10,R-n10-s4,penalty_auto,2,0.4785598458776883,0.6471629053543747,0.004043239860660334,1.0,0.309706180244146,0.8059200361819155,0.9461484035511327,0.9988401748006818,951.0
R,10,R-n10-s4,penalty_auto,3,0.5942073194481365,0.6474980532439505,0.005042390399916647,1.0,0.384748082565974,0.8273067245323256,0.954353480463148,0.9995749043467421,1000.0
R,10,R-n10-s4,penalty_tight,1,0.4410775914477492,0.6507118747833729,0.003918003450602475,1.0,0.28701442645589936,0.7997319057528154,0.9448101261803431,0.998684776929747,483.0
R,10,R-n10-s4,penalty_tight,2,0.47197302028166044,0.6527010897465243,0.004288859992467043,1.0,0.30805730466879794,0.8088582653999482,0.9482319147610211,0.9990936941259484,946.0
R,10,R-n10-s4,penalty_tight,3,0.6128068936901652,0.6557783493897094,0.0057914872165456075,1.0,0.4018654932387718,0.8361487363380558,0.958919591217418,0.9997998359169435,1000.0
R,10,R-n10-s4,native,1,1.0,0.6174242416500834,0.0,0.6,0.6174242416500832,0.7004926001106295,0.7333229870158275,0.7333333333333333,113.0
R,10,R-n10-s4,native,2,0.9999999999999998,0.6274035830527223,0.0,0.6,0.6274035830527223,0.7294177374635537,0.807086986721335,0.8945284298370446,824.0
R,10,R-n10-s4,native,3,1.0,0.6452451417017606,1.846643121330792e-07,0.6666666666666666,0.6452451417017605,0.7810685827883688,0.8503996391026849,0.9321637910372582,774.0
R,10,R-n10-s4,native_dicke,1,1.0,0.711773121705072,0.008434268150094225,0.9333333333333333,0.711773121705072,0.8934887182008426,0.9713582658243958,0.9999860228689497,427.0
R,10,R-n10-s4,native_dicke,2,0.9999999999999998,0.7420585479434068,0.0016138386011360624,0.9333333333333333,0.7420585479434066,0.9051593561696546,0.943274687289149,0.9867425078690895,1000.0
R,10,R-n10-s4,native_dicke,3,1.0,0.7483357514540487,0.0009033106470680869,0.9333333333333333,0.7483357514540487,0.9185242855989808,0.939093908368904,0.9729959676839771,1000.0
R,10,R-n10-s5,random,0,1.0,0.6765151515151515,0.03333333333333333,,0.6765151515151515,0.8904105454081265,0.9969209233446295,0.9999999999999998,
R,10,R-n10-s5,penalty_auto,1,0.4508918967556047,0.6772063319108894,0.01522000483063883,1.0,0.30534684749020635,0.816789833934141,0.9784920967636467,0.9999999801468272,431.0
R,10,R-n10-s5,penalty_auto,2,0.6095479563707856,0.6777592661479862,0.02077880681529944,1.0,0.41312677559186806,0.8490235480082945,0.9884172918798877,0.9999999999309106,1000.0
R,10,R-n10-s5,penalty_auto,3,0.5740400729383486,0.6776833368449316,0.019542531098453754,1.0,0.38901739211156783,0.8431253828679529,0.9867492100591682,0.999999999755902,1000.0
R,10,R-n10-s5,penalty_tight,1,0.4232913894933074,0.6821448395846736,0.01561706544651205,1.0,0.2887460369834853,0.8148556732347887,0.9793516997641433,0.9999999867357285,477.0
R,10,R-n10-s5,penalty_tight,2,0.5972649534614954,0.6863979323298534,0.023696978696306638,1.0,0.409961429109056,0.8571675401552744,0.9914956593733905,0.9999999999965067,1000.0
R,10,R-n10-s5,penalty_tight,3,0.5641166501705233,0.6858752034802666,0.022182510336483358,1.0,0.386913622222314,0.8508536348848524,0.9899986329360381,0.9999999999834297,1000.0
R,10,R-n10-s5,native,1,1.0,0.9090909090814047,0.0,0.9090909090909091,0.9090909090814047,0.9090909090909091,0.9090909090909091,0.9090909090909091,105.0
R,10,R-n10-s5,native,2,1.0,0.9090906133881456,2.267827442667006e-16,0.9090909090909091,0.9090906133881456,0.9090909090909093,0.9090909090909111,0.9090909090909293,410.0
R,10,R-n10-s5,native,3,1.0000000000000002,0.8181818075346348,7.310551959827253e-16,0.8181818181818182,0.8181818075346349,0.8181818181818207,0.8181818181818424,0.8181818181820605,646.0
R,10,R-n10-s5,native_dicke,1,1.0000000000000002,0.7863435163934387,0.15171790751664893,1.0,0.7863435163934388,0.9762546959228746,0.9999999935039406,1.0,1000.0
R,10,R-n10-s5,native_dicke,2,1.0,0.7878723807778326,0.13852941027519916,0.8181818181818182,0.7878723807778326,0.9761620993557083,0.9999999696154354,0.999999999999889,1000.0
R,10,R-n10-s5,native_dicke,3,1.0,0.7879977344706929,0.18825435750857994,0.8181818181818182,0.7879977344706929,0.9864675148063542,0.9999999999204567,1.0,1000.0
R,10,R-n10-s6,random,0,1.0,0.5533333333333332,0.025,,0.5533333333333335,0.8562477789003047,0.9936863166773698,0.9999999999993262,
R,10,R-n10-s6,penalty_auto,1,0.44745508746823137,0.5556632979725582,0.011501774111123322,1.0,0.24863436959719695,0.7603044045387072,0.9663662033029867,0.9999993690597543,470.0
R,10,R-n10-s6,penalty_auto,2,0.5420534220445912,0.5584670585804234,0.014401577638597722,1.0,0.30271898020269544,0.7910609412626448,0.9770635988065451,0.9999999665854615,1000.0
R,10,R-n10-s6,penalty_auto,3,0.5880269884896608,0.551881802512351,0.014448611118009592,0.3333333333333333,0.3245213943335833,0.7950757449049756,0.9773434045247971,0.9999999681416498,1000.0
R,10,R-n10-s6,penalty_tight,1,0.4209103920751005,0.563872255644133,0.011916066953357278,1.0,0.2373396922034429,0.7589002273124951,0.9679775211875112,0.999999585143755,466.0
R,10,R-n10-s6,penalty_tight,2,0.5267291297969152,0.5768535813526012,0.01726727425220379,1.0,0.30384558492608976,0.805330956081284,0.9838027671169546,0.9999999981828687,1000.0
R,10,R-n10-s6,penalty_tight,3,0.5433606648268909,0.5716838202035089,0.016819528871577137,1.0,0.3106305006165554,0.8043204265336691,0.9829641356036485,0.9999999971345538,1000.0
R,10,R-n10-s6,native,1,1.0,0.8273193472377072,0.1900650462994367,0.8,0.8273193472377071,0.9874062430835537,0.9999999999533072,0.999999999999778,125.0
R,10,R-n10-s6,native,2,1.0,0.8483488672936041,0.36247773975574016,1.0,0.8483488672936041,0.9989702091340829,1.0,1.0,491.0
R,10,R-n10-s6,native,3,1.0,0.8879403708647264,0.539771749019398,1.0,0.8879403708647262,0.9999523691342929,0.9999999999999778,0.999999999999778,933.0
R,10,R-n10-s6,native_dicke,1,1.0,0.7234910015398783,0.13430006305928482,1.0,0.7234910015398782,0.9762300666707237,0.9999999636377402,0.999999999999778,991.0
R,10,R-n10-s6,native_dicke,2,1.0,0.661166652556454,0.0440015351699765,0.9333333333333333,0.661166652556454,0.9186770252006543,0.999258449408305,1.0,1000.0
R,10,R-n10-s6,native_dicke,3,1.0,0.7986956041928852,0.2714263404330097,1.0,0.7986956041928851,0.996580397373809,0.9999999999999989,1.0,1000.0
R,10,R-n10-s7,random,0,1.0,0.5928571428571429,0.025,,0.5928571428571429,0.8659527686382757,0.9941402013563033,0.9999999999992781,
R,10,R-n10-s7,penalty_auto,1,0.44870169175332253,0.5943749525579555,0.011442506796503202,1.0,0.2666970467485551,0.7767971356513127,0.9715929682358531,0.9999992825288802,559.0
R,10,R-n10-s7,penalty_auto,2,0.6079122234649044,0.5958585938611719,0.01579929913668765,1.0,0.36222972266481607,0.8168539606897782,0.9835889896823646,0.9999999913395207,977.0
R,10,R-n10-s7,penalty_auto,3,0.6381410565426172,0.5922088445315359,0.015799533417412113,0.5,0.3779127777432366,0.8185794177938718,0.9836315399368699,0.999999991341582,1000.0
R,10,R-n10-s7,penalty_tight,1,0.4182897899521807,0.6018565741048713,0.011764902814016445,1.0,0.25175045996366563,0.7743893912400086,0.972603320178062,0.9999994822193309,658.0
R,10,R-n10-s7,penalty_tight,2,0.5936873841129022,0.6105003425617425,0.01857238127324563,1.0,0.36244635137551146,0.829043014105403,0.9880307951941201,0.9999999994845964,955.0
R,10,R-n10-s7,penalty_tight,3,0.6136728535339906,0.5902294942999337,0.01477169087509559,0.5,0.3622078180069645,0.8119951019797038,0.9815225258488355,0.9999999754100264,1000.0
R,10,R-n10-s7,native,1,1.0,0.4277771038556896,0.0,0.35714285714285715,0.4277771038556897,0.5960740583668813,0.6425137958152312,0.6428571428571429,119.0
R,10,R-n10-s7,native,2,1.0,0.4904851424740101,0.0012251409624635325,0.35714285714285715,0.4904851424740099,0.7088120652226076,0.810558802448307,0.9736227942758002,277.0
R,10,R-n10-s7,native,3,1.0,0.649140137884407,0.0001722062211260304,0.7857142857142857,0.6491401378844069,0.8484152300145786,0.8735896754672233,0.9333762912496549,634.0
R,10,R-n10-s7,native_dicke,1,0.9999999999999999,0.7682586096820404,0.1675325279711135,0.9285714285714286,0.7682586096820401,0.9871130662073196,0.99999999922267,0.999999999999889,1000.0
R,10,R-n10-s7,native_dicke,2,1.0,0.8226835156668675,0.2101013070897071,1.0,0.8226835156668674,0.9930990668786369,0.9999999999959166,1.0,1000.0
R,10,R-n10-s7,native_dicke,3,1.0,0.8442999248566601,0.19883367458276519,0.9285714285714286,0.8442999248566601,0.9922002943986009,0.9999999999831678,1.0,1000.0
R,10,R-n10-s8,random,0,1.0,0.6703125,0.008333333333333333,,0.6703125,0.8723987778584564,0.9720418993929267,0.9999854924070338,
R,10,R-n10-s8,penalty_auto,1,0.45146208097773477,0.6711379415324391,0.003808173282555312,1.0,0.3029933317073484,0.8115629747376257,0.9472667351693795,0.9986232523641934,374.0
R,10,R-n10-s8,penalty_auto,2,0.6187883400882717,0.6713821493527121,0.005252076858817531,1.0,0.415443445762861,0.8396261602945521,0.958504024028437,0.9996772092310524,1000.0
R,10,R-n10-s8,penalty_auto,3,0.592429575941747,0.6713708008586646,0.00502401685754612,1.0,0.39773991885236964,0.8361830224236503,0.957056543343969,0.9995940450563957,1000.0
R,10,R-n10-s8,penalty_tight,1,0.4324962807585094,0.6772663894646588,0.00398119862134991,1.0,0.292915194526209,0.8112819928083026,0.948613559446015,0.9988427783486827,577.0
R,10,R-n10-s8,penalty_tight,2,0.5514217781737158,0.677625567514303,0.005208140992860282,1.0,0.37365749537471027,0.8349893533304035,0.957933522958288,0.9996626330522805,978.0
R,10,R-n10-s8,penalty_tight,3,0.696933420232494,0.6811698113363183,0.006833231505765328,1.0,0.47473000637374274,0.8553555663202203,0.9663761282279426,0.9999342251924732,1000.0
R,10,R-n10-s8,native,1,1.0,0.749999999999862,0.0,0.75,0.7499999999998621,0.7500000000009198,0.7500000000091982,0.750000000091982,125.0
R,10,R-n10-s8,native,2,1.0,0.7709426658129684,0.0,0.75,0.7709426658129681,0.8675316944950737,0.8797460722862911,0.909127664061417,328.0
R,10,R-n10-s8,native,3,0.9999999999999998,0.7988789142128327,3.1380840889794254e-06,0.875,0.7988789142128324,0.8751167352719202,0.8798438317673811,0.9097050770353098,852.0
R,10,R-n10-s8,native_dicke,1,1.0,0.763702175577817,0.02329905627510597,0.9375,0.7637021755778169,0.9367856183123493,0.9940838260458272,0.9999999999963902,401.0
R,10,R-n10-s8,native_dicke,2,0.9999999999999998,0.7855574032266424,0.029670365073623427,0.9375,0.7855574032266421,0.945616152500761,0.9969252517669547,0.9999999999999948,946.0
R,10,R-n10-s8,native_dicke,3,1.0,0.8253628356559558,0.056317791296316456,0.875,0.8253628356559557,0.9599201560023553,0.9998101298238653,0.999999999999889,1000.0
R,10,R-n10-s9,random,0,1.0,0.7131944444444444,0.03333333333333333,,0.7131944444444442,0.9199400627468087,0.9971913286130869,0.9999999999997778,
R,10,R-n10-s9,penalty_auto,1,0.45153268886412623,0.7143038501707165,0.015209476330012253,1.0,0.3225315381335815,0.8642693939508859,0.9818439479269138,0.9999999816058546,411.0
R,10,R-n10-s9,penalty_auto,2,0.47456967692575325,0.7140569556133255,0.015969503365803807,1.0,0.33886977873200286,0.8690799613362946,0.9832249477802992,0.9999999915006013,1000.0
R,10,R-n10-s9,penalty_auto,3,0.6229976335026179,0.7146688476971288,0.021148247742532877,1.0,0.44523700085335416,0.8915461268748479,0.9901583200373392,0.9999999999564638,1000.0
R,10,R-n10-s9,penalty_tight,1,0.43454192913656076,0.721433755439844,0.015609952094134025,1.0,0.31349321583306294,0.8640276969086883,0.9825742054942923,0.9999999877529038,397.0
R,10,R-n10-s9,penalty_tight,2,0.46330321327141943,0.7196766406353068,0.01653859886618346,1.0,0.33342850012271785,0.8699346299699072,0.9841767390273597,0.9999999952341743,1000.0
R,10,R-n10-s9,penalty_tight,3,0.6135075636325509,0.7241502710969775,0.023226092470182993,1.0,0.4442716685245579,0.8957921773830357,0.9920458487321511,0.9999999999948135,1000.0
R,10,R-n10-s9,native,1,1.0,0.9166666658574749,0.0,0.9166666666666666,0.9166666658574749,0.9166666666666666,0.9166666666666666,0.9166666666666666,101.0
R,10,R-n10-s9,native,2,1.0,0.9166666665666656,6.165444464628071e-21,0.9166666666666666,0.9166666665666655,0.9166666666666666,0.9166666666666666,0.9166666666666666,328.0
R,10,R-n10-s9,native,3,1.0,0.9166666652134723,1.2519117522394796e-08,0.9166666666666666,0.9166666652134723,0.916666677099263,0.9166667709925711,0.9166677099198345,680.0
R,10,R-n10-s9,native_dicke,1,1.0,0.7287381757201923,0.01641584600892973,0.75,0.7287381757201923,0.9075458696225533,0.9840788665442246,0.9999999946006412,898.0
R,10,R-n10-s9,native_dicke,2,0.9999999999999999,0.8214445702061558,0.11600415407658003,0.8333333333333334,0.8214445702061555,0.9724357066194738,0.9999996320056092,0.999999999999778,1000.0
R,10,R-n10-s9,native_dicke,3,1.0,0.8308968221462683,0.13126788513933965,1.0,0.8308968221462683,0.9776141739013746,0.9999999355227638,1.0,1000.0
R,10,R-n10-s10,random,0,1.0,0.67,0.016666666666666666,,0.6699999999999999,0.8929359980123907,0.98137584115874,0.9999999949792239,
R,10,R-n10-s10,penalty_auto,1,0.45117256926066196,0.6710625921485115,0.007618286801295946,1.0,0.3027650338343631,0.8320703122316491,0.9533277226394291,0.9999522742404139,418.0
R,10,R-n10-s10,penalty_auto,2,0.44870872178345556,0.6711841926668141,0.00758566302997021,1.0,0.3011662011727867,0.8315218187866285,0.9531703853399962,0.999950679246223,810.0
R,10,R-n10-s10,penalty_auto,3,0.6104622476231806,0.6716862260269801,0.010403168159192127,1.0,0.41003908323796157,0.8613607783792722,0.9648475973449532,0.999997127260507,1000.0
R,10,R-n10-s10,penalty_tight,1,0.4299237169111331,0.6787560624922783,0.007957053659808998,1.0,0.29181332926264564,0.8318498879387987,0.954904359857406,0.999966078619161,480.0
R,10,R-n10-s10,penalty_tight,2,0.4308022083037648,0.678650912923424,0.00796647159436377,1.0,0.29236431195477713,0.8320322090617902,0.9549481391987313,0.9999663991283343,903.0
R,10,R-n10-s10,penalty_tight,3,0.582876924772899,0.6836393967419622,0.011548921158474498,1.0,0.3984776292265547,0.8653640567091385,0.9686964293396431,0.9999990980551797,1000.0
R,10,R-n10-s10,native,1,1.0,0.7,0.0,0.7,0.7,0.7000000158689774,0.7000001586897168,0.7000015868915017,107.0
R,10,R-n10-s10,native,2,1.0,0.8116382458662035,4.26324727726793e-05,0.9,0.8116382458662034,0.9000346246452668,0.9004254263031278,0.9041737357569909,506.0
R,10,R-n10-s10,native,3,1.0000000000000002,0.8154005928718535,0.29113677248454406,1.0,0.8154005928718535,0.9966162812094288,0.9999999999999999,1.0,797.0
R,10,R-n10-s10,native_dicke,1,1.0,0.7735603466861878,0.021559950796796512,0.9,0.7735603466861878,0.9169650114982612,0.9886910553145134,0.9999999999656737,350.0
R,10,R-n10-s10,native_dicke,2,1.0,0.7877519923561266,0.031207184095657765,0.9,0.7877519923561266,0.9256713733667353,0.9958015308820491,0.9999999999999983,1000.0
R,10,R-n10-s10,native_dicke,3,1.0,0.824983822154873,0.042276975434548246,0.9,0.824983822154873,0.9344340559402539,0.9986695675179961,1.0,1000.0
R,10,R-n10-s11,random,0,1.0,0.6233333333333333,0.008333333333333333,,0.6233333333333333,0.8577028541044299,0.9688764263167343,0.9999845252340582,
R,10,R-n10-s11,penalty_auto,1,0.4502877195887367,0.6245754362717515,0.0038105088388327452,1.0,0.2812386489099472,0.7889629643595651,0.9391517171903695,0.9985348937279193,424.0
R,10,R-n10-s11,penalty_auto,2,0.4489319115450895,0.624503120109131,0.0037997622194425405,1.0,0.2803593794764643,0.7885739347183526,0.9390157715808155,0.9985190024893112,999.0
R,10,R-n10-s11,penalty_auto,3,0.5782514693617167,0.6235210974843305,0.00479764151826315,0.6,0.36055199079834427,0.8140339508697323,0.9489280341649691,0.9994563673906799,1000.0
R,10,R-n10-s11,penalty_tight,1,0.4247173587985588,0.6327628129147808,0.003955197240546699,1.0,0.26874535064711175,0.787673420982597,0.9404600096332785,0.998732973358273,402.0
R,10,R-n10-s11,penalty_tight,2,0.4637801391901147,0.6322467027487727,0.0044185845811345855,1.0,0.2932234638033167,0.7982873255525115,0.9448663092925704,0.9992044072931012,980.0
R,10,R-n10-s11,penalty_tight,3,0.5452818620525273,0.6257855660505335,0.004448139417841016,0.6,0.3412295187016298,0.808719148105788,0.9461303667733503,0.9992276795288817,1000.0
R,10,R-n10-s11,native,1,0.9999999999999998,0.7486735573809514,0.0,0.8,0.7486735573809512,0.8298464411917166,0.8664907872497862,0.8666666666665704,126.0
R,10,R-n10-s11,native,2,1.0,0.7333333326845171,1.0960867677306692e-36,0.7333333333333333,0.7333333326845168,0.7333333354177881,0.7333333541778784,0.7333335417784909,363.0
R,10,R-n10-s11,native,3,1.0,0.7560270058566834,0.0015926992496340428,0.7333333333333333,0.7560270058566831,0.9120740537288943,0.9431561412870727,0.9864588102287022,996.0
R,10,R-n10-s11,native_dicke,1,0.9999999999999998,0.7501702970489557,0.05188367824539818,0.8666666666666667,0.7501702970489554,0.937119895198626,0.9996756547201453,1.0,587.0
R,10,R-n10-s11,native_dicke,2,1.0,0.654755292343542,0.03179959658634877,0.8666666666666667,0.654755292343542,0.8935320110796352,0.9967810594695904,0.9999999999998884,1000.0
R,10,R-n10-s11,native_dicke,3,1.0,0.7395788329858192,0.02506038720377513,0.8666666666666667,0.7395788329858191,0.9024386138958701,0.9941549706754589,0.9999999999993667,1000.0
R,10,R-n10-s12,random,0,1.0,0.6972222222222222,0.06666666666666667,,0.6972222222222222,0.9404451213617451,0.9999159507030784,1.0,
R,10,R-n10-s12,penalty_auto,1,0.45174296446374956,0.6983453581105881,0.030427242195106403,1.0,0.3154726022923758,0.8709629012522739,0.9961380213067623,0.9999999999999968,388.0
R,10,R-n10-s12,penalty_auto,2,0.45469134921540855,0.6983114003367605,0.030619699840450217,1.0,0.317516152791623,0.871747453407213,0.9962157303707715,0.9999999999993313,994.0
R,10,R-n10-s12,penalty_auto,3,0.62544573451799,0.6989214576846646,0.04240268406015041,1.0,0.43713744447196934,0.9055575301198991,0.9989019753534508,0.9999999999995559,1000.0
R,10,R-n10-s12,penalty_tight,1,0.4315431197350041,0.7082633064934937,0.03175208215247294,1.0,0.3056461568780311,0.8723628865019393,0.996637088469218,0.9999999999999992,439.0
R,10,R-n10-s12,penalty_tight,2,0.48049060727138887,0.7082927606978732,0.03569224698798208,1.0,0.34032801871364926,0.8856657070015722,0.9977778468332512,1.0,977.0
R,10,R-n10-s12,penalty_tight,3,0.6087586197443606,0.7136077473300538,0.04744856896890985,1.0,0.43441486730352596,0.9128096731347859,0.9993534682423318,0.999999999999889,1000.0
R,10,R-n10-s12,native,1,1.0,0.9999999999963517,0.9999999999874916,1.0,0.9999999999963517,1.0,1.0,1.0,119.0
R,10,R-n10-s12,native,2,1.0,0.9999999992961622,0.9999999976500131,1.0,0.9999999992961621,1.0,1.0,1.0,603.0
R,10,R-n10-s12,native,3,1.0,0.9999932207101182,0.9999635702185502,1.0,0.9999932207101182,0.9999999999999989,0.9999999999999889,0.999999999999889,949.0
R,10,R-n10-s12,native_dicke,1,1.0,0.8098737551178856,0.17584421851581616,1.0,0.8098737551178856,0.9866399247335769,0.9999999996675321,1.0,271.0
R,10,R-n10-s12,native_dicke,2,1.0,0.7999539381738355,0.19604624179486035,1.0,0.7999539381738355,0.9894575039570092,0.9999999999721965,0.999999999999889,997.0
R,10,R-n10-s12,native_dicke,3,0.9999999999999999,0.8686840822494767,0.42672297863186903,1.0,0.8686840822494765,0.999653198295143,1.0,1.0,1000.0
R,10,R-n10-s13,random,0,1.0,0.6325757575757576,0.016666666666666666,,0.6325757575757576,0.8786041993705046,0.9830665528793767,0.999999995435759,
R,10,R-n10-s13,penalty_auto,1,0.4505094345034856,0.6335922763837604,0.007622261316480708,1.0,0.2854392981394241,0.7971453743599007,0.9568373688523855,0.9999567863647573,457.0
R,10,R-n10-s13,penalty_auto,2,0.5429727492492378,0.6342414132517986,0.009290390716305712,1.0,0.3443758038410506,0.820695279126168,0.9639491667341327,0.9999919650584567,907.0
R,10,R-n10-s13,penalty_auto,3,0.5940689659819677,0.6342182011309901,0.010153545700470768,1.0,0.376769350952831,0.8305373085149477,0.9670607841787769,0.9999966392273565,1000.0
R,10,R-n10-s13,penalty_tight,1,0.42518962748585304,0.640389156680547,0.007935143979098815,1.0,0.27228682697498136,0.7963956513555543,0.9582262252063991,0.9999684737501063,453.0
R,10,R-n10-s13,penalty_tight,2,0.5330283353527803,0.6453951452116722,0.010797110000340561,1.0,0.34401389989694353,0.8309580109782092,0.9691549973359588,0.9999982461840768,939.0
R,10,R-n10-s13,penalty_tight,3,0.5324060319415556,0.6447196064705415,0.010581952892264945,1.0,0.3432526073959018,0.8289586543410642,0.968457744735695,0.9999978201078854,1000.0
R,10,R-n10-s13,native,1,1.0,0.9090909088949,0.0,0.9090909090909091,0.9090909088949,0.9090909090909091,0.9090909090909091,0.9090909090909091,121.0
R,10,R-n10-s13,native,2,1.0,0.9090909083568085,3.4627402463803035e-45,0.9090909090909091,0.9090909083568085,0.9090909090909091,0.9090909090909091,0.9090909090909091,259.0
R,10,R-n10-s13,native,3,1.0000000000000002,0.9090907414212941,1.8060228802384372e-13,0.9090909090909091,0.9090907414212941,0.909090909091073,0.9090909090925492,0.90909090910731,663.0
R,10,R-n10-s13,native_dicke,1,1.0,0.772166198161178,0.09575638559929411,1.0,0.7721661981611779,0.96498207011113,0.9999961349744548,1.0,953.0
R,10,R-n10-s13,native_dicke,2,1.0,0.7529951821251519,0.09810696349206283,1.0,0.7529951821251519,0.9648254656889012,0.9999970207243224,1.0,1000.0
R,10,R-n10-s13,native_dicke,3,1.0,0.8025782831363051,0.16302555174591946,1.0,0.8025782831363051,0.9840163515337323,0.9999999983024316,1.0,1000.0
R,10,R-n10-s14,random,0,1.0,0.6166666666666667,0.016666666666666666,,0.6166666666666667,0.8594486196295976,0.9845826996317596,0.9999999961379499,
R,10,R-n10-s14,penalty_auto,1,0.4503347998476185,0.6179548066505535,0.007633037867478543,1.0,0.27828655416785064,0.7865113822757951,0.9526915015628588,0.9999638292062685,382.0
R,10,R-n10-s14,penalty_auto,2,0.4817604816972731,0.6179820789126729,0.008181493608711773,1.0,0.29771934401725153,0.7946326291819227,0.9561721077261196,0.9999791902922055,977.0
R,10,R-n10-s14,penalty_auto,3,0.6205341109336102,0.6187225981436594,0.010641605826293386,1.0,0.3839384773536086,0.8214776281507271,0.9683483372119048,0.9999982634009218,1000.0
R,10,R-n10-s14,penalty_tight,1,0.4259021651746926,0.6262718779464387,0.008026836679612445,1.0,0.26673054880540903,0.7864692971066801,0.9550125640018359,0.9999756789514147,418.0
R,10,R-n10-s14,penalty_tight,2,0.4525428399231892,0.6257031453477494,0.008532234875537994,1.0,0.2831574783445426,0.7938333735925317,0.957994130616616,0.9999853897779514,950.0
R,10,R-n10-s14,penalty_tight,3,0.5881903791360188,0.631005124131419,0.011925876002756085,1.0,0.3711511431996299,0.826651563234381,0.9728441078684045,0.9999995262133051,1000.0
R,10,R-n10-s14,native,1,1.0,0.6488487232821936,0.0,0.6153846153846154,0.6488487232821936,0.7641553142807338,0.7692307692307108,0.7692307692307693,110.0
R,10,R-n10-s14,native,2,0.9999999999999999,0.6516035378893305,0.0,0.6153846153846154,0.6516035378893306,0.7666666052965108,0.77182605916369,0.7917272598594896,437.0
R,10,R-n10-s14,native,3,1.0,0.6770561939413751,0.00016719635994159749,0.6153846153846154,0.6770561939413751,0.8273078199800695,0.8575572414819262,0.9161741355818926,1000.0
R,10,R-n10-s14,native_dicke,1,1.0,0.759170840570139,0.03974626960918622,0.7692307692307693,0.7591708405701391,0.9263660401623725,0.9986673710721224,1.0,317.0
R,10,R-n10-s14,native_dicke,2,1.0,0.7824797292975646,0.1332449982866171,1.0,0.7824797292975645,0.9777894439302623,0.9999999526093855,1.0,1000.0
R,10,R-n10-s14,native_dicke,3,1.0,0.817444407574515,0.04225007317136899,0.9230769230769231,0.8174444075745148,0.9486673185375752,0.9989737116589181,1.0,1000.0
R,10,R-n10-s15,random,0,1.0,0.6909090909090909,0.008333333333333333,,0.6909090909090908,0.8725445292956232,0.9606136551576046,0.9999788980464837,
R,10,R-n10-s15,penalty_auto,1,0.4509419958072105,0.691501202436819,0.0038074733831551816,1.0,0.3118269323299452,0.8138829398142343,0.9360175196324633,0.9979960509776037,426.0
R,10,R-n10-s15,penalty_auto,2,0.5342190073855424,0.6917574715345475,0.004536065893783652,1.0,0.36954998979471854,0.8295182544576041,0.9414029213545083,0.9990358660595975,1000.0
R,10,R-n10-s15,penalty_auto,3,0.5834777519471811,0.6918264670320408,0.004960638757576685,1.0,0.40366535172141566,0.836719245009124,0.9441352616115505,0.999370685131152,1000.0
R,10,R-n10-s15,penalty_tight,1,0.4239954946411968,0.69598732713891,0.0039512369792546135,1.0,0.29509549103426647,0.8118645002227005,0.9369508898397655,0.9982653663013122,389.0
R,10,R-n10-s15,penalty_tight,2,0.4875331673191259,0.6977140259932465,0.004713949975985357,1.0,0.3401587289754664,0.8273486415104546,0.9424230483665895,0.9991936486170665,1000.0
R,10,R-n10-s15,penalty_tight,3,0.5614423955571817,0.6983794794724298,0.005491263949157908,1.0,0.3920998479629786,0.8401059995408541,0.9471756408884427,0.9996308441459294,1000.0
R,10,R-n10-s15,native,1,1.0,0.8181818180594508,0.0,0.8181818181818182,0.8181818180594508,0.8181818181818182,0.8181818181818182,0.8181818181818182,116.0
R,10,R-n10-s15,native,2,1.0,0.8181818181280388,2.904199843154479e-41,0.8181818181818182,0.8181818181280387,0.8181818181818182,0.8181818181818182,0.8181818181818182,255.0
R,10,R-n10-s15,native,3,0.9999999999999999,0.8181818181296954,4.501864403087908e-41,0.8181818181818182,0.8181818181296953,0.8181818181818173,0.8181818181818091,0.8181818181817274,836.0
R,10,R-n10-s15,native_dicke,1,0.9999999999999998,0.7820810219295256,0.025297189859546584,0.9090909090909091,0.7820810219295252,0.9242898657758782,0.9929882062685139,0.9999999999991006,988.0
R,10,R-n10-s15,native_dicke,2,1.0,0.7729239214673786,0.01251226981643474,0.9090909090909091,0.7729239214673786,0.9120163659346312,0.9741905871433817,0.999999690745937,1000.0
R,10,R-n10-s15,native_dicke,3,0.9999999999999998,0.7938073296061758,0.019010482924625854,0.9090909090909091,0.7938073296061756,0.922714038460092,0.9866634356409781,0.9999999995800443,1000.0
R,10,R-n10-s16,random,0,1.0,0.5993055555555556,0.008333333333333333,,0.5993055555555556,0.8435004410614428,0.9627279636518973,0.9999806565427118,
R,10,R-n10-s16,penalty_auto,1,0.4523653396421692,0.6001186466971343,0.0038086807553742454,1.0,0.2714728754387481,0.767768075388996,0.9306622495405308,0.9981652713673516,394.0
R,10,R-n10-s16,penalty_auto,2,0.5425571561440641,0.601449381664674,0.004657355814978873,1.0,0.32632066608059124,0.7901250808188182,0.9396713254154253,0.9992175978813657,909.0
R,10,R-n10-s16,penalty_auto,3,0.5985674961470919,0.6011656478308052,0.005111437547549168,1.0,0.3598382165917295,0.8000638198291145,0.9437294223650499,0.9995042566867446,1000.0
R,10,R-n10-s16,penalty_tight,1,0.44275974629051734,0.6046743553004892,0.003949036396596425,1.0,0.2677254641412268,0.7689331050746755,0.9322299069645577,0.998406402043743,418.0
R,10,R-n10-s16,penalty_tight,2,0.5400700910652362,0.613639244156599,0.005476480256256066,1.0,0.33140820247285707,0.8000603316764348,0.9460285217239208,0.9996565392777298,982.0
R,10,R-n10-s16,penalty_tight,3,0.5713580984620219,0.6116981339714378,0.005597069244232504,1.0,0.34949868265868755,0.804029899920311,0.9471736225145809,0.9996957613644276,1000.0
R,10,R-n10-s16,native,1,1.0,0.499999999911993,0.0,0.5,0.499999999911993,0.5,0.5,0.5,114.0
R,10,R-n10-s16,native,2,1.0,0.5432775907708933,0.00034595198683230147,0.5,0.5432775907708933,0.7370130396749979,0.7798716363143549,0.8899244262727538,242.0
R,10,R-n10-s16,native,3,1.0,0.7547760934301405,0.0054944198807512995,0.75,0.7547760934301404,0.878287815607608,0.9519642316418413,0.9996626792750125,979.0
R,10,R-n10-s16,native_dicke,1,1.0,0.713235413947037,0.060327002887096345,1.0,0.7132354139470369,0.9356395044428033,0.9998346008871282,1.0,454.0
R,10,R-n10-s16,native_dicke,2,1.0000000000000002,0.7502459071997793,0.08553958033737322,1.0,0.7502459071997796,0.9533630258325874,0.9999891025451403,1.0,1000.0
R,10,R-n10-s16,native_dicke,3,0.9999999999999998,0.7864242116671583,0.20425051411286474,1.0,0.786424211667158,0.9905891261405317,0.9999999999900132,0.999999999999778,1000.0
R,10,R-n10-s17,random,0,1.0,0.6077380952380952,0.11666666666666667,,0.6077380952380952,0.9680588962466017,0.9999997073547492,0.999999999999889,
R,10,R-n10-s17,penalty_auto,1,0.4516533048444972,0.6098091133120637,0.0533022232731473,1.0,0.2754223013516856,0.8737909964929174,0.9996981653980791,1.0,449.0
R,10,R-n10-s17,penalty_auto,2,0.614468679972159,0.6120902204686595,0.07344414406548781,1.0,0.37611026979524503,0.9230361617389545,0.9999651861679641,0.9999999999996669,1000.0
R,10,R-n10-s17,penalty_auto,3,0.6082936192111246,0.6118872484923675,0.07262274286193209,1.0,0.3722071089345589,0.9215985470640943,0.9999619553296025,0.999999999999778,1000.0
R,10,R-n10-s17,penalty_tight,1,0.43768870030639445,0.6220790194073966,0.05524067389558048,1.0,0.2722769574922995,0.8772862052569338,0.9997544523283708,1.0,428.0
R,10,R-n10-s17,penalty_tight,2,0.5877903544055749,0.6364513425538469,0.0800928178313826,1.0,0.37409996020162944,0.931223099490089,0.9999830676483967,1.0,1000.0
R,10,R-n10-s17,penalty_tight,3,0.6049876715507166,0.638352914002686,0.0834587890041079,1.0,0.386195643070099,0.9358313469066993,0.9999882671962455,1.0,1000.0
R,10,R-n10-s17,native,1,1.0,0.8571428571410785,0.0,0.8571428571428571,0.8571428571410786,0.8571428571428571,0.8571428571428571,0.8571428571428571,112.0
R,10,R-n10-s17,native,2,1.0,0.7857142849762091,9.980993353087947e-10,0.7857142857142857,0.7857142849762092,0.7857142878530701,0.7857143071021285,0.7857144995926179,236.0
R,10,R-n10-s17,native,3,1.0,0.8587084250175612,0.05812082378821481,0.8571428571428571,0.8587084250175611,0.9250503775929753,0.9997512816357189,0.999999999999889,710.0
R,10,R-n10-s17,native_dicke,1,1.0,0.7961093133110783,0.28974896044941506,0.7857142857142857,0.7961093133110781,0.9975050849759438,1.0,1.0,729.0
R,10,R-n10-s17,native_dicke,2,0.9999999999999999,0.8621328530470133,0.38488800019945996,1.0,0.8621328530470131,0.9994398783286144,1.0,1.0,1000.0
R,10,R-n10-s17,native_dicke,3,1.0,0.8448751306248773,0.32605846902072994,0.9285714285714286,0.8448751306248774,0.9986093623976202,1.0,1.0,1000.0
R,10,R-n10-s18,random,0,1.0,0.38869047619047614,0.008333333333333333,,0.3886904761904762,0.7373077203805316,0.931438302306555,0.9999668397867839,
R,10,R-n10-s18,penalty_auto,1,0.4475454728681043,0.39307116973182094,0.003921186114412157,1.0,0.17591722252844663,0.6299765894454233,0.8713451101811032,0.9971900989994614,579.0
R,10,R-n10-s18,penalty_auto,2,0.499923137335867,0.39441722188104794,0.004448950384071318,1.0,0.19717829498206954,0.6497270292774193,0.8818685680558234,0.9983462608804474,973.0
R,10,R-n10-s18,penalty_auto,3,0.6110519826180694,0.3968730365483509,0.005602704643721127,1.0,0.24251005583052312,0.6825577398525827,0.9006948412594307,0.9994813915512911,1000.0
R,10,R-n10-s18,penalty_tight,1,0.43054372471719365,0.4039580140869575,0.004266716095376241,1.0,0.17392158801435895,0.6338491995894381,0.8775342831905407,0.9980140035245,544.0
R,10,R-n10-s18,penalty_tight,2,0.5351036458360987,0.41470866149636554,0.006041178744474008,1.0,0.22191211672651298,0.6800651383379388,0.9054188580525018,0.9996663456302645,997.0
R,10,R-n10-s18,penalty_tight,3,0.5977728811390028,0.4167142267011731,0.006869312991104959,1.0,0.24910046390677157,0.6980217588346023,0.9157177088690618,0.999855021394808,1000.0
R,10,R-n10-s18,native,1,1.0000000000000002,0.5714285713078546,0.0,0.5714285714285714,0.5714285713078547,0.5714285726357388,0.5714285835002447,0.5714286921452586,108.0
R,10,R-n10-s18,native,2,1.0,0.5932835625993012,0.0036400195262870703,0.5714285714285714,0.5932835625993008,0.7762293522761691,0.8565791239970912,0.9956843255319235,264.0
R,10,R-n10-s18,native,3,1.0,0.6645213674089568,0.02522951139265748,0.7142857142857143,0.6645213674089568,0.8278353543642955,0.9846300177503262,0.999999999998817,741.0
R,10,R-n10-s18,native_dicke,1,1.0,0.6587834839820966,0.11491423803362351,1.0,0.6587834839820966,0.9472213012730106,0.9999992864219005,0.999999999999889,944.0
R,10,R-n10-s18,native_dicke,2,1.0,0.6772660892017277,0.1298250749801907,1.0,0.6772660892017276,0.9558832185784515,0.9999998695149158,1.0,1000.0
R,10,R-n10-s18,native_dicke,3,1.0000000000000002,0.6528710541271691,0.06154043848769519,0.8571428571428571,0.652871054127169,0.9081317739973152,0.999750851345189,1.0,1000.0
R,10,R-n10-s19,random,0,1.0,0.6166666666666667,0.03333333333333333,,0.6166666666666667,0.869363346836986,0.9960097557547378,0.9999999999999999,
R,10,R-n10-s19,penalty_auto,1,0.4475746143226327,0.6182556674684268,0.015239713282783627,1.0,0.27671554191996295,0.7907771998229658,0.9698142728081371,0.9999999817861566,382.0
R,10,R-n10-s19,penalty_auto,2,0.47575257822605466,0.6185779342880612,0.016270967112507688,1.0,0.2942900470712916,0.7988200740923328,0.973113983530968,0.9999999936423382,1000.0
R,10,R-n10-s19,penalty_auto,3,0.5269022228892926,0.6195207402423154,0.01823545654091454,1.0,0.3264268551596959,0.8116832468812978,0.9784169487678964,0.9999999991440317,1000.0
R,10,R-n10-s19,penalty_tight,1,0.4044861200897014,0.6270937206702617,0.015473796265205906,1.0,0.25365070600652895,0.7851293928593563,0.970489972769515,0.9999999856346292,411.0
R,10,R-n10-s19,penalty_tight,2,0.4939685521766342,0.6321571471584077,0.02020331863444327,1.0,0.3122657507299493,0.8159327438952152,0.9825860518411452,0.9999999998852442,1000.0
R,10,R-n10-s19,penalty_tight,3,0.5435286554150849,0.634574731681512,0.02291280001600713,1.0,0.34490955067124,0.8289623522070798,0.9871048741547325,0.9999999999928263,1000.0
R,10,R-n10-s19,native,1,1.0,0.6666666660564676,0.0,0.6666666666666666,0.6666666660564675,0.6666666666666666,0.6666666666666666,0.6666666666666666,113.0
R,10,R-n10-s19,native,2,1.0,0.8333333330423374,4.8785791375104707e-20,0.8333333333333334,0.8333333330423373,0.8333333333333334,0.8333333333333334,0.8333333333333334,639.0
R,10,R-n10-s19,native,3,1.0,0.8351714863982174,0.21574193061483476,0.9166666666666666,0.8351714863982175,0.9925597813783381,0.9999999999976734,1.0,837.0
R,10,R-n10-s19,native_dicke,1,0.9999999999999999,0.8125158615844347,0.25102357162605904,1.0,0.8125158615844343,0.9920375189695688,0.9999999999999648,0.999999999999889,840.0
R,10,R-n10-s19,native_dicke,2,1.0,0.8126061854540577,0.25202830301348705,1.0,0.8126061854540576,0.9921219004804644,0.9999999999999789,1.0,1000.0
R,10,R-n10-s19,native_dicke,3,1.0,0.8365593565488807,0.37286537981259105,1.0,0.8365593565488805,0.9987387202095327,1.0,1.0,1000.0
R,12,R-n12-s0,random,0,1.0,0.6349650349650351,0.020202020202020204,,0.6349650349650349,0.8739942061984074,0.9897790041848378,0.9999999998946593,
R,12,R-n12-s0,penalty_auto,1,0.44364925053772525,0.6358113561732287,0.009068453611948676,1.0,0.28207723164962756,0.7962820097592601,0.9630362004808124,0.9999914942785084,475.0
R,12,R-n12-s0,penalty_auto,2,0.5986952255262561,0.6363739027641709,0.012345168195907372,1.0,0.380994017234419,0.8302267163656403,0.9754729474224675,0.999999690078939,1000.0
R,12,R-n12-s0,penalty_auto,3,0.5779346130815397,0.6351307786873338,0.011673476153286004,0.6153846153846154,0.3670640608368403,0.8254497635258532,0.9734435225253238,0.9999993883437942,1000.0
R,12,R-n12-s0,penalty_tight,1,0.4336971763554115,0.6415882812684808,0.009592169868546935,1.0,0.2782550259688613,0.7988281652858324,0.965359986254779,0.9999949867210756,458.0
R,12,R-n12-s0,penalty_tight,2,0.5843888228182369,0.6458333638402111,0.013776824795273063,1.0,0.3774177992313231,0.8365426274862287,0.9791564821189673,0.9999999273458502,1000.0
R,12,R-n12-s0,penalty_tight,3,0.5873068568066462,0.6361556582315026,0.01180176749474413,0.6153846153846154,0.3736185800757068,0.8275735396483328,0.9739266565588391,0.9999994628079203,1000.0
R,12,R-n12-s0,native,1,1.0,0.9230769200514097,0.0,0.9230769230769231,0.9230769200514097,0.9230769230769231,0.9230769230769231,0.9230769230769231,109.0
R,12,R-n12-s0,native,2,1.0,0.9230769204786168,7.643478860931482e-18,0.9230769230769231,0.9230769204786166,0.9230769230769231,0.9230769230769231,0.9230769230769231,331.0
R,12,R-n12-s0,native,3,1.0,0.9230769061541492,9.437447953555954e-15,0.9230769230769231,0.9230769061541491,0.9230769230769293,0.9230769230769855,0.9230769230775465,986.0
R,12,R-n12-s0,native_dicke,1,1.0,0.7467056519570733,0.09252688471980315,1.0,0.7467056519570733,0.9614558489941079,0.9999953287176572,0.999999999999889,657.0
R,12,R-n12-s0,native_dicke,2,0.9999999999999999,0.657625216279638,0.04113257666241578,0.5384615384615384,0.6576252162796379,0.9173769507306304,0.9988465571815361,0.999999999999889,1000.0
R,12,R-n12-s0,native_dicke,3,0.9999999999999999,0.7702256948744035,0.10382110654711561,0.9230769230769231,0.7702256948744034,0.9696047582501167,0.9999986648569792,1.0,1000.0
R,12,R-n12-s1,random,0,1.0,0.6997113997113997,0.00808080808080808,,0.6997113997113994,0.878594920215078,0.9676545902028558,0.999978612247306,
R,12,R-n12-s1,penalty_auto,1,0.4437808400328633,0.7002194068181687,0.003622233551615477,1.0,0.31074395656508,0.8224332949207359,0.9415451437060479,0.9981037310331293,413.0
R,12,R-n12-s1,penalty_auto,2,0.5292313588812053,0.7003804855651173,0.004341359430038995,0.9285714285714286,0.3706633161095043,0.8382168167923585,0.9480118261982458,0.9990788317192772,989.0
R,12,R-n12-s1,penalty_auto,3,0.5884643124554312,0.700518109402321,0.004838433264635463,1.0,0.4122299076120154,0.8464218657333185,0.9517216587466418,0.9994409287895784,1000.0
R,12,R-n12-s1,penalty_tight,1,0.435328866094083,0.7031388212955528,0.003760605311261851,1.0,0.3060966257813232,0.8230067094154142,0.9427046234880512,0.9983496229065187,430.0
R,12,R-n12-s1,penalty_tight,2,0.5258276591502149,0.704109624923672,0.00468321240744376,0.9285714285714286,0.3702403158587503,0.840959545134313,0.9503602963340589,0.9993465668559158,992.0
R,12,R-n12-s1,penalty_tight,3,0.5588292448135894,0.704754866354006,0.00503231393664624,1.0,0.39383762974330966,0.8462363357156022,0.9527901613444805,0.9995399042779449,1000.0
R,12,R-n12-s1,native,1,1.0,0.9285714284236475,0.0,0.9285714285714286,0.9285714284236474,0.9285714285714286,0.9285714285714286,0.9285714285714286,118.0
R,12,R-n12-s1,native,2,1.0,0.9285714282395058,4.4537340292577246e-20,0.9285714285714286,0.9285714282395058,0.9285714285714286,0.9285714285714286,0.9285714285714286,567.0
R,12,R-n12-s1,native,3,0.9999999999999999,0.9285632685208373,8.792242333066531e-06,0.9285714285714286,0.928563268520837,0.9285777084960538,0.928634202977909,0.929196695850999,786.0
R,12,R-n12-s1,native_dicke,1,1.0000000000000002,0.8088914350038214,0.031810253052755526,0.9285714285714286,0.8088914350038214,0.9391911828993619,0.9971821368687785,0.9999999999999993,533.0
R,12,R-n12-s1,native_dicke,2,1.0,0.8462067162710644,0.050976815821966316,0.9285714285714286,0.8462067162710643,0.9559910048316956,0.9996184476080802,1.0,1000.0
R,12,R-n12-s1,native_dicke,3,1.0,0.8465226057665189,0.055554089355064236,0.9285714285714286,0.8465226057665189,0.9580506970318945,0.9997647221658023,1.0,1000.0
R,12,R-n12-s2,random,0,1.0,0.654419191919192,0.00808080808080808,,0.6544191919191917,0.8737150527251999,0.9712223789836719,0.9999812857163928,
R,12,R-n12-s2,penalty_auto,1,0.4431668470567759,0.6554169744497432,0.003628343004563251,1.0,0.29045907407438415,0.8081943696844422,0.945974901260726,0.9983509067487949,481.0
R,12,R-n12-s2,penalty_auto,2,0.6466557670717443,0.6558547371180854,0.005309774834856959,1.0,0.42411224811873244,0.8433474308092103,0.9589788617118076,0.999695399815368,964.0
R,12,R-n12-s2,penalty_auto,3,0.6288211130722885,0.6549549391121966,0.005103074704305681,0.625,0.4118494938247243,0.8405198224049368,0.9577356813587946,0.9996250540134376,1000.0
R,12,R-n12-s2,penalty_tight,1,0.4295184876239927,0.6623172848633013,0.003834415740749365,1.0,0.2844775185217143,0.8090879459008582,0.9476721338796463,0.9986590466051737,429.0
R,12,R-n12-s2,penalty_tight,2,0.6412589625471723,0.6660140893915447,0.005860806837946681,1.0,0.4270875040050215,0.8480622643305853,0.9618643214209384,0.9998249847569718,924.0
R,12,R-n12-s2,penalty_tight,3,0.599431119423293,0.6592699212440386,0.005046003633084499,0.625,0.39518690689342006,0.8382750585412375,0.9572603953164961,0.9996029174721511,1000.0
R,12,R-n12-s2,native,1,1.0,0.9374999999961459,0.0,0.9375,0.9374999999961459,0.9375,0.9375,0.9375,121.0
R,12,R-n12-s2,native,2,1.0000000000000002,0.9374999997563912,2.1081157188726313e-09,0.9375,0.9374999997563913,0.9375000013175722,0.9375000131757203,0.9375001317570775,311.0
R,12,R-n12-s2,native,3,1.0,0.9527649022577239,0.37387506983859126,0.9375,0.9527649022577238,0.9994212513647649,1.0,1.0,817.0
R,12,R-n12-s2,native_dicke,1,1.0,0.756131010834106,0.014834468665506188,0.875,0.7561310108341059,0.9234023936420942,0.9859777683507169,0.9999999798120014,583.0
R,12,R-n12-s2,native_dicke,2,0.9999999999999999,0.68439851528963,0.003434230957482879,0.5625,0.68439851528963,0.8972198787114298,0.9556386506710228,0.9979962406479307,1000.0
R,12,R-n12-s2,native_dicke,3,0.9999999999999999,0.7605624993642,0.002936155913345162,0.9375,0.7605624993641998,0.9220063066690182,0.9534223894797405,0.996697460620622,1000.0
R,12,R-n12-s3,random,0,1.0,0.5839572192513369,0.006060606060606061,,0.5839572192513368,0.8248446065092747,0.959821509651547,0.9998652728346231,
R,12,R-n12-s3,penalty_auto,1,0.44375484505620044,0.584731710577622,0.0027240538124018226,1.0,0.2594775296268192,0.7433538948475077,0.9235937121336514,0.9961485053116124,433.0
R,12,R-n12-s3,penalty_auto,2,0.529447590403116,0.585635287100297,0.0032988524452009418,1.0,0.3100631916102893,0.7653309044437214,0.9332927095512716,0.9978387712475781,884.0
R,12,R-n12-s3,penalty_auto,3,0.5158044852028127,0.5850913642138812,0.0031852338471304,1.0,0.30179274991495236,0.7617982850215338,0.9315896799261442,0.997577504664984,1000.0
R,12,R-n12-s3,penalty_tight,1,0.43466750478766386,0.590693225510772,0.0029419680563610804,1.0,0.2567551504277437,0.7467982894009292,0.9270477384350387,0.9969063535219905,394.0
R,12,R-n12-s3,penalty_tight,2,0.5254289495046813,0.5987482825693915,0.0040433024952581074,1.0,0.3145996811281673,0.777953637362085,0.9421603134717917,0.9989765905123889,820.0
R,12,R-n12-s3,penalty_tight,3,0.5485504682728195,0.5940628066574556,0.003918806382983871,1.0,0.3258734307754127,0.777730486302148,0.9409306534065046,0.9988403016943984,1000.0
R,12,R-n12-s3,native,1,1.0,0.5294117647058717,0.0,0.5294117647058824,0.5294117647058716,0.5294117647058824,0.5294117647058824,0.5294117647058824,112.0
R,12,R-n12-s3,native,2,1.0,0.5605379977707541,0.0,0.5294117647058824,0.5605379977707541,0.7391066471052137,0.8545150583553982,0.9390332750579146,241.0
R,12,R-n12-s3,native,3,1.0,0.5683887215381703,0.00010489598738886916,0.6470588235294118,0.5683887215381704,0.7258679354499469,0.8664781892526312,0.9456577065937708,760.0
R,12,R-n12-s3,native_dicke,1,0.9999999999999999,0.7356934671587778,0.02871763286782215,0.9411764705882353,0.7356934671587776,0.9333978019532665,0.9968072988468648,0.9999999999998759,544.0
R,12,R-n12-s3,native_dicke,2,1.0,0.7686528447121157,0.046006312897034385,0.9411764705882353,0.7686528447121155,0.9521003120570909,0.9994702122016489,1.0,1000.0
R,12,R-n12-s3,native_dicke,3,1.0,0.7361553746873917,0.05063060358237374,0.7058823529411765,0.7361553746873916,0.9371876486919964,0.9996731154901786,0.999999999999889,1000.0
R,12,R-n12-s4,random,0,1.0,0.7214814814814815,0.024242424242424242,,0.7214814814814814,0.9238591797082399,0.9942702880305128,0.999999999998535,
R,12,R-n12-s4,penalty_auto,1,0.44389624870894534,0.7220573553993789,0.010836674904835399,1.0,0.32051855141448593,0.8634235224076532,0.9772022077467837,0.999998764295792,727.0
R,12,R-n12-s4,penalty_auto,2,0.44418791722739814,0.7220575942933093,0.010843179571691843,1.0,0.32072925892737064,0.8634946555493168,0.9772182093714934,0.9999987723920638,920.0
R,12,R-n12-s4,penalty_auto,3,0.611253554213024,0.7214640794726322,0.014771348563403567,0.6666666666666666,0.440997482814674,0.8922570199013032,0.9848951859199656,0.9999999770415898,1000.0
R,12,R-n12-s4,penalty_tight,1,0.43876607776420007,0.7253482897391832,0.01114596515307085,1.0,0.31825822410183197,0.864673609022146,0.9779354990268585,0.9999990961442864,779.0
R,12,R-n12-s4,penalty_tight,2,0.43802671328920806,0.7253502301081018,0.01112244413490151,1.0,0.3177227772778216,0.8644764187797501,0.9778803791231107,0.99999907438849,1000.0
R,12,R-n12-s4,penalty_tight,3,0.6137725817330366,0.7214988457612853,0.014575891153082521,0.8,0.4428362092803093,0.8921029614832099,0.9845916424221953,0.9999999720042556,1000.0
R,12,R-n12-s4,native,1,0.9999999999999998,0.8666666666666667,0.0,0.8666666666666667,0.8666666666666666,0.8666666691819926,0.8666666918199222,0.8666669181987948,111.0
R,12,R-n12-s4,native,2,1.0,0.866666566865332,3.4481014364740535e-31,0.8666666666666667,0.8666665668653319,0.8672405696680765,0.8721884030720698,0.9052514732283363,772.0
R,12,R-n12-s4,native,3,1.0000000000000002,0.8768557598621916,0.00011990974555960688,0.8666666666666667,0.8768557598621918,0.9254987954735938,0.9341280052773764,0.9408670592299827,882.0
R,12,R-n12-s4,native_dicke,1,0.9999999999999999,0.8371561112992755,0.10219427245699372,1.0,0.8371561112992754,0.9759484244854221,0.9999986127781966,1.0,681.0
R,12,R-n12-s4,native_dicke,2,1.0,0.8657454835577448,0.15192238082112916,1.0,0.8657454835577447,0.9868468838326672,0.9999999953498284,1.0,1000.0
R,12,R-n12-s4,native_dicke,3,1.0,0.8742144194528225,0.14766657167086975,0.9333333333333333,0.8742144194528225,0.9863419878012277,0.9999999923288423,1.0,1000.0
R,12,R-n12-s5,random,0,1.0,0.6666666666666666,0.00808080808080808,,0.6666666666666664,0.8753271821581615,0.9656785799611163,0.9999769670355604,
R,12,R-n12-s5,penalty_auto,1,0.44407528288948495,0.6673186945811211,0.0036214181586965346,1.0,0.29633973807355285,0.8112546205710449,0.9415411528306287,0.9979561923693084,582.0
R,12,R-n12-s5,penalty_auto,2,0.5310168344421021,0.6676723245121957,0.00435814765626175,1.0,0.35454524420706607,0.8294628733842497,0.947488822979314,0.9990245595270077,804.0
R,12,R-n12-s5,penalty_auto,3,0.5759032458682305,0.66769301063728,0.00472688441006648,1.0,0.38452657206954066,0.8366140368102952,0.9499972564354024,0.9993265122937919,1000.0
R,12,R-n12-s5,penalty_tight,1,0.43852610599939484,0.6710619613063888,0.003765875689097725,1.0,0.2942781887760056,0.8128978661250857,0.9427533110917635,0.9982320486093965,622.0
R,12,R-n12-s5,penalty_tight,2,0.5104617743985133,0.674004816550054,0.004617569146803797,1.0,0.34405369460928475,0.8305966396542418,0.949082606652897,0.9992483294356143,928.0
R,12,R-n12-s5,penalty_tight,3,0.5797011866902904,0.6745291139750356,0.005245600377130897,1.0,0.3910253278284781,0.8423446415833502,0.9530427643959952,0.9996001240562351,1000.0
R,12,R-n12-s5,native,1,1.0,0.9230769225403284,7.198348764173765e-20,0.9230769230769231,0.9230769225403284,0.9230769230769231,0.9230769230769231,0.9230769230769231,121.0
R,12,R-n12-s5,native,2,1.0,0.9230769230209002,6.966777551220886e-22,0.9230769230769231,0.9230769230209002,0.9230769230769231,0.9230769230769231,0.9230769230769231,251.0
R,12,R-n12-s5,native,3,0.9999999999999998,0.9230769221666492,7.203913101458595e-21,0.9230769230769231,0.9230769221666489,0.9230769230769221,0.9230769230769129,0.9230769230768207,641.0
R,12,R-n12-s5,native_dicke,1,1.0,0.6910807253575257,0.016931568390520894,0.6923076923076923,0.6910807253575256,0.8984638765935758,0.9860482809381644,0.9999999970501029,932.0
R,12,R-n12-s5,native_dicke,2,0.9999999999999999,0.7942849099037211,0.05555684065705026,1.0,0.7942849099037209,0.9525492113553718,0.9997466976721833,0.999999999999889,1000.0
R,12,R-n12-s5,native_dicke,3,1.0,0.8227947376241576,0.11055278411013422,1.0,0.8227947376241577,0.9750891515403309,0.9999993718336732,1.0,1000.0
R,12,R-n12-s6,random,0,1.0,0.6615629984051037,0.00404040404040404,,0.6615629984051036,0.8511885932021369,0.9455260398823911,0.9990796859602435,
R,12,R-n12-s6,penalty_auto,1,0.4430358834964429,0.6623127280747257,0.0018155342470247858,1.0,0.2934283046335254,0.7915233207147985,0.9171035253365443,0.990887111361059,470.0
R,12,R-n12-s6,penalty_auto,2,0.5808084255709757,0.662734490428921,0.002401075069777414,1.0,0.3849217759576044,0.8159332190460507,0.9271594236075829,0.9951146535531847,1000.0
R,12,R-n12-s6,penalty_auto,3,0.6241129660558407,0.6628174961880605,0.002584655488380938,1.0,0.4136729934996348,0.821457415953392,0.9297653724428921,0.9959620146885152,1000.0
R,12,R-n12-s6,penalty_tight,1,0.4221016563603408,0.6689013164397818,0.0019542539090579656,1.0,0.2823443536108423,0.7919086666345891,0.9191524427435738,0.9921298919967707,428.0
R,12,R-n12-s6,penalty_tight,2,0.5496090994806937,0.6721363170266312,0.002720721201417574,1.0,0.3694122359292764,0.8190895855657394,0.9309148364906931,0.9964824023526296,1000.0
R,12,R-n12-s6,penalty_tight,3,0.6067686960698451,0.6736363283259372,0.003093647614891813,1.0,0.4087414365636066,0.8279062220099382,0.9354495388611116,0.9975988822481765,1000.0
R,12,R-n12-s6,native,1,1.0,0.8947368421022929,0.0,0.8947368421052632,0.8947368421022929,0.8947368421052632,0.8947368421052632,0.8947368421052632,107.0
R,12,R-n12-s6,native,2,1.0000000000000002,0.8947367205613146,0.0,0.8947368421052632,0.8947367205613149,0.8947368421052632,0.8947368421052632,0.8947368421052632,756.0
R,12,R-n12-s6,native,3,1.0000000000000002,0.7434408421214015,0.0,0.7368421052631579,0.7434408421214015,0.7884156760108025,0.7896444143077215,0.7911681177812423,1000.0
R,12,R-n12-s6,native_dicke,1,1.0,0.7463139105425468,0.013730670816951469,0.9473684210526315,0.7463139105425467,0.9055245375256059,0.985587073553332,0.9999999479075179,310.0
R,12,R-n12-s6,native_dicke,2,0.9999999999999999,0.7878810228607994,0.03301994959021761,0.8947368421052632,0.7878810228607991,0.9346961210568684,0.9981319622559366,0.9999999999997777,1000.0
R,12,R-n12-s6,native_dicke,3,1.0,0.8175749276958435,0.07005069553865462,0.8947368421052632,0.8175749276958435,0.9627547294388644,0.9999630757684446,1.0,1000.0
R,12,R-n12-s7,random,0,1.0,0.7621212121212121,0.04040404040404041,,0.7621212121212118,0.9377199185637153,0.9986520933268269,1.0,
R,12,R-n12-s7,penalty_auto,1,0.44407667191627337,0.7627272507864182,0.01806924984181812,1.0,0.3387093791090806,0.8859132110123052,0.986541935296722,0.9999999989961256,449.0
R,12,R-n12-s7,penalty_auto,2,0.5897733037770708,0.7630709822636383,0.024109766830887284,1.0,0.45003889422604054,0.9091246189234838,0.992740288628099,0.9999999999977911,1000.0
R,12,R-n12-s7,penalty_auto,3,0.555732296695806,0.7626525227072549,0.022549109861477047,0.9166666666666666,0.42383063802495313,0.9046055773644008,0.9914823268105508,0.999999999988187,1000.0
R,12,R-n12-s7,penalty_tight,1,0.438512633885917,0.7670952967622571,0.01876645525122116,1.0,0.33638097902471426,0.8876066031669456,0.987465154204602,0.9999999995065929,624.0
R,12,R-n12-s7,penalty_tight,2,0.589148461397857,0.7698816374005304,0.026176112219635048,1.0,0.45357458213298524,0.9132285201952564,0.9941269638316153,0.9999999999996371,1000.0
R,12,R-n12-s7,penalty_tight,3,0.4999470321995869,0.7658912847405176,0.020869599630100315,0.9166666666666666,0.38290507479354985,0.898205384530057,0.989886740942423,0.9999999999422764,1000.0
R,12,R-n12-s7,native,1,1.0,0.7486903008671477,0.0,0.75,0.7486903008671477,0.8329392380204036,0.8333333333333334,0.8333333333333334,131.0
R,12,R-n12-s7,native,2,1.0,0.8020253398195311,0.11008561423929905,0.8333333333333334,0.8020253398195308,0.9708232523863287,0.9999992827980059,1.0,347.0
R,12,R-n12-s7,native,3,1.0000000000000002,0.808441789825681,0.004654035905426545,0.8333333333333334,0.8084417898256814,0.9196292409221257,0.9477333414399797,0.9992149838759989,1000.0
R,12,R-n12-s7,native_dicke,1,1.0,0.8217566059188888,0.0784625477615036,1.0,0.8217566059188888,0.962442781436049,0.9999764431203497,1.0,451.0
R,12,R-n12-s7,native_dicke,2,1.0,0.8506777346448088,0.1293973305761434,1.0,0.8506777346448088,0.9790704663755385,0.9999999200500496,1.0,1000.0
R,12,R-n12-s7,native_dicke,3,0.9999999999999999,0.8584951383394696,0.15061647593134625,1.0,0.8584951383394694,0.9836646773616367,0.9999999932204323,1.0,1000.0
R,12,R-n12-s8,random,0,1.0,0.6422979797979798,0.010101010101010102,,0.6422979797979796,0.8707397433598351,0.9763424316773051,0.9999975635297534,
R,12,R-n12-s8,penalty_auto,1,0.44285762965962305,0.6432678066927162,0.004536148316234985,1.0,0.2848760561082804,0.797962609192402,0.9496020983980591,0.9993372120753601,428.0
R,12,R-n12-s8,penalty_auto,2,0.5220913665662757,0.6436983107361403,0.00538120646398418,1.0,0.3360693307086337,0.8165901667921288,0.9561431382973318,0.9997165077997551,876.0
R,12,R-n12-s8,penalty_auto,3,0.6451039167509938,0.6441202510486064,0.006688688621307093,1.0,0.4155244968100894,0.8370675839512923,0.9637917688674436,0.999923921653243,1000.0
R,12,R-n12-s8,penalty_tight,1,0.4187585743287029,0.6523933123134495,0.004880568154851813,1.0,0.2731952933659603,0.7988076213934774,0.9521007630382001,0.9995310925859433,473.0
R,12,R-n12-s8,penalty_tight,2,0.5038334033296525,0.6565181274702069,0.0062257301938466614,1.0,0.33077576251092466,0.8236586688591636,0.9610219419431683,0.9998787649793393,859.0
R,12,R-n12-s8,penalty_tight,3,0.5791283289323289,0.6587730125953037,0.007383987342006628,1.0,0.38151411393003404,0.8392524304683889,0.966754555692293,0.9999622291397587,1000.0
R,12,R-n12-s8,native,1,1.0,0.9374999991366422,0.0,0.9375,0.9374999991366423,0.9375,0.9375,0.9375,132.0
R,12,R-n12-s8,native,2,1.0000000000000002,0.9374999999723411,1.3967540717800595e-21,0.9375,0.9374999999723411,0.9375,0.9375,0.9375,276.0
R,12,R-n12-s8,native,3,1.0,0.9374999993431306,4.623156777791923e-19,0.9375,0.9374999993431303,0.9375,0.9375,0.9375,650.0
R,12,R-n12-s8,native_dicke,1,1.0000000000000002,0.7751012691287056,0.0637225912564633,0.9375,0.7751012691287058,0.9616651769887203,0.9999136356567309,1.0,316.0
R,12,R-n12-s8,native_dicke,2,1.0,0.829784632962385,0.12212355851087116,0.9375,0.829784632962385,0.9822207864057442,0.9999998622094378,1.0,1000.0
R,12,R-n12-s8,native_dicke,3,1.0,0.7989880608908957,0.05857085221766096,0.9375,0.7989880608908958,0.9621036933984513,0.9998504990117847,1.0,1000.0
R,12,R-n12-s9,random,0,1.0,0.7171717171717171,0.006060606060606061,,0.717171717171717,0.8930601565207109,0.9610357785648279,0.9998364028257076,
R,12,R-n12-s9,penalty_auto,1,0.44465033255552877,0.7176461015074544,0.0027145519943660144,1.0,0.3191015776924678,0.8440902685930739,0.9421126233757697,0.995286386188236,446.0
R,12,R-n12-s9,penalty_auto,2,0.5384167912013452,0.7178285790818997,0.0033062663467808826,1.0,0.3864909601818975,0.8599561766156469,0.9469361492386924,0.9973962471003462,1000.0
R,12,R-n12-s9,penalty_auto,3,0.5321428778796382,0.7174086722739322,0.0032290674947013376,0.7857142857142857,0.3817639154796602,0.8586779087981905,0.9463910736597545,0.9971865660994463,1000.0
R,12,R-n12-s9,penalty_tight,1,0.44172196660085533,0.7199292789512107,0.002793435778091123,1.0,0.31800857691186324,0.8450141199183622,0.9427750860940611,0.9956448752797126,585.0
R,12,R-n12-s9,penalty_tight,2,0.5147520620803536,0.720727121675968,0.0033509221046300218,1.0,0.37099577207994244,0.8589444101998942,0.9471882593620947,0.9975103330860104,1000.0
R,12,R-n12-s9,penalty_tight,3,0.6581259316851701,0.7209129604484568,0.0041357505841004005,0.8571428571428571,0.4744515137590548,0.8738251828457057,0.9521126777123803,0.9988675635106912,1000.0
R,12,R-n12-s9,native,1,0.9999999999999999,0.6975852224526836,0.0,0.8571428571428571,0.6975852224526837,0.8772787713499495,0.9282070929758821,0.9285714285714286,114.0
R,12,R-n12-s9,native,2,1.0000000000000002,0.7528380100466172,0.0,0.8571428571428571,0.7528380100466174,0.8593590251058398,0.8805431527875054,0.9272220858259375,337.0
R,12,R-n12-s9,native,3,1.0,0.8077219048746559,2.4410231672024046e-10,0.8571428571428571,0.8077219048746557,0.8571946168051331,0.8576747560580206,0.8622871037070596,658.0
R,12,R-n12-s9,native_dicke,1,1.0000000000000002,0.7899939757460803,0.015910599727486874,0.9285714285714286,0.7899939757460805,0.925961565518937,0.985634278054349,0.9999999922656118,994.0
R,12,R-n12-s9,native_dicke,2,1.0,0.8003528224503529,0.028306903162010406,0.8571428571428571,0.8003528224503527,0.9342270826485916,0.9959562541699757,0.9999999999999758,1000.0
R,12,R-n12-s9,native_dicke,3,1.0,0.742313269389892,0.004139597931874663,0.7857142857142857,0.7423132693898918,0.8974380138835051,0.9528016634611196,0.9988719300511342,1000.0
R,12,R-n12-s10,random,0,1.0,0.6922558922558921,0.00404040404040404,,0.6922558922558919,0.8657313850959863,0.9508716834382005,0.9988368677843862,
R,12,R-n12-s10,penalty_auto,1,0.44382514096698716,0.6927356862955486,0.001810156771398376,1.0,0.3074535136229836,0.8118705686848551,0.9237523147642444,0.9891088204092211,353.0
R,12,R-n12-s10,penalty_auto,2,0.44612294098793087,0.6926772204558409,0.0018197712315121612,1.0,0.309019198745105,0.8123382863156156,0.9239393813778168,0.9892132453726525,1000.0
R,12,R-n12-s10,penalty_auto,3,0.4739042272006201,0.6930410991036811,0.0019424522582782852,1.0,0.32843510648899715,0.8180960633657683,0.9262230318737639,0.9904610273954434,1000.0
R,12,R-n12-s10,penalty_tight,1,0.43816650638192123,0.6955076185108318,0.0018844586855846109,1.0,0.30474814336489997,0.8129712628235042,0.9249236882526573,0.9898902289916347,452.0
R,12,R-n12-s10,penalty_tight,2,0.598340182288768,0.6969148167146286,0.0027095492578248243,1.0,0.4169921384727735,0.8397294791175408,0.9374581776042982,0.9955785010520206,975.0
R,12,R-n12-s10,penalty_tight,3,0.4576578752139165,0.6973302917819734,0.002022695173544056,1.0,0.3191386996592376,0.8184083607699454,0.9272899198595426,0.9911980034666572,1000.0
R,12,R-n12-s10,native,1,1.0000000000000002,0.7333333333333771,0.0,0.7333333333333333,0.733333333333377,0.7333333333344273,0.7333333333442734,0.7333333334427347,133.0
R,12,R-n12-s10,native,2,0.9999999999999998,0.7362024740096174,1.2014020537500852e-11,0.7333333333333333,0.7362024740096174,0.7713511090716062,0.8503401833564924,0.8666719782843512,665.0
R,12,R-n12-s10,native,3,1.0,0.7358802275252354,5.8197023613225315e-12,0.7333333333333333,0.735880227525235,0.767849428614495,0.8473469035757843,0.8666697657438358,864.0
R,12,R-n12-s10,native_dicke,1,1.0,0.7758109583922164,0.005294294925416078,0.8666666666666667,0.7758109583922163,0.8960404478371111,0.9604204784708964,0.9996699972495131,742.0
R,12,R-n12-s10,native_dicke,2,1.0,0.7718880786954729,0.007179986455419879,0.8666666666666667,0.7718880786954729,0.8975460099856359,0.967258651025945,0.999950519742405,1000.0
R,12,R-n12-s10,native_dicke,3,1.0000000000000002,0.81458357815599,0.011212421724725145,0.8666666666666667,0.8145835781559901,0.9134838710798303,0.9784044824600666,0.9999991548950217,1000.0
R,12,R-n12-s11,random,0,1.0,0.6296296296296295,0.010101010101010102,,0.6296296296296297,0.8628238644479701,0.9777231575510639,0.9999978342486694,
R,12,R-n12-s11,penalty_auto,1,0.4424992274587422,0.6306367809200567,0.004535265319109543,1.0,0.2790562883641923,0.7884408690469416,0.9487501101795417,0.9994103077415094,577.0
R,12,R-n12-s11,penalty_auto,2,0.5839099814592276,0.6313544953693819,0.006047857305535099,1.0,0.36865419168533553,0.8189898679536597,0.9606948906935368,0.9998711149916361,926.0
R,12,R-n12-s11,penalty_auto,3,0.5683055208031905,0.6294612064875442,0.0057204827635769975,0.6111111111111112,0.35772627877830787,0.8147087239188391,0.9586210102679797,0.9998208480671449,1000.0
R,12,R-n12-s11,penalty_tight,1,0.41867060311527377,0.6388353847766154,0.004828072561087571,1.0,0.2674615958358021,0.7887377247055656,0.9511400149901135,0.9995606049238661,724.0
R,12,R-n12-s11,penalty_tight,2,0.5460837529210305,0.6448271152737992,0.006860583482222358,1.0,0.35212961109395746,0.8239867439738614,0.9650272248867543,0.9999431217132785,954.0
R,12,R-n12-s11,penalty_tight,3,0.5257869721851132,0.6293364831375233,0.005248800521599177,0.7777777777777778,0.33089692395450565,0.8066390139505055,0.9553732849993113,0.9997121263485604,1000.0
R,12,R-n12-s11,native,1,1.0,0.6858417537461284,0.0,0.6666666666666666,0.6858417537461283,0.875358185903567,0.9442497743053427,0.9444444444444444,115.0
R,12,R-n12-s11,native,2,1.0,0.6913419264114964,0.0,0.6666666666666666,0.6913419264114963,0.890493877780052,0.9444243326166627,0.9444444444444444,431.0
R,12,R-n12-s11,native,3,1.0,0.6998191359284716,3.080387079299003e-09,0.6666666666666666,0.6998191359284716,0.9023589699546963,0.9444378450536288,0.9444446155765857,861.0
R,12,R-n12-s11,native_dicke,1,1.0,0.7842331372528785,0.06819663679723734,1.0,0.7842331372528784,0.964418343354356,0.9999524494980719,1.0,558.0
R,12,R-n12-s11,native_dicke,2,1.0,0.8191206946401057,0.11641893249537831,1.0,0.8191206946401056,0.9817871436791789,0.9999997659181815,0.999999999999889,1000.0
R,12,R-n12-s11,native_dicke,3,1.0,0.77250572387008,0.07421492139583225,0.9444444444444444,0.7725057238700799,0.9667951953276979,0.9999751260227717,1.0,1000.0
R,12,R-n12-s12,random,0,1.0,0.7107546048722518,0.00404040404040404,,0.7107546048722516,0.8783364961839639,0.958559011913418,0.9989737068687388,
R,12,R-n12-s12,penalty_auto,1,0.443962014197111,0.7112370715798723,0.0018095814628913218,1.0,0.3157622428702549,0.824201227734971,0.9367661586697005,0.9903850025789636,530.0
R,12,R-n12-s12,penalty_auto,2,0.4447954041495462,0.7112914576195493,0.001815069447600398,1.0,0.3163791713600071,0.8244235075103392,0.9368544157850958,0.990437721247432,863.0
R,12,R-n12-s12,penalty_auto,3,0.5185324133523833,0.7109895364895584,0.002104069750341645,0.8235294117647058,0.36867112022422305,0.8372597264199846,0.9413584053866875,0.9928418191507511,1000.0
R,12,R-n12-s12,penalty_tight,1,0.43779047849755626,0.714259343426137,0.001885351265716268,1.0,0.3126959397298789,0.8252993939070992,0.9378070955115271,0.9910878711868321,470.0
R,12,R-n12-s12,penalty_tight,2,0.43595903952415344,0.7142676099401867,0.0018781762330590899,1.0,0.3113914211927355,0.8249088049383214,0.9376850265626115,0.9910235740286542,802.0
R,12,R-n12-s12,penalty_tight,3,0.4410881173685398,0.7145086271712435,0.0019027333776851572,1.0,0.3151612652025438,0.8261614307583728,0.9381136395991896,0.9912417353745295,1000.0
R,12,R-n12-s12,native,1,1.0,0.6531038017862608,0.0,0.6470588235294118,0.6531038017862608,0.6893730623031488,0.7058838930526221,0.7058995356929842,113.0
R,12,R-n12-s12,native,2,1.0,0.8235294106897509,3.659801890867875e-28,0.8235294117647058,0.8235294106897508,0.8235294143717086,0.8235294378347279,0.8235296724644071,423.0
R,12,R-n12-s12,native,3,0.9999999999999999,0.8235294115272936,1.7686815374526608e-28,0.8235294117647058,0.8235294115272934,0.8235294120793056,0.8235294149107036,0.8235294432246758,732.0
R,12,R-n12-s12,native_dicke,1,1.0,0.7919806042119525,0.018492754675118735,0.9411764705882353,0.7919806042119524,0.9305704087112375,0.9909023711111398,0.9999999995395679,728.0
R,12,R-n12-s12,native_dicke,2,1.0000000000000002,0.7517322434606688,0.0025710021675305326,0.8823529411764706,0.7517322434606688,0.898659219728857,0.9541622276214148,0.9955172842114669,1000.0
R,12,R-n12-s12,native_dicke,3,1.0,0.7777300570486987,0.0019345358711713749,0.8235294117647058,0.7777300570486986,0.9000277117531104,0.9510189865060309,0.9915164208321097,1000.0
R,12,R-n12-s13,random,0,1.0,0.594058229352347,0.00808080808080808,,0.594058229352347,0.8409032065975275,0.9695420704830962,0.9999823865564422,
R,12,R-n12-s13,penalty_auto,1,0.4425777216953074,0.5951978901043317,0.0036391752340616157,1.0,0.2634213261602292,0.7618438308797192,0.9358085679483789,0.9984642877696494,615.0
R,12,R-n12-s13,penalty_auto,2,0.4791400517471843,0.5954345457318135,0.003955184541183025,1.0,0.2852965390540023,0.7719355879042156,0.9399682164355118,0.9988818844910771,1000.0
R,12,R-n12-s13,penalty_auto,3,0.5184924580260657,0.5955638907575935,0.0042947523321051236,1.0,0.3087953856304718,0.7812350574056464,0.9439276669639386,0.9992049888409559,1000.0
R,12,R-n12-s13,penalty_tight,1,0.42602547398309254,0.6026572148608723,0.0039153022486838295,1.0,0.2567473256104337,0.7639092235483319,0.9389964967201675,0.9988361718358497,604.0
R,12,R-n12-s13,penalty_tight,2,0.474458232424096,0.6047432376176978,0.0045094123921732695,1.0,0.2869254075905182,0.7795750313056524,0.9457166113471065,0.999359191457527,961.0
R,12,R-n12-s13,penalty_tight,3,0.44977547308481297,0.6032901229435457,0.004185310050103114,1.0,0.27134510045432725,0.7716303075343887,0.9422206745995415,0.9991126024031691,1000.0
R,12,R-n12-s13,native,1,1.0,0.5899161765002725,0.0,0.5294117647058824,0.5899161765002725,0.7397776995295141,0.7647038503089164,0.7647058823528562,118.0
R,12,R-n12-s13,native,2,1.0,0.652930732829199,0.0,0.6470588235294118,0.6529307328291989,0.8184884906228507,0.9127544444889637,0.9411755106161164,383.0
R,12,R-n12-s13,native,3,1.0,0.7247118314322445,0.0018212692180157605,0.7647058823529411,0.7247118314322445,0.8588079562134869,0.9487101924449198,0.9904969557975067,684.0
R,12,R-n12-s13,native_dicke,1,0.9999999999999999,0.771064522986273,0.03477099621419525,0.8235294117647058,0.7710645229862729,0.9438916842078007,0.9982915929607634,0.999999999999889,794.0
R,12,R-n12-s13,native_dicke,2,0.9999999999999999,0.8171744189306075,0.056523411344733966,0.9411764705882353,0.8171744189306074,0.9629449739245152,0.9998251507040127,0.999999999999889,1000.0
R,12,R-n12-s13,native_dicke,3,1.0,0.8229098953542597,0.06266957589966805,0.9411764705882353,0.8229098953542595,0.9656785230627174,0.9999090458650044,1.0,1000.0
R,12,R-n12-s14,random,0,1.0,0.708003108003108,0.012121212121212121,,0.7080031080031077,0.8951905530115992,0.9772657252865484,0.9999996112084318,
R,12,R-n12-s14,penalty_auto,1,0.4444200219400467,0.7084991084011367,0.005433513672451795,1.0,0.3148711893001366,0.8392508191583345,0.9536209035693849,0.9996689622876591,687.0
R,12,R-n12-s14,penalty_auto,2,0.4800757509932372,0.708603566269486,0.005879728019065911,1.0,0.3401833892333086,0.8466836812429164,0.9560554351056461,0.9997886576090949,954.0
R,12,R-n12-s14,penalty_auto,3,0.5909310005926752,0.7088690312236889,0.007268867761054464,1.0,0.41889268591017464,0.8635965764369026,0.9624304099137333,0.9999477966589402,1000.0
R,12,R-n12-s14,penalty_tight,1,0.44100285758376523,0.7113601642900079,0.005667003519739932,1.0,0.31371186522314953,0.8405503191852357,0.9548279341902238,0.9997382370581289,574.0
R,12,R-n12-s14,penalty_tight,2,0.4913403206127254,0.7123716588073572,0.006419853322549966,1.0,0.35001691923382566,0.8514126535116977,0.9586397605162214,0.999877266910221,998.0
R,12,R-n12-s14,penalty_tight,3,0.5815271074126507,0.7137507589728336,0.0077755467934013615,1.0,0.4150654142790559,0.8657305975835198,0.9643718555285514,0.9999686683984417,1000.0
R,12,R-n12-s14,native,1,0.9999999999999999,0.7588405050539134,0.0,0.6923076923076923,0.7588405050539133,0.8440925056951633,0.8461538461538367,0.8461538461537522,116.0
R,12,R-n12-s14,native,2,1.0,0.7701120203337705,2.9254094012054263e-08,0.6923076923076923,0.7701120203337704,0.845200409799724,0.8462198570141635,0.8468114287440468,385.0
R,12,R-n12-s14,native,3,1.0,0.8924099453077318,0.19436857846929761,0.8461538461538461,0.8924099453077315,0.9911232219088906,0.9999999999683882,0.999999999999889,952.0
R,12,R-n12-s14,native_dicke,1,1.0,0.7965197619348013,0.041376025135765486,0.9230769230769231,0.7965197619348012,0.9431847149723342,0.998875692045752,1.0,874.0
R,12,R-n12-s14,native_dicke,2,1.0,0.8037844899454064,0.04521406540806059,0.9230769230769231,0.8037844899454063,0.9464037727521111,0.9992472376212133,1.0,1000.0
R,12,R-n12-s14,native_dicke,3,0.9999999999999999,0.8302147590845484,0.0806649487681479,0.9230769230769231,0.8302147590845482,0.9657073072475795,0.9999828825718348,0.999999999999778,1000.0
R,12,R-n12-s15,random,0,1.0,0.509090909090909,0.00202020202020202,,0.5090909090909091,0.7834492924355221,0.9243378116099734,0.9917251924543291,
R,12,R-n12-s15,penalty_auto,1,0.4449912023651181,0.5099949680851673,0.000906947158820409,0.875,0.2269432740483785,0.6932653812033738,0.8868732712499393,0.974112427374209,598.0
R,12,R-n12-s15,penalty_auto,2,0.515124208752014,0.5110962600832706,0.0010674589927745092,1.0,0.26327805657150827,0.7139177514428824,0.8952859704110976,0.978220475277694,861.0
R,12,R-n12-s15,penalty_auto,3,0.5925960719382148,0.5112952483522232,0.0012310044267572885,1.0,0.30299155577420067,0.7311287168744253,0.9023463183758218,0.981632083824882,1000.0
R,12,R-n12-s15,penalty_tight,1,0.4440663928651229,0.5154890945216577,0.0009550688151054998,0.875,0.2289113827655409,0.6978511346359769,0.889535785573005,0.9754433433943792,598.0
R,12,R-n12-s15,penalty_tight,2,0.4638023003864381,0.5188943208368798,0.0010562460742026638,1.0,0.24066437966160328,0.707330131556726,0.8942103219557467,0.9779511319302319,907.0
R,12,R-n12-s15,penalty_tight,3,0.5928097102950742,0.5224348129242875,0.001395959565291249,1.0,0.30970443009770826,0.740906186835325,0.9078657749534383,0.9844807651999992,1000.0
R,12,R-n12-s15,native,1,1.0,0.4374999999993212,0.0,0.4375,0.4374999999993212,0.4375,0.4375,0.4375,119.0
R,12,R-n12-s15,native,2,0.9999999999999999,0.6978768643736685,3.021355447492287e-05,0.6875,0.6978768643736684,0.838194328618969,0.9376402490798178,0.9393601331352988,544.0
R,12,R-n12-s15,native,3,1.0,0.7030551751992736,5.2855528070759674e-05,0.6875,0.7030551751992737,0.8774176847228418,0.9378290130401175,0.9407177680196719,865.0
R,12,R-n12-s15,native_dicke,1,0.9999999999999999,0.7193470076439342,0.015884303527328815,0.875,0.7193470076439341,0.915166878414768,0.9873847975401282,0.9999999930491358,455.0
R,12,R-n12-s15,native_dicke,2,0.9999999999999998,0.7606587096096069,0.03060683064366994,0.875,0.7606587096096067,0.9352960632538548,0.9972080154638692,0.999999999999998,1000.0
R,12,R-n12-s15,native_dicke,3,0.9999999999999999,0.6397475358108264,0.006392809273997777,0.875,0.6397475358108263,0.8783592548334257,0.96657992154984,0.9998975278503655,1000.0
R,12,R-n12-s16,random,0,1.0,0.5796717171717172,0.00202020202020202,,0.5796717171717171,0.8221017857638975,0.9433845384176002,0.9917276289232014,
R,12,R-n12-s16,penalty_auto,1,0.44311897917116705,0.5805811136037223,0.0009083674294658561,0.9375,0.2572665103861406,0.741301187259565,0.9164720988682241,0.974810428742631,446.0
R,12,R-n12-s16,penalty_auto,2,0.5325177281027387,0.5815110105797969,0.001112994975286742,1.0,0.3096649222206807,0.7640410756723297,0.9246865694204077,0.97947678905759,1000.0
R,12,R-n12-s16,penalty_auto,3,0.5816864076789818,0.5793688495413015,0.001162561676135535,0.4375,0.3370109848107833,0.7711851279976224,0.926678122361695,0.9804704056869653,1000.0
R,12,R-n12-s16,penalty_tight,1,0.42365490292477637,0.5886134544229301,0.000985757403231136,0.9375,0.24936897589376347,0.7435886391492761,0.9193929158515283,0.9766885643165439,451.0
R,12,R-n12-s16,penalty_tight,2,0.532840046738271,0.5939434668105785,0.0013581130381866361,1.0,0.3164768646152393,0.7766819452695178,0.9311958153481557,0.9839432251076035,1000.0
R,12,R-n12-s16,penalty_tight,3,0.5551585786813041,0.5776065176948639,0.0010243445658787357,0.4375,0.32066321340053755,0.7637022209594295,0.9230884802956081,0.977572133214071,1000.0
R,12,R-n12-s16,native,1,1.0,0.660078059567663,0.0,0.625,0.6600780595676629,0.8271204869028874,0.8749999506559414,0.875,105.0
R,12,R-n12-s16,native,2,1.0000000000000002,0.6617046065606426,0.0,0.625,0.6617046065606424,0.8327418121911992,0.8749999863622797,0.8750000000021788,764.0
R,12,R-n12-s16,native,3,1.0,0.6658851424945696,0.0,0.625,0.6658851424945692,0.8450497508829519,0.8750022498809205,0.875022500350576,913.0
R,12,R-n12-s16,native_dicke,1,1.0,0.690632859673542,0.00797140609437303,0.9375,0.690632859673542,0.9102572457230593,0.9719245150226532,0.9999791036558068,853.0
R,12,R-n12-s16,native_dicke,2,1.0000000000000002,0.7504625557216934,0.023910815629889146,0.9375,0.7504625557216934,0.9456277996708196,0.9944431320830405,0.9999999999980708,1000.0
R,12,R-n12-s16,native_dicke,3,1.0,0.7817528400067443,0.05099933230081969,0.9375,0.7817528400067443,0.9620143573923947,0.9996669328382113,0.999999999999889,1000.0
R,12,R-n12-s17,random,0,1.0,0.6107323232323232,0.00202020202020202,,0.610732323232323,0.8242610629565029,0.9298194349296878,0.9917273130314247,
R,12,R-n12-s17,penalty_auto,1,0.44382855508749997,0.611473532673281,0.0009069918718973135,1.0,0.2713894144806308,0.757275271446285,0.898137724550346,0.9745077111986268,580.0
R,12,R-n12-s17,penalty_auto,2,0.5179448644345827,0.6118868268934141,0.0010649072148653331,1.0,0.3169236396046152,0.7736658284206822,0.904887884974832,0.9783603654644619,1000.0
R,12,R-n12-s17,penalty_auto,3,0.6010041272389408,0.6121565464451365,0.00124061189714524,1.0,0.36790861092986354,0.7873612450096238,0.9111209723318933,0.981902143799462,1000.0
R,12,R-n12-s17,penalty_tight,1,0.43526348048654695,0.6162988583182404,0.0009591979584525768,1.0,0.2682523860914827,0.7587649714701385,0.8998993982333018,0.9758516320482031,588.0
R,12,R-n12-s17,penalty_tight,2,0.49314745477628147,0.6189653928218509,0.00113024392587546,1.0,0.305241208064697,0.7741721716439508,0.9066150007276511,0.9797504620348304,970.0
R,12,R-n12-s17,penalty_tight,3,0.6003128814427994,0.6217649292349476,0.0014324290322203328,1.0,0.37325349624910964,0.7942503146689726,0.9160782517246211,0.9850814328263293,1000.0
R,12,R-n12-s17,native,1,1.0,0.6249999999328311,0.0,0.625,0.6249999999328311,0.6250000013433782,0.6250000134337812,0.6250001343377466,113.0
R,12,R-n12-s17,native,2,1.0,0.6385405279480341,0.0,0.625,0.6385405279480338,0.7611241928213854,0.8305293427600444,0.8729862950151686,786.0
R,12,R-n12-s17,native,3,1.0,0.7233369635253636,4.530763094719291e-06,0.75,0.7233369635253635,0.8098845965918091,0.8589824799201344,0.8994627126852418,1000.0
R,12,R-n12-s17,native_dicke,1,1.0,0.7427569606985999,0.023708094351238964,1.0,0.7427569606985996,0.9130141536061938,0.9942707295334227,0.9999999999975144,651.0
R,12,R-n12-s17,native_dicke,2,1.0,0.760607036137225,0.0463475240227397,1.0,0.7606070361372251,0.9376380395174094,0.9994560886207231,1.0,1000.0
R,12,R-n12-s17,native_dicke,3,0.9999999999999999,0.8158655153251376,0.1655808922810745,1.0,0.8158655153251375,0.9842504169182529,0.9999999991394491,1.0,1000.0
R,12,R-n12-s18,random,0,1.0,0.6445887445887446,0.03838383838383838,,0.6445887445887445,0.9211511163398661,0.9985731562407956,0.999999999999889,
R,12,R-n12-s18,penalty_auto,1,0.4422034271532017,0.6461731772654079,0.017193149170795625,1.0,0.2857399935212364,0.8422333228529458,0.9868078852823409,0.9999999979008324,334.0
R,12,R-n12-s18,penalty_auto,2,0.5693226788569854,0.6473724635350746,0.022388252701822996,1.0,0.36856382515803393,0.874228669456874,0.992447101949065,0.9999999999895218,958.0
R,12,R-n12-s18,penalty_auto,3,0.5039901230774857,0.6465502530453249,0.01966895052024517,1.0,0.32585494160809286,0.8596923771737841,0.9899155505757388,0.9999999998307112,1000.0
R,12,R-n12-s18,penalty_tight,1,0.42651136945244084,0.6539994081843741,0.017662309950260337,1.0,0.2789381832058024,0.8425786414155377,0.987450434044219,0.9999999986977954,467.0
R,12,R-n12-s18,penalty_tight,2,0.5639445540978143,0.6607122228629705,0.024831891172361602,1.0,0.37260505990943366,0.8817230668331468,0.9941498954204788,0.9999999999989202,1000.0
R,12,R-n12-s18,penalty_tight,3,0.5905273453760309,0.6606019282197018,0.02593274959714693,1.0,0.3901035030218679,0.8862854192638708,0.9947867134094066,0.9999999999991677,1000.0
R,12,R-n12-s18,native,1,1.0,0.49999999999510664,0.0,0.5,0.49999999999510664,0.5,0.5,0.5,108.0
R,12,R-n12-s18,native,2,0.9999999999999999,0.7523475122489224,0.00021738829144790257,0.7142857142857143,0.7523475122489222,0.8383008613888603,0.8938355360095736,0.9424472592938407,330.0
R,12,R-n12-s18,native,3,0.9999999999999999,0.8571428508014699,5.693306795331225e-16,0.8571428571428571,0.8571428508014699,0.8571428838307125,0.8571431240209629,0.8571455258790445,844.0
R,12,R-n12-s18,native_dicke,1,0.9999999999999998,0.810946801266046,0.1837271745975833,1.0,0.8109468012660458,0.9900362633534526,0.9999999998909941,0.999999999999889,614.0
R,12,R-n12-s18,native_dicke,2,1.0,0.8325535900416237,0.235296410443235,1.0,0.8325535900416234,0.9949461780511641,0.9999999999998403,1.0,1000.0
R,12,R-n12-s18,native_dicke,3,1.0000000000000002,0.8386816240229313,0.2470081596291022,1.0,0.8386816240229314,0.995673288908559,0.9999999999999659,1.0,1000.0
R,12,R-n12-s19,random,0,1.0,0.6276094276094275,0.010101010101010102,,0.6276094276094274,0.8799536800183002,0.9755430384942656,0.9999974010981816,
R,12,R-n12-s19,penalty_auto,1,0.4424705276316869,0.6289701383965755,0.0045348846415364,1.0,0.2783007490009079,0.8060757879427048,0.9513617404706565,0.9992921289540906,455.0
R,12,R-n12-s19,penalty_auto,2,0.6446325077670856,0.6288457325312468,0.006566599762968344,0.8,0.40537440156024757,0.8463766157312971,0.9634434758994863,0.9999082373248708,1000.0
R,12,R-n12-s19,penalty_auto,3,0.5296473611326369,0.6276069175020881,0.005329905863970919,0.5333333333333333,0.33241034768356936,0.8262476863941349,0.9569015681465332,0.9996816027317069,1000.0
R,12,R-n12-s19,penalty_tight,1,0.42668336096014137,0.6366745367245406,0.004735304415153267,1.0,0.27165843116736765,0.807149692768795,0.9527627395518008,0.9994212278537933,416.0
R,12,R-n12-s19,penalty_tight,2,0.4293524351597468,0.6373570370193529,0.004796748018646972,1.0,0.27365079591045954,0.8084780345965206,0.9531992873145864,0.9994558793408983,1000.0
R,12,R-n12-s19,penalty_tight,3,0.45363925074322464,0.6391060271971853,0.005249099298328714,1.0,0.28992357932321006,0.8171396993119181,0.9561283086697548,0.9996546576869098,1000.0
R,12,R-n12-s19,native,1,1.0,0.9333333333041677,0.0,0.9333333333333333,0.9333333333041677,0.9333333333333333,0.9333333333333333,0.9333333333333333,127.0
R,12,R-n12-s19,native,2,0.9999999999999999,0.9333333332411837,2.004627838746636e-47,0.9333333333333333,0.9333333332411837,0.9333333333333323,0.933333333333323,0.9333333333332298,285.0
R,12,R-n12-s19,native,3,1.0,0.9333268163127292,3.994606550091576e-13,0.9333333333333333,0.9333268163127291,0.9333333333335997,0.9333333333359964,0.9333333333599639,1000.0
R,12,R-n12-s19,native_dicke,1,1.0,0.757468230746648,0.030103823293976057,0.9333333333333333,0.757468230746648,0.9363288767154538,0.9968635795671633,0.9999999999998855,508.0
R,12,R-n12-s19,native_dicke,2,1.0,0.8061621033166549,0.056404922798624704,0.8666666666666667,0.8061621033166548,0.9590037749131566,0.9997993332630688,0.999999999999889,1000.0
R,12,R-n12-s19,native_dicke,3,1.0000000000000002,0.7710133350444548,0.0058846404811796135,0.9333333333333333,0.7710133350444548,0.9261116919962304,0.9630523230530942,0.9998177394692188,1000.0
R,14,R-n14-s0,random,0,1.0,0.6883830455259026,0.000999000999000999,,0.6883830455259026,0.8582342968894381,0.942630071850902,0.9824730098832597,
R,14,R-n14-s0,penalty_auto,1,0.43886761763001597,0.6887953251992958,0.0004421645954275752,1.0,0.30228996340490444,0.8006785879482098,0.9191529497286864,0.9692134454514605,559.0
R,14,R-n14-s0,penalty_auto,2,0.5315746970397714,0.6889062198131218,0.0005384345645702867,1.0,0.36620511508597436,0.8173990926164221,0.9253779901402808,0.9721542322159077,1000.0
R,14,R-n14-s0,penalty_auto,3,0.5131764490694011,0.6887312161083544,0.000514676242570449,0.7619047619047619,0.3534406398457336,0.8143213901323272,0.9240513295304498,0.9714671417605009,1000.0
R,14,R-n14-s0,penalty_tight,1,0.43546965295627227,0.691381709122798,0.00046246634838956993,1.0,0.3010757529320194,0.8022435178532782,0.9203765028784698,0.9698663587111982,573.0
R,14,R-n14-s0,penalty_tight,2,0.536340514373082,0.6924272533244281,0.0005936764453866563,1.0,0.3713767892139628,0.8214712668187618,0.9278889981891318,0.9736738607386421,1000.0
R,14,R-n14-s0,penalty_tight,3,0.5738786422431165,0.6914235390282686,0.0005885247882812123,0.7619047619047619,0.39679320179247235,0.824571980473588,0.9282359687618693,0.9735399234412682,1000.0
R,14,R-n14-s0,native,1,1.0,0.7656997568584628,0.0,0.7142857142857143,0.7656997568584628,0.9210716272178299,0.9523807225074032,0.9523809523808466,118.0
R,14,R-n14-s0,native,2,0.9999999999999999,0.8571428568417495,0.0,0.8571428571428571,0.8571428568417493,0.8571428571428561,0.8571428571428475,0.857142857142762,239.0
R,14,R-n14-s0,native,3,1.0,0.8571428560329261,0.0,0.8571428571428571,0.857142856032926,0.8571428571428571,0.8571428571428571,0.8571428571428571,511.0
R,14,R-n14-s0,native_dicke,1,1.0,0.7600671617511948,0.002601699492847059,0.9047619047619048,0.7600671617511947,0.9046730652646877,0.9615565379903855,0.9964811189813402,748.0
R,14,R-n14-s0,native_dicke,2,1.0,0.7816581728064094,0.002043567489318919,0.9047619047619048,0.7816581728064094,0.9098247770051039,0.9581836413480126,0.9938430937528532,1000.0
R,14,R-n14-s0,native_dicke,3,1.0,0.7108344413971386,0.0010818981416012231,0.7142857142857143,0.7108344413971384,0.8752233626655127,0.9536332181993638,0.9838689009726884,1000.0
R,14,R-n14-s1,random,0,1.0,0.6501831501831501,0.003996003996003996,,0.6501831501831496,0.8407956470665395,0.949929796408885,0.9987838431969984,
R,14,R-n14-s1,penalty_auto,1,0.43777244946392657,0.6508426009279988,0.0017726685419404947,1.0,0.28492095962372294,0.7767584330200881,0.9185484245797857,0.988691552504479,727.0
R,14,R-n14-s1,penalty_auto,2,0.553367457275342,0.651198506860096,0.0022577866265667225,1.0,0.36035206192267044,0.7990728929400462,0.9290035752619615,0.9930456145087756,1000.0
R,14,R-n14-s1,penalty_auto,3,0.5856436716708397,0.6512079542425488,0.0023913502766301966,1.0,0.38137581734385967,0.8037601748402098,0.9313314503756415,0.993917022676949,1000.0
R,14,R-n14-s1,penalty_tight,1,0.4196983529049604,0.6578007580721946,0.0019541893261709386,1.0,0.2760778947025345,0.7788490771788862,0.9222552150829738,0.990572396085478,759.0
R,14,R-n14-s1,penalty_tight,2,0.5227778862207617,0.6614862435300777,0.0026312123279184185,1.0,0.345810380156765,0.8038859649730162,0.9343463683001964,0.9952171988394307,1000.0
R,14,R-n14-s1,penalty_tight,3,0.6164502796026369,0.662190219168721,0.003160527112099541,1.0,0.4082073457566896,0.8180999793064241,0.9412022388843345,0.9971872207448517,1000.0
R,14,R-n14-s1,native,1,1.0000000000000002,0.5416743408642207,0.0,0.6,0.5416743408642207,0.6144622369622473,0.6610964800955017,0.6666666666655613,120.0
R,14,R-n14-s1,native,2,0.9999999999999999,0.5601120613836973,0.0,0.6,0.5601120613836972,0.6461365686684282,0.7556048692426725,0.7996084115326902,833.0
R,14,R-n14-s1,native,3,0.9999999999999998,0.6006506441097073,0.0,0.6666666666666666,0.600650644109707,0.7162076474081184,0.807325898547413,0.8715417860217327,874.0
R,14,R-n14-s1,native_dicke,1,1.0,0.749775133700553,0.021072047729757206,0.9333333333333333,0.7497751337005528,0.9198510187807466,0.9920748750458359,0.9999999999624475,380.0
R,14,R-n14-s1,native_dicke,2,1.0,0.8059477195849174,0.04710219892205422,0.9333333333333333,0.8059477195849172,0.9547894794953201,0.9994647690516958,0.999999999999778,943.0
R,14,R-n14-s1,native_dicke,3,1.0,0.8204063246907185,0.042502811019140455,0.9333333333333333,0.8204063246907186,0.9542881202701392,0.9991337175720422,1.0,1000.0
R,14,R-n14-s2,random,0,1.0,0.6963274820417676,0.0014985014985014985,,0.6963274820417678,0.8441246036816512,0.9275600953069512,0.9891780349398847,
R,14,R-n14-s2,penalty_auto,1,0.43836075951978637,0.6967208992749435,0.0006633511244872164,1.0,0.30541510257946936,0.7950464626666419,0.9008334818763,0.9712971076124226,417.0
R,14,R-n14-s2,penalty_auto,2,0.4386300174400404,0.6967185415853552,0.0006637535111538943,1.0,0.3056016660463836,0.795097493299232,0.9008535498207407,0.9713128603170771,979.0
R,14,R-n14-s2,penalty_auto,3,0.49219851360961825,0.6967230871199976,0.000745208550768834,1.0,0.3429260678779673,0.8042138965078781,0.9047747332440492,0.974309608473847,1000.0
R,14,R-n14-s2,penalty_tight,1,0.4265138386964906,0.7014529755349398,0.0007259886207485633,1.0,0.2991794012604818,0.7965800619387955,0.903147427842124,0.9735692218304945,464.0
R,14,R-n14-s2,penalty_tight,2,0.5097336474601826,0.7022531650354557,0.0009049098338772076,1.0,0.3579620672539807,0.8114660520237612,0.9101979009255254,0.9788977787854287,884.0
R,14,R-n14-s2,penalty_tight,3,0.5689181115168129,0.7017753967365752,0.0009416851669968474,0.8571428571428571,0.39925273342033457,0.8175833194828734,0.9123549858113064,0.9799816365261338,1000.0
R,14,R-n14-s2,native,1,1.0,0.8571428571422353,0.0,0.8571428571428571,0.8571428571422354,0.8571428571455204,0.8571428571694898,0.8571428574091836,130.0
R,14,R-n14-s2,native,2,1.0000000000000002,0.857142857105034,0.0,0.8571428571428571,0.8571428571050342,0.8571428571428571,0.8571428571428571,0.8571428571428571,208.0
R,14,R-n14-s2,native,3,0.9999999999999999,0.8571428552866333,4.434598939239562e-37,0.8571428571428571,0.8571428552866334,0.8571428571428571,0.8571428571428571,0.8571428571428571,751.0
R,14,R-n14-s2,native_dicke,1,0.9999999999999998,0.7652313352372649,0.00787487264212287,1.0,0.7652313352372648,0.893220734440821,0.9734159245205944,0.9999824519060495,341.0
R,14,R-n14-s2,native_dicke,2,1.0,0.7811197665352669,0.010443484009029086,0.8571428571428571,0.7811197665352668,0.9051979627026745,0.9818298327433524,0.999998686640635,1000.0
R,14,R-n14-s2,native_dicke,3,1.0,0.7711513262831275,0.01903431463865223,0.9047619047619048,0.7711513262831274,0.9088871164192386,0.9910555281534345,0.9999999997853046,1000.0
R,14,R-n14-s3,random,0,1.0,0.6605894105894106,0.000999000999000999,,0.6605894105894099,0.853722746285642,0.937986068762024,0.9795520293753976,
R,14,R-n14-s3,penalty_auto,1,0.43782931708220857,0.6611990053051696,0.0004422841896887946,1.0,0.28949230894819805,0.789645389918158,0.915656895896376,0.9642475909965484,625.0
R,14,R-n14-s3,penalty_auto,2,0.4419436741569801,0.6611898229814898,0.00044646960235390613,1.0,0.29220865968364135,0.790640343539482,0.9159493776288206,0.9644003705578298,950.0
R,14,R-n14-s3,penalty_auto,3,0.5111077356289299,0.6615221192812107,0.0005209146501213738,1.0,0.338109072454268,0.805280548519302,0.9205732128900908,0.9669885762277615,1000.0
R,14,R-n14-s3,penalty_tight,1,0.42343595519687166,0.6669504942512708,0.00047482913383675056,1.0,0.28241081960231157,0.7911934836651531,0.917367357119579,0.9654104439007838,693.0
R,14,R-n14-s3,penalty_tight,2,0.41596817226717253,0.6680887168968705,0.00047500924154117625,1.0,0.2779036424799118,0.7901912324358842,0.9173082875884849,0.9654162057529322,994.0
R,14,R-n14-s3,penalty_tight,3,0.5001348879592569,0.6698501938846532,0.0006084562074863437,1.0,0.33501545166798563,0.8109961205883379,0.9242061694845555,0.9697670761137112,1000.0
R,14,R-n14-s3,native,1,0.9999999999999999,0.5555555552810272,0.0,0.5555555555555556,0.555555555281027,0.5555555565850364,0.5555555658503635,0.555555658503606,111.0
R,14,R-n14-s3,native,2,1.0,0.6371066482770001,0.0,0.6666666666666666,0.6371066482770001,0.8021520205831291,0.8638444994081451,0.8888704579394812,342.0
R,14,R-n14-s3,native,3,1.0,0.6663237516722152,0.0,0.6111111111111112,0.6663237516722152,0.8123354300099075,0.8458062360492126,0.8845628166185961,814.0
R,14,R-n14-s3,native_dicke,1,0.9999999999999999,0.7691073548024845,0.004619418145392287,0.8888888888888888,0.7691073548024843,0.9166804381633241,0.9649992593808425,0.9994581343076387,794.0
R,14,R-n14-s3,native_dicke,2,1.0000000000000002,0.7875762219829687,0.006479036592625146,0.9444444444444444,0.7875762219829687,0.9262356963404286,0.9709955988958523,0.9999164853430982,1000.0
R,14,R-n14-s3,native_dicke,3,1.0,0.8103073778500629,0.008064647806567425,0.9444444444444444,0.8103073778500629,0.9336376839802706,0.9752790054638947,0.9999830918488983,1000.0
R,14,R-n14-s4,random,0,1.0,0.6881868131868132,0.0014985014985014985,,0.6881868131868131,0.8467243104652509,0.9368910671570048,0.9888371312457729,
R,14,R-n14-s4,penalty_auto,1,0.4371340561453684,0.6886592058607062,0.0006638875276828973,1.0,0.3010363919597369,0.793411612343541,0.9089536897709465,0.9736659040525641,556.0
R,14,R-n14-s4,penalty_auto,2,0.4389303174117304,0.6887510363905724,0.0006682427305671972,1.0,0.3023137110205717,0.7938659890855032,0.9091767900161132,0.9737940079820822,954.0
R,14,R-n14-s4,penalty_auto,3,0.5360960516496827,0.6885374005976628,0.0008121580123043407,0.85,0.36912218187354195,0.8096982379401518,0.9163083785232163,0.9775907133591482,1000.0
R,14,R-n14-s4,penalty_tight,1,0.41617538415937727,0.6931267362690521,0.0007151748262602965,1.0,0.2884622857379068,0.7928633964002294,0.9107383912639253,0.9750894444616162,576.0
R,14,R-n14-s4,penalty_tight,2,0.40484605498125337,0.6944813380671597,0.0007202366368268456,1.0,0.2811580299745919,0.7913210375999975,0.9107293880821351,0.9752170301293469,975.0
R,14,R-n14-s4,penalty_tight,3,0.5537929746552868,0.6946177805823532,0.0009929381916441043,1.0,0.3846744469571527,0.8174931289397274,0.9223258806329694,0.9814075415684802,1000.0
R,14,R-n14-s4,native,1,1.0000000000000002,0.9499999984688776,0.0,0.95,0.9499999984688776,0.95,0.95,0.95,110.0
R,14,R-n14-s4,native,2,0.9999999999999999,0.9499999994302528,3.078564758804357e-19,0.95,0.9499999994302528,0.9499999999999978,0.9499999999999789,0.949999999999789,203.0
R,14,R-n14-s4,native,3,1.0,0.9499999995399429,1.0276757239100932e-18,0.95,0.9499999995399427,0.95,0.95,0.95,738.0
R,14,R-n14-s4,native_dicke,1,0.9999999999999998,0.7807463608542669,0.005997939997221875,0.8,0.7807463608542665,0.9074186608807909,0.9721106110595685,0.9998780295997857,914.0
R,14,R-n14-s4,native_dicke,2,1.0,0.7137846252417395,0.0010819077096023348,0.75,0.7137846252417395,0.8478533169945348,0.9256318961659922,0.9829825634710496,1000.0
R,14,R-n14-s4,native_dicke,3,0.9999999999999998,0.797398940338933,0.007749416060065855,0.85,0.7973989403389329,0.9154103340092684,0.9769062355569873,0.9999790910045349,1000.0
R,14,R-n14-s5,random,0,1.0,0.6981114123971266,0.001998001998001998,,0.6981114123971257,0.8779110030680316,0.9591370778875176,0.9935554669979437,
R,14,R-n14-s5,penalty_auto,1,0.43769918123045715,0.6986591339055255,0.0008851868454713093,1.0,0.305802530869629,0.8166159091576203,0.9427854857319332,0.980358285712637,701.0
R,14,R-n14-s5,penalty_auto,2,0.5150182775354073,0.6988635732145134,0.0010438096152806063,0.9523809523809523,0.35992751370917864,0.8318255941878174,0.9470964219402161,0.9832419587362765,1000.0
R,14,R-n14-s5,penalty_auto,3,0.599321565175031,0.6984600875046754,0.0012109212360228493,0.9523809523809523,0.4186021928555911,0.8435849718919657,0.95042891333822,0.9858236106432825,1000.0
R,14,R-n14-s5,penalty_tight,1,0.4188863539232009,0.7048590777535928,0.0009714672155097244,1.0,0.29525584910987224,0.8179741814693666,0.9446375362573163,0.9819833904739367,603.0
R,14,R-n14-s5,penalty_tight,2,0.41207387523492006,0.7062022001254361,0.0009874204422015563,1.0,0.2910074773051121,0.8175017826142428,0.9448787918869557,0.9822688116037522,1000.0
R,14,R-n14-s5,penalty_tight,3,0.5515631471689914,0.702499215188093,0.0012611314554549018,0.9523809523809523,0.3874726780128912,0.8412242540337046,0.9505852878702523,0.9865186735387891,1000.0
R,14,R-n14-s5,native,1,1.0,0.6504877581985999,0.0,0.6190476190476191,0.6504877581985999,0.7794490333227501,0.8095237853048335,0.8095238095237196,127.0
R,14,R-n14-s5,native,2,0.9999999999999999,0.7342814846249515,0.0008950366361987169,0.7142857142857143,0.7342814846249512,0.8815561785278926,0.9218403889107053,0.9785869843797048,432.0
R,14,R-n14-s5,native,3,1.0000000000000002,0.7722540404200997,0.0005816090223362116,0.9047619047619048,0.7722540404200997,0.9116044886709695,0.950999691658627,0.9733855415512107,843.0
R,14,R-n14-s5,native_dicke,1,1.0,0.8307759560918256,0.016354431804542283,0.9523809523809523,0.8307759560918258,0.9548283443098452,0.9908452884738511,0.9999999967158704,495.0
R,14,R-n14-s5,native_dicke,2,1.0,0.8617989219863014,0.028894440668225895,0.9047619047619048,0.8617989219863014,0.9636446909679945,0.9974623907967065,0.9999999999999911,1000.0
R,14,R-n14-s5,native_dicke,3,0.9999999999999999,0.8191257461994187,0.01039651348770343,0.9047619047619048,0.8191257461994186,0.9506589890819196,0.9832543358496633,0.9999986227986347,1000.0
R,14,R-n14-s6,random,0,1.0,0.6985661397426103,0.001998001998001998,,0.69856613974261,0.8647299435639836,0.9451232230472661,0.9920391062714682,
R,14,R-n14-s6,penalty_auto,1,0.4382471874963223,0.6990113517755121,0.000884058101647612,1.0,0.3063397589436206,0.8107810877547952,0.9221794027689998,0.975705049238244,739.0
R,14,R-n14-s6,penalty_auto,2,0.5190518488363023,0.6992488162928554,0.001053730503060271,1.0,0.3629463908934015,0.8252784123358092,0.9275572846566058,0.9795027796280529,1000.0
R,14,R-n14-s6,penalty_auto,3,0.4950911667086859,0.6987269415077113,0.000992007181201041,0.7058823529411765,0.3459335366818446,0.8211073552090475,0.9257836729861214,0.9781958018950652,1000.0
R,14,R-n14-s6,penalty_tight,1,0.42733690979755,0.7029412742036424,0.0009375497368836355,1.0,0.30039275188733683,0.8115922334462121,0.9235345218700947,0.9769728246027554,773.0
R,14,R-n14-s6,penalty_tight,2,0.5166189311821541,0.7052724483949722,0.0012051521200949634,1.0,0.36435709848203035,0.8300149000564346,0.9309217079388722,0.9823863652021434,1000.0
R,14,R-n14-s6,penalty_tight,3,0.4845272072906398,0.7033023211977925,0.0010723321841446508,1.0,0.34076910957099077,0.8230982141571552,0.9276429665993408,0.9798809306504255,1000.0
R,14,R-n14-s6,native,1,1.0,0.8823529411079546,0.0,0.8823529411764706,0.8823529411079545,0.8823529415190492,0.8823529446022577,0.8823529754343317,144.0
R,14,R-n14-s6,native,2,0.9999999999999998,0.8823529411402025,1.0076979438912792e-40,0.8823529411764706,0.8823529411402022,0.8823529412465512,0.8823529418772766,0.8823529481845309,219.0
R,14,R-n14-s6,native,3,0.9999999999999999,0.8823529408729514,2.2352681640669336e-30,0.8823529411764706,0.882352940872951,0.8823529411976299,0.8823529413880628,0.8823529432923923,896.0
R,14,R-n14-s6,native_dicke,1,1.0,0.7133153976270645,0.003579710782070835,0.8235294117647058,0.7133153976270646,0.878946788431414,0.9559035404535365,0.9983702792901016,998.0
R,14,R-n14-s6,native_dicke,2,1.0,0.8236825788998751,0.01975603124298542,0.9411764705882353,0.823682578899875,0.9420500743411803,0.9920022282855692,0.9999999998730216,1000.0
R,14,R-n14-s6,native_dicke,3,1.0,0.7917118074965486,0.009167549192674856,0.8823529411764706,0.7917118074965483,0.9228440820794568,0.9765775405488579,0.9999941146425664,1000.0
R,14,R-n14-s7,random,0,1.0,0.6206888349745493,0.0024975024975024975,,0.6206888349745476,0.8402725052816681,0.9516548484147336,0.9960936252812175,
R,14,R-n14-s7,penalty_auto,1,0.43764239068713795,0.6213688271741613,0.0011073480779139255,1.0,0.271937339022963,0.7647396402510909,0.9236669677578466,0.9842135373185195,747.0
R,14,R-n14-s7,penalty_auto,2,0.5246616249093334,0.6221575604357625,0.0013462326413173607,0.9523809523809523,0.3264221966078522,0.7854829245508583,0.9313062374541692,0.9876052620380802,953.0
R,14,R-n14-s7,penalty_auto,3,0.5478340582666491,0.6218602357707624,0.0013985286283791892,1.0,0.340676216636952,0.78950914501796,0.9327486569173362,0.9882408988117302,1000.0
R,14,R-n14-s7,penalty_tight,1,0.4232731751658596,0.6271919358365331,0.0011968303616191986,1.0,0.2654735221199515,0.7666343183462093,0.9261453204081991,0.9855834968553105,743.0
R,14,R-n14-s7,penalty_tight,2,0.43415236374534416,0.6280909790749598,0.0012470847230157769,1.0,0.2726871832125213,0.7706552255035758,0.9277164421198288,0.9862986818993313,1000.0
R,14,R-n14-s7,penalty_tight,3,0.5365183518338527,0.630719248131125,0.0016152899987939093,1.0,0.3383924514771979,0.7963901721172103,0.9372379226114814,0.9905407841022387,1000.0
R,14,R-n14-s7,native,1,1.0,0.714285713750085,0.0,0.7142857142857143,0.7142857137500851,0.7142857145676245,0.7142857171048158,0.7142857424767216,114.0
R,14,R-n14-s7,native,2,1.0000000000000002,0.714285714266494,0.0,0.7142857142857143,0.714285714266494,0.7142857142859551,0.7142857142881214,0.7142857143097849,210.0
R,14,R-n14-s7,native,3,0.9999999999999999,0.7142857140212747,1.169262944972825e-57,0.7142857142857143,0.7142857140212746,0.7142857143237624,0.7142857146661962,0.7142857180905331,669.0
R,14,R-n14-s7,native_dicke,1,0.9999999999999999,0.7542343584431609,0.021207762843559005,1.0,0.7542343584431608,0.936303893442825,0.9944134103271502,0.9999999999765384,872.0
R,14,R-n14-s7,native_dicke,2,1.0,0.8039949412471741,0.043451803774874495,1.0,0.8039949412471741,0.9599113378932604,0.9994396394229608,1.0,1000.0
R,14,R-n14-s7,native_dicke,3,0.9999999999999998,0.7741686960581411,0.02813741153001361,0.8571428571428571,0.7741686960581406,0.9451314227918742,0.9972559892483385,0.9999999999996478,1000.0
R,14,R-n14-s8,random,0,1.0,0.5983490194016511,0.002997002997002997,,0.5983490194016492,0.8383554968273212,0.9524346433748124,0.997383563031775,
R,14,R-n14-s8,penalty_auto,1,0.4377530526729039,0.5991904005298108,0.0013315653841008753,1.0,0.2622974269642236,0.7583522181442814,0.9235547946523309,0.9861001778503902,713.0
R,14,R-n14-s8,penalty_auto,2,0.47202630754345376,0.5993453564987141,0.0014404160912273166,1.0,0.28290677557139915,0.7678486940091184,0.9268230269228466,0.9875410385669886,975.0
R,14,R-n14-s8,penalty_auto,3,0.5784004670171183,0.5982543473283087,0.0017357640805367104,0.631578947368421,0.3460305938897127,0.789129110597408,0.9342164076579844,0.9907357168366492,1000.0
R,14,R-n14-s8,penalty_tight,1,0.42903604917587473,0.6042647232400512,0.0014253875287460263,1.0,0.2592513495152618,0.7606553001948149,0.9257926105382327,0.987350642086065,685.0
R,14,R-n14-s8,penalty_tight,2,0.45666498105420883,0.604775980572766,0.0015343850612601526,1.0,0.2761800117103007,0.7691747393269466,0.9287609575302002,0.9886619852667091,1000.0
R,14,R-n14-s8,penalty_tight,3,0.5619539589466259,0.5981777147467211,0.001710621332142523,0.631578947368421,0.33614833495556484,0.7856700010553977,0.9332896384748874,0.9904991215431489,1000.0
R,14,R-n14-s8,native,1,1.0,0.6842105260100643,0.0,0.6842105263157895,0.6842105260100642,0.6842105275386905,0.6842105385447984,0.6842106486058147,102.0
R,14,R-n14-s8,native,2,1.0000000000000004,0.7898216639410122,7.810973967736964e-05,0.7894736842105263,0.7898216639410125,0.7974859803741037,0.8475004309839231,0.9033675725792546,573.0
R,14,R-n14-s8,native,3,0.9999999999999999,0.7896946309850538,4.933944717360241e-05,0.7894736842105263,0.7896946309850539,0.7945679478919828,0.8308492935439648,0.8996929708737802,741.0
R,14,R-n14-s8,native_dicke,1,1.0,0.7461889776452866,0.03432776924485266,0.7894736842105263,0.7461889776452866,0.9451542803935394,0.998399585117654,1.0,543.0
R,14,R-n14-s8,native_dicke,2,0.9999999999999999,0.7969639676444834,0.06192200322780141,0.9473684210526315,0.7969639676444833,0.9670859885836485,0.9999118664334179,1.0,1000.0
R,14,R-n14-s8,native_dicke,3,0.9999999999999998,0.7468187877010292,0.03323598828958694,0.8947368421052632,0.7468187877010292,0.949155205030391,0.9982081787380359,0.9999999999999999,1000.0
R,14,R-n14-s9,random,0,1.0,0.6385085502732561,0.000999000999000999,,0.6385085502732545,0.8411652097242699,0.9321461508972053,0.9783491724528739,
R,14,R-n14-s9,penalty_auto,1,0.43771575625091347,0.639188779982142,0.00044219175036152035,1.0,0.279783000216982,0.7779127335851933,0.9065681479622227,0.9620828291338914,882.0
R,14,R-n14-s9,penalty_auto,2,0.584436493024679,0.6397378314443497,0.0005958714242304492,1.0,0.3738861346645467,0.8054362590512892,0.9167066189913151,0.9675752847535286,995.0
R,14,R-n14-s9,penalty_auto,3,0.5287462423586704,0.6384189504096572,0.0005260838433806559,0.6470588235294118,0.33756162107967264,0.7958848160474754,0.9127171972179187,0.9652091364215357,1000.0
R,14,R-n14-s9,penalty_tight,1,0.424896659137229,0.6449280499775534,0.00047176094600631554,1.0,0.2740277738193486,0.7791576504918939,0.9082827394603588,0.9632183944105718,885.0
R,14,R-n14-s9,penalty_tight,2,0.5726887961167011,0.649812822477718,0.0006897992348192246,1.0,0.37214052300595996,0.8111616003189164,0.9205588979822281,0.9704919666593459,1000.0
R,14,R-n14-s9,penalty_tight,3,0.501625717626095,0.6484158038429207,0.0005863410204112512,0.8823529411764706,0.3252620429228059,0.7986017679534231,0.9154928798734359,0.9672603308514698,1000.0
R,14,R-n14-s9,native,1,1.0,0.7390001555601196,0.0,0.7647058823529411,0.7390001555601197,0.8104775702119907,0.8235293948416595,0.8235294117647058,106.0
R,14,R-n14-s9,native,2,1.0,0.7490430861701358,0.0,0.7647058823529411,0.7490430861701358,0.8242859013321598,0.8612225607836748,0.8823508368484126,323.0
R,14,R-n14-s9,native,3,0.9999999999999999,0.7871320535878757,1.6671106232679324e-05,0.8235294117647058,0.7871320535878757,0.8599295015378989,0.8842238639894097,0.8988648851763335,593.0
R,14,R-n14-s9,native_dicke,1,1.0,0.7559774931514706,0.012288303606293488,1.0,0.7559774931514706,0.9197147180342822,0.9829104505483198,0.9999997489572092,839.0
R,14,R-n14-s9,native_dicke,2,0.9999999999999999,0.7942799516922782,0.017844728266598248,0.9411764705882353,0.794279951692278,0.9376285416180695,0.9902822274248753,0.9999999991093581,1000.0
R,14,R-n14-s9,native_dicke,3,1.0,0.777219711186222,0.014281929852236707,0.9411764705882353,0.777219711186222,0.9310145605716316,0.9860418869587159,0.99999996671342,1000.0
R,14,R-n14-s10,random,0,1.0,0.6237512487512488,0.0004995004995004995,,0.6237512487512484,0.812592436240921,0.9109258291844544,0.9620571597403929,
R,14,R-n14-s10,penalty_auto,1,0.43805872167115123,0.6244015117469942,0.0002215327381276885,1.0,0.27352452804542254,0.7516420719600594,0.8819575661658167,0.9481158587935027,759.0
R,14,R-n14-s10,penalty_auto,2,0.5207068731459646,0.624563283798184,0.0002656046898685345,1.0,0.3252143945883244,0.7679820180719941,0.8889421008679629,0.9511892801405787,1000.0
R,14,R-n14-s10,penalty_auto,3,0.5512355936368328,0.6241970284733036,0.00027553979133291905,0.5625,0.34407961953682686,0.7720180164056352,0.8904777218943674,0.951802186557248,1000.0
R,14,R-n14-s10,penalty_tight,1,0.4301875529937247,0.628584286729833,0.0002353031824755066,1.0,0.2704091361586074,0.7529862999205126,0.8836516105367831,0.9490963809750913,771.0
R,14,R-n14-s10,penalty_tight,2,0.44935897612972375,0.629045757241408,0.00024793913180009094,1.0,0.2826673574127435,0.7577665786953545,0.8856409664038561,0.9499865210998321,1000.0
R,14,R-n14-s10,penalty_tight,3,0.5442153950734716,0.6312248205885621,0.00031276063068985096,1.0,0.3435222651167856,0.7766323400717798,0.8943023356283429,0.9538444097566605,1000.0
R,14,R-n14-s10,native,1,1.0,0.6249999999985908,0.0,0.625,0.6249999999985908,0.625,0.625,0.625,112.0
R,14,R-n14-s10,native,2,1.0,0.812499999843623,0.0,0.8125,0.812499999843623,0.8125000000261811,0.8125000002618108,0.8125000026181071,401.0
R,14,R-n14-s10,native,3,1.0000000000000002,0.8124999973954384,7.929811239542644e-25,0.8125,0.8124999973954384,0.8125000191146423,0.8125001911461599,0.8125019114352936,834.0
R,14,R-n14-s10,native_dicke,1,1.0,0.7123175030485063,0.0014024500673386839,0.875,0.7123175030485063,0.8706388786978742,0.942199692664103,0.9846405313217146,710.0
R,14,R-n14-s10,native_dicke,2,1.0,0.7819991780398049,0.006034641842510289,0.9375,0.7819991780398049,0.9179547281020198,0.9658792060254004,0.9998530638770399,1000.0
R,14,R-n14-s10,native_dicke,3,1.0,0.7150070216199469,0.00010487630857169688,0.8125,0.7150070216199468,0.8661365543836589,0.9296638688381463,0.9437230661412824,1000.0
R,14,R-n14-s11,random,0,1.0,0.6689144189144188,0.0014985014985014985,,0.6689144189144187,0.8344981485688695,0.92232687219755,0.9875169280890628,
R,14,R-n14-s11,penalty_auto,1,0.43836171940532426,0.6693278149598936,0.0006639881522186786,1.0,0.2934076918116278,0.7790319682284713,0.8967238282895971,0.9682827507373342,446.0
R,14,R-n14-s11,penalty_auto,2,0.4982563362324171,0.6694544514406718,0.000757775755299424,1.0,0.33355992224931147,0.7902799679419836,0.9011567581075892,0.9718863018685078,836.0
R,14,R-n14-s11,penalty_auto,3,0.6050190588099249,0.6695915355454338,0.000923408772908794,1.0,0.4051156406227902,0.8047410425608695,0.9075296541626362,0.976929450778307,1000.0
R,14,R-n14-s11,penalty_tight,1,0.4285666811886949,0.674289195330015,0.0007369567337080496,1.0,0.2889778826039795,0.7814484180415165,0.8994213754298219,0.9710504698751041,439.0
R,14,R-n14-s11,penalty_tight,2,0.48606986539105135,0.6758440261144709,0.0008746113593530433,1.0,0.32850741479880546,0.7941510514765105,0.904853891543346,0.9755047690480887,887.0
R,14,R-n14-s11,penalty_tight,3,0.5855669631900298,0.6775225625736477,0.0010999020364022439,1.0,0.3967348294589742,0.809664955700622,0.9120221215321707,0.9809965232039854,1000.0
R,14,R-n14-s11,native,1,1.0,0.719026385750858,0.0,0.6666666666666666,0.7190263857508578,0.8149532538881273,0.8333329076995868,0.8333333333333334,117.0
R,14,R-n14-s11,native,2,1.0,0.7194578724767419,0.0,0.6666666666666666,0.7194578724767418,0.8154071116930939,0.8334552687537891,0.8345442780237655,954.0
R,14,R-n14-s11,native,3,0.9999999999999999,0.7291894552081235,1.8445461206550468e-10,0.7777777777777778,0.7291894552081233,0.8190558973416759,0.8351911286955557,0.8494269223006529,987.0
R,14,R-n14-s11,native_dicke,1,1.0,0.6842198350511255,0.0021210662582662842,0.6111111111111112,0.6842198350511253,0.8458996723840859,0.9345020669968277,0.9933513964216947,793.0
R,14,R-n14-s11,native_dicke,2,0.9999999999999998,0.7632455977344617,0.011594331224015403,0.9444444444444444,0.7632455977344615,0.9065349761153432,0.9821647477675188,0.9999995214194667,1000.0
R,14,R-n14-s11,native_dicke,3,1.0,0.7655205154924553,0.00995481722958605,0.8888888888888888,0.7655205154924553,0.9042256885633635,0.9786790822228595,0.9999974896026003,1000.0
H,12,H-n12-s175,random,0,1.0,0.7067952249770432,0.00808080808080808,,0.7067952249770431,0.9003368929925657,0.9777096316134027,0.999986389611809,
H,12,H-n12-s175,penalty_auto,1,0.44400684735688006,0.707427819206106,0.0036219097356000977,1.0,0.3141027957382561,0.8431073139641418,0.9561676329565186,0.9987928375937392,518.0
H,12,H-n12-s175,penalty_auto,2,0.5280151760927769,0.7077151082089289,0.00432615058457864,1.0,0.37368431748445613,0.8593561610370523,0.9613910063621423,0.9994047753347519,954.0
H,12,H-n12-s175,penalty_auto,3,0.5072446848703234,0.7077354323604161,0.0041554127983419314,1.0,0.35899503635922125,0.8559571182851218,0.9602351472361979,0.9992934403737344,1000.0
H,12,H-n12-s175,penalty_tight,1,0.43555243633709595,0.7126127490789996,0.003835846939460055,1.0,0.31038021902623375,0.8446603162165991,0.957607418478601,0.9990261322911526,529.0
H,12,H-n12-s175,penalty_tight,2,0.5192585166875254,0.7150893006848028,0.004747655766860128,1.0,0.37131620957271066,0.8628068103833538,0.9637342090335831,0.9996102485821807,937.0
H,12,H-n12-s175,penalty_tight,3,0.4866384750054553,0.7152512069944201,0.0044369156558575484,1.0,0.348068756617576,0.8573386824738719,0.9618983640723456,0.9994674451946892,1000.0
H,12,H-n12-s175,native,1,1.0,0.8181818181644679,0.0,0.8181818181818182,0.8181818181644679,0.8181818181818182,0.8181818181818182,0.8181818181818182,112.0
H,12,H-n12-s175,native,2,1.0000000000000002,0.8636363631150581,1.0317539525536917e-19,0.8636363636363636,0.8636363631150582,0.8636363636810142,0.8636363640828697,0.8636363681014231,231.0
H,12,H-n12-s175,native,3,1.0,0.8636363622375789,2.8942812722608597e-09,0.8636363636363636,0.863636362237579,0.8636363680198939,0.8636364074716586,0.8636368019886663,684.0
H,12,H-n12-s175,native_dicke,1,0.9999999999999999,0.8209007702807151,0.02606029276263027,0.9090909090909091,0.820900770280715,0.9475037611595035,0.9967565090830403,0.9999999999997342,365.0
H,12,H-n12-s175,native_dicke,2,0.9999999999999998,0.7920888245793218,0.009967524197133712,0.9090909090909091,0.7920888245793216,0.923112654069194,0.9823952248618043,0.9999979722322564,1000.0
H,12,H-n12-s175,native_dicke,3,1.0000000000000002,0.8115512676003633,0.026688004770365585,0.9090909090909091,0.8115512676003633,0.9453373036960647,0.9969552206676102,0.9999999999999188,1000.0
H,12,H-n12-s259,random,0,1.0,0.7396694214876033,0.006060606060606061,,0.7396694214876032,0.9005789419805896,0.9735465031650812,0.9998958927072683,
H,12,H-n12-s259,penalty_auto,1,0.4441044861540592,0.740068072673649,0.00271281881963023,1.0,0.3286675511337561,0.8503168732903535,0.9540298417500144,0.9969951884746482,455.0
H,12,H-n12-s259,penalty_auto,2,0.5298240970437962,0.7400694004157858,0.0032448202193353856,1.0,0.3921066018250372,0.864447276985389,0.9588758188002637,0.9982377040672865,1000.0
H,12,H-n12-s259,penalty_auto,3,0.6200123700995361,0.7402363642546996,0.003810140021033266,1.0,0.45895570263541974,0.8749923741900412,0.962969952286443,0.9990007039625214,1000.0
H,12,H-n12-s259,penalty_tight,1,0.4360768762697103,0.7436559955501403,0.0028549002699405092,1.0,0.32429118355874537,0.8513856250703218,0.9552489359475693,0.9973942149165551,429.0
H,12,H-n12-s259,penalty_tight,2,0.5307512320588093,0.7437157112883805,0.0035692173225994423,1.0,0.3947280300678009,0.8676122978567049,0.9610274654926234,0.9987273378342028,1000.0
H,12,H-n12-s259,penalty_tight,3,0.6193608273149322,0.7453608642766569,0.00430751722448252,1.0,0.46164732154656307,0.8789873313297937,0.9656485810711612,0.9993935351253079,1000.0
H,12,H-n12-s259,native,1,1.0,0.8636363636198601,0.0,0.8636363636363636,0.8636363636198601,0.8636363636363636,0.8636363636363636,0.8636363636363636,122.0
H,12,H-n12-s259,native,2,1.0,0.8553401991360374,0.0,0.8636363636363636,0.8553401991360372,0.8987390691472417,0.9489905802969192,0.9545454545121246,459.0
H,12,H-n12-s259,native,3,0.9999999999999999,0.8430707909851219,0.00027953511295953926,0.8636363636363636,0.8430707909851218,0.9120102890610676,0.9537679472198048,0.9656315622672598,823.0
H,12,H-n12-s259,native_dicke,1,1.0,0.8146872191517318,0.033490216744455605,0.9545454545454546,0.8146872191517319,0.9520176162844137,0.9984925482317197,1.0,330.0
H,12,H-n12-s259,native_dicke,2,1.0,0.8448551039768786,0.06194076518944407,0.9545454545454546,0.8448551039768786,0.9708543737165015,0.9999240367260669,1.0,930.0
H,12,H-n12-s259,native_dicke,3,1.0000000000000002,0.8602683740013217,0.0865709098291717,1.0,0.8602683740013218,0.9789812125370155,0.9999946904076887,1.0,1000.0
H,12,H-n12-s359,random,0,1.0,0.7997873471557682,0.01818181818181818,,0.7997873471557679,0.9321506684439639,0.9915955083104103,0.9999999994346509,
H,12,H-n12-s359,penalty_auto,1,0.44493037983224903,0.8000441076827802,0.008127872227185664,1.0,0.35596392871385163,0.8890843755833898,0.9759691357097504,0.9999849709030627,523.0
H,12,H-n12-s359,penalty_auto,2,0.48625198212669796,0.8001219561163709,0.008895325208403181,1.0,0.389060887104676,0.895673558474604,0.9779578756380369,0.9999930693973696,904.0
H,12,H-n12-s359,penalty_auto,3,0.5243567869515737,0.7998751069089021,0.00954417950039507,0.9473684210526315,0.4194199410212983,0.9003929884268642,0.979472404685179,0.9999963995655835,1000.0
H,12,H-n12-s359,penalty_tight,1,0.4435504684886781,0.8014332535929777,0.008311500284489529,1.0,0.3554760950935686,0.8898812717793836,0.9764539777192185,0.9999875111257776,422.0
H,12,H-n12-s359,penalty_tight,2,0.4778573032449385,0.8018531462130045,0.009023046579730423,1.0,0.3831713820478155,0.8957458949821977,0.9782553134765282,0.9999939074252626,897.0
H,12,H-n12-s359,penalty_tight,3,0.5538180707734666,0.8001289165041111,0.010091960434981671,0.8947368421052632,0.44312585290837087,0.9037396515024111,0.9806458918491097,0.9999979293918619,1000.0
H,12,H-n12-s359,native,1,1.0000000000000002,0.8947368420956183,0.0,0.8947368421052632,0.8947368420956184,0.8947368421052632,0.8947368421052632,0.8947368421052632,115.0
H,12,H-n12-s359,native,2,1.0,0.8947368419793977,3.819046493439865e-32,0.8947368421052632,0.8947368419793977,0.8947368421052632,0.8947368421052632,0.8947368421052632,227.0
H,12,H-n12-s359,native,3,1.0,0.8947368409589717,5.482577752290732e-28,0.8947368421052632,0.8947368409589715,0.8947368421052632,0.8947368421052632,0.8947368421052632,759.0
H,12,H-n12-s359,native_dicke,1,1.0,0.8635386484813578,0.06450257693508346,0.9473684210526315,0.8635386484813578,0.9707227204882468,0.9999330877010482,0.999999999999889,980.0
H,12,H-n12-s359,native_dicke,2,1.0,0.8588102837963352,0.063438170856791,0.9473684210526315,0.8588102837963351,0.9692040160244637,0.9999250292675862,1.0,1000.0
H,12,H-n12-s359,native_dicke,3,1.0,0.8655361630529956,0.04425401276179454,0.8947368421052632,0.8655361630529954,0.9621856013878654,0.9994304986895884,1.0,1000.0
H,12,H-n12-s644,random,0,1.0,0.6926657883179621,0.006060606060606061,,0.6926657883179621,0.8939029900717913,0.9706496719421703,0.9999004190515379,
H,12,H-n12-s644,penalty_auto,1,0.4446985083038206,0.6933246354475675,0.0027165911000545124,0.9565217391304348,0.3083204311538225,0.8397004034269103,0.9475955777758512,0.997131814492708,445.0
H,12,H-n12-s644,penalty_auto,2,0.600843250398738,0.6939121711996683,0.00369486383643341,1.0,0.41693244443485383,0.8656633743877012,0.9568258736468878,0.9989267142154037,1000.0
H,12,H-n12-s644,penalty_auto,3,0.5240171871774608,0.693939902538761,0.0032196388180589586,0.9130434782608695,0.36363643579856203,0.8552792754281949,0.9527435620225625,0.998270288184096,1000.0
H,12,H-n12-s644,penalty_tight,1,0.4427635691669012,0.697539448181844,0.002844123114896926,0.9565217391304348,0.308845055711703,0.8417571531805578,0.9489083004567164,0.9974771749278013,408.0
H,12,H-n12-s644,penalty_tight,2,0.5835891056630995,0.7020321679879873,0.003938392209257051,1.0,0.40969832506283516,0.86768782517367,0.9585272586774136,0.9991595358709255,1000.0
H,12,H-n12-s644,penalty_tight,3,0.570620442007568,0.7009898898597969,0.0037927516816376574,0.9130434782608695,0.3999991607946337,0.8655145754285193,0.9574301530098309,0.9990271752893729,1000.0
H,12,H-n12-s644,native,1,1.0,0.8260869565119207,0.0,0.8260869565217391,0.8260869565119208,0.8260869568162896,0.8260869594672438,0.8260869859767763,110.0
H,12,H-n12-s644,native,2,0.9999999999999999,0.8260869564554851,0.0,0.8260869565217391,0.8260869564554851,0.8260869569775174,0.8260869610795225,0.8260870020995514,237.0
H,12,H-n12-s644,native,3,1.0,0.8260869564874368,4.808149015936733e-129,0.8260869565217391,0.8260869564874368,0.8260869565521681,0.8260869568260291,0.8260869595646383,307.0
H,12,H-n12-s644,native_dicke,1,1.0,0.7910123413442476,0.011823621368376804,0.8695652173913043,0.7910123413442475,0.9273318488205856,0.9864286543228848,0.9999997030108193,852.0
H,12,H-n12-s644,native_dicke,2,1.0,0.8317716487211433,0.011084356649665037,0.8695652173913043,0.8317716487211433,0.9349847318134722,0.985650634821025,0.9999993726367429,1000.0
H,12,H-n12-s644,native_dicke,3,1.0,0.8357645206962722,0.025958788752314332,0.8695652173913043,0.8357645206962722,0.9438261761764745,0.9968477045118177,0.9999999999998357,1000.0
H,12,H-n12-s1302,random,0,1.0,0.7578947368421052,0.00808080808080808,,0.7578947368421051,0.9121609762139163,0.9763795324382285,0.9999842406032781,
H,12,H-n12-s1302,penalty_auto,1,0.44350024680290223,0.7583889905432137,0.0036151112401471134,1.0,0.3363457044785185,0.8655432858573467,0.9584424954982952,0.9985927256402675,595.0
H,12,H-n12-s1302,penalty_auto,2,0.45427789584151934,0.758390748017898,0.003703549571763341,1.0,0.3445201532352465,0.8676076224697717,0.9590493060326453,0.9987122563093882,957.0
H,12,H-n12-s1302,penalty_auto,3,0.5267552461598874,0.7587170067949182,0.004318384852186616,1.0,0.3996581636799499,0.8790358423773171,0.9627743078338027,0.9993054003948771,1000.0
H,12,H-n12-s1302,penalty_tight,1,0.42270507897499654,0.76396238466123,0.003796940188143111,1.0,0.32293078014215065,0.8651963798566478,0.9594486439702861,0.9988274868499007,481.0
H,12,H-n12-s1302,penalty_tight,2,0.4353803437379081,0.7638023139254492,0.0039034035547574107,1.0,0.33254451398467155,0.8677854443606897,0.9601499782829629,0.9989463349783095,965.0
H,12,H-n12-s1302,penalty_tight,3,0.5450685021061042,0.7683148814286963,0.005277920190538191,1.0,0.4187842415661683,0.8876402603546617,0.9671697691705855,0.999735147262322,1000.0
H,12,H-n12-s1302,native,1,1.0,0.7209154052685575,0.0,0.7894736842105263,0.7209154052685575,0.8792791526243435,0.894736834435489,0.8947368421052632,115.0
H,12,H-n12-s1302,native,2,1.0000000000000002,0.7639987141189024,0.0002889880724459532,0.7894736842105263,0.7639987141189027,0.9110608406859703,0.948651713912425,0.9605794812078706,743.0
H,12,H-n12-s1302,native,3,1.0,0.856604577743438,0.16563634152049206,0.7894736842105263,0.8566045777434379,0.990005738331626,0.9999999992809081,1.0,1000.0
H,12,H-n12-s1302,native_dicke,1,1.0,0.8444433330372603,0.037595506457556646,1.0,0.8444433330372602,0.956752689138775,0.9988597222357072,1.0,456.0
H,12,H-n12-s1302,native_dicke,2,1.0,0.8708021032649235,0.06044165138520727,1.0,0.8708021032649234,0.9696036573904138,0.999896813711995,1.0,1000.0
H,12,H-n12-s1302,native_dicke,3,1.0,0.8520816127407881,0.02237035199066807,0.9473684210526315,0.8520816127407882,0.9518941850419645,0.9945212337669842,0.9999999999921366,1000.0
H,12,H-n12-s1446,random,0,1.0,0.7136363636363636,0.00808080808080808,,0.7136363636363635,0.9008584272361984,0.9778910747457847,0.9999875238097908,
H,12,H-n12-s1446,penalty_auto,1,0.4445870689962402,0.7141310842586296,0.0036210922057365955,1.0,0.3174934456296512,0.8451062231742952,0.955610676590296,0.9988918156819903,334.0
H,12,H-n12-s1446,penalty_auto,2,0.4550555951272972,0.7141680344551194,0.003708573170688385,1.0,0.32498615993986646,0.8474868413328429,0.9563431286796186,0.9989850805084771,851.0
H,12,H-n12-s1446,penalty_auto,3,0.6038848702758411,0.7138131185651135,0.004892951600536533,0.8333333333333334,0.4310609425058872,0.8710402831551091,0.9645799357342125,0.99969124542048,1000.0
H,12,H-n12-s1446,penalty_tight,1,0.4397195923667937,0.717882311892201,0.003800936493426472,1.0,0.31566691755257004,0.8469016344458904,0.9569308112344757,0.9990749984100268,229.0
H,12,H-n12-s1446,penalty_tight,2,0.45612317170379435,0.7182927586752357,0.003969252560190565,1.0,0.3276299712988159,0.850903586921363,0.9582313847036962,0.9992189189829614,939.0
H,12,H-n12-s1446,penalty_tight,3,0.5695956863497071,0.7206233446252623,0.005171662018462243,1.0,0.41046394858144764,0.8714316006261295,0.9658645159485971,0.9997666794651321,1000.0
H,12,H-n12-s1446,native,1,1.0,0.7083333333333334,0.0,0.7083333333333334,0.7083333333333334,0.7083333333333334,0.7083333333333334,0.7083333333333334,111.0
H,12,H-n12-s1446,native,2,1.0,0.7083396193814901,9.07131144467485e-12,0.7083333333333334,0.7083396193814901,0.7088112421414918,0.713063386568498,0.7510823485656788,540.0
H,12,H-n12-s1446,native,3,1.0,0.7129398413939825,2.3056429930652952e-05,0.7083333333333334,0.7129398413939823,0.8253639551895623,0.9167994968599145,0.9185808552048395,700.0
H,12,H-n12-s1446,native_dicke,1,1.0,0.8016947760161451,0.04183967461599457,1.0,0.8016947760161451,0.949794612370961,0.9994112939314004,1.0,395.0
H,12,H-n12-s1446,native_dicke,2,1.0,0.7382147595895616,0.020578865904399023,0.7083333333333334,0.7382147595895615,0.9323029354473982,0.9947477680282165,0.9999999999609397,1000.0
H,12,H-n12-s1446,native_dicke,3,1.0,0.8334862209387423,0.08812198571662437,1.0,0.8334862209387421,0.9707170007053618,0.9999958452393519,0.999999999999889,1000.0
H,12,H-n12-s2405,random,0,1.0,0.7634237107921319,0.00808080808080808,,0.7634237107921316,0.9237281478114336,0.9766067887241132,0.9999842406032781,
H,12,H-n12-s2405,penalty_auto,1,0.44400019547944136,0.7638568633835121,0.003611162152345397,0.9473684210526315,0.33915259666059194,0.8769616888164202,0.962007099760421,0.9985871369724408,627.0
H,12,H-n12-s2405,penalty_auto,2,0.5001729777658199,0.7640005464740341,0.004077254926923667,0.9473684210526315,0.3821324283446313,0.8869150056180561,0.9641947009654188,0.9991150935039458,1000.0
H,12,H-n12-s2405,penalty_auto,3,0.5854052559285434,0.764094157502908,0.0047837884552872825,1.0,0.44730473582649466,0.8977167671966891,0.9670197095307386,0.9995648006573405,1000.0
H,12,H-n12-s2405,penalty_tight,1,0.43711307477178696,0.7673235896927811,0.0037431259589072617,0.9473684210526315,0.33540717363553646,0.8779659454494282,0.9626194589721575,0.9987624082995659,655.0
H,12,H-n12-s2405,penalty_tight,2,0.48693962862590257,0.7684673976241958,0.004245232457083298,1.0,0.3741972292102395,0.8878262832317689,0.9648710028247325,0.9992524489935417,1000.0
H,12,H-n12-s2405,penalty_tight,3,0.5671284357173509,0.7692384633560425,0.005035260651341944,1.0,0.4362570064167311,0.8988930150006178,0.9678903802265799,0.9996619846569517,1000.0
H,12,H-n12-s2405,native,1,1.0000000000000002,0.8947368420006696,0.0,0.8947368421052632,0.8947368420006696,0.8947368421052632,0.8947368421052632,0.8947368421052632,125.0
H,12,H-n12-s2405,native,2,1.0000000000000002,0.8947368412160164,8.55045399403743e-44,0.8947368421052632,0.8947368412160164,0.8947368470087578,0.8947368911401881,0.8947373324524558,676.0
H,12,H-n12-s2405,native,3,0.9999999999999999,0.8973750105602887,1.1577482139757098e-09,0.8947368421052632,0.8973750105602885,0.9266539058803369,0.947363733284582,0.9473684819866085,716.0
H,12,H-n12-s2405,native_dicke,1,0.9999999999999998,0.8306453418994689,0.02075251101915271,0.9473684210526315,0.8306453418994686,0.9491798308731724,0.9935361230661235,0.9999999999586902,592.0
H,12,H-n12-s2405,native_dicke,2,1.0,0.8592460126257409,0.03294210166829868,0.9473684210526315,0.8592460126257407,0.958750385530767,0.9981528845875255,0.9999999999999998,1000.0
H,12,H-n12-s2405,native_dicke,3,0.9999999999999999,0.8017477627773796,0.0025872760629114945,0.9473684210526315,0.8017477627773796,0.9362240860797667,0.9593802750748001,0.9960540590066689,1000.0
H,12,H-n12-s2865,random,0,1.0,0.7368467281510759,0.03636363636363636,,0.7368467281510759,0.9390764179227465,0.9989111125332899,0.999999999999889,
H,12,H-n12-s2865,penalty_auto,1,0.44437763167988953,0.7374301204530789,0.016254268657090485,1.0,0.32769745045635423,0.880264533340862,0.9900784555997376,0.9999999966800385,522.0
H,12,H-n12-s2865,penalty_auto,2,0.5170007921707465,0.7374613349822714,0.018918307670560283,1.0,0.3812680943811297,0.8948831425593854,0.9927316479215976,0.9999999997794822,994.0
H,12,H-n12-s2865,penalty_auto,3,0.49341804854603966,0.7374629900490229,0.018055370719095912,1.0,0.36387754942491607,0.8906795298172183,0.9919695542361765,0.9999999994687838,1000.0
H,12,H-n12-s2865,penalty_tight,1,0.43989503502464444,0.7412616753537495,0.01671491149697968,1.0,0.32607733064216426,0.8815146686438161,0.9905984253470195,0.999999997920175,479.0
H,12,H-n12-s2865,penalty_tight,2,0.5312792037178073,0.7417766252058293,0.02041905190950965,1.0,0.39409049477583524,0.899896027116862,0.993862705097164,0.9999999999514027,967.0
H,12,H-n12-s2865,penalty_tight,3,0.5306561999789565,0.7440005870384597,0.020693099532641063,1.0,0.394808524299942,0.9008327933354331,0.9940592772377388,0.9999999999630468,1000.0
H,12,H-n12-s2865,native,1,1.0,0.9130434782608696,0.0,0.9130434782608695,0.9130434782608695,0.9130434782608695,0.9130434782608695,0.9130434782608695,129.0
H,12,H-n12-s2865,native,2,1.0,0.9130434782608695,0.0,0.9130434782608695,0.9130434782608695,0.9130434782608695,0.9130434782608695,0.9130434782608695,459.0
H,12,H-n12-s2865,native,3,1.0,0.913042777304888,9.245330899972736e-20,0.9130434782608695,0.913042777304888,0.9130434782608756,0.9130434782609299,0.9130434782614729,1000.0
H,12,H-n12-s2865,native_dicke,1,1.0000000000000002,0.8269792182286555,0.09404729901738541,1.0,0.8269792182286555,0.977450229375852,0.9999977672854434,1.0,460.0
H,12,H-n12-s2865,native_dicke,2,1.0,0.8636692575676634,0.17184443030740504,1.0,0.8636692575676633,0.991822274087597,0.9999999997184976,0.999999999999889,1000.0
H,12,H-n12-s2865,native_dicke,3,1.0,0.7606974426718136,0.05549176650585194,0.8260869565217391,0.7606974426718135,0.9523635541687535,0.9998552342427139,0.999999999999889,1000.0
H,12,H-n12-s3012,random,0,1.0,0.6835629017447199,0.00404040404040404,,0.68356290174472,0.8928076817489607,0.9664842510734769,0.9992069553075369,
H,12,H-n12-s3012,penalty_auto,1,0.4434510103495197,0.6842806055123656,0.0018069845912232077,0.9545454545454546,0.3034449258770394,0.8346161120824608,0.9465695099462562,0.9925505566736909,611.0
H,12,H-n12-s3012,penalty_auto,2,0.48780220805389934,0.684492752974482,0.0019929719006876734,0.9545454545454546,0.33389707629784354,0.8446366800667491,0.9493301274683108,0.9938172163304706,931.0
H,12,H-n12-s3012,penalty_auto,3,0.5236619876521217,0.6836823381262561,0.00211078307087028,0.9090909090909091,0.35801845210584526,0.8506775387389216,0.9509635931451199,0.9945057225881332,1000.0
H,12,H-n12-s3012,penalty_tight,1,0.4276073961738307,0.6914253622233254,0.0018939048786246232,0.9545454545454546,0.29565859878886336,0.8354694436465236,0.9477177623018429,0.9931719190744881,642.0
H,12,H-n12-s3012,penalty_tight,2,0.46481577427982945,0.6932331968570756,0.0021039209527918042,0.9545454545454546,0.32222572515360304,0.8456238208638491,0.9505820244557419,0.9944677983887701,992.0
H,12,H-n12-s3012,penalty_tight,3,0.5340963808937567,0.6954736376516472,0.002533253161614531,1.0,0.37144995287676075,0.8597669209329891,0.9552549645197752,0.9964024727237186,1000.0
H,12,H-n12-s3012,native,1,1.0,0.909090909024132,0.0,0.9090909090909091,0.909090909024132,0.9090909093134991,0.9090909113168099,0.9090909313499114,108.0
H,12,H-n12-s3012,native,2,1.0,0.9093058441499611,0.0,0.9090909090909091,0.9093058441499609,0.9112058126419973,0.9263189361368299,0.9541578603516231,497.0
H,12,H-n12-s3012,native,3,0.9999999999999999,0.9093574558696589,0.0,0.9090909090909091,0.9093574558696587,0.9117020022671434,0.9293890417326298,0.9544229107701185,829.0
H,12,H-n12-s3012,native_dicke,1,1.0,0.805466315456794,0.03941752884521136,1.0,0.805466315456794,0.954250058133286,0.9991851230007088,1.0,537.0
H,12,H-n12-s3012,native_dicke,2,1.0,0.8531686482228287,0.08436651657125364,1.0,0.8531686482228285,0.9786142838938643,0.9999932431558383,1.0,1000.0
H,12,H-n12-s3012,native_dicke,3,1.0,0.7658075600104497,0.030146533572826227,0.9090909090909091,0.7658075600104497,0.9575069753580187,0.997870931583861,0.9999999999998866,1000.0
H,12,H-n12-s3092,random,0,1.0,0.6922558922558921,0.00808080808080808,,0.6922558922558923,0.9155101038004988,0.9787042197151643,0.999985741498204,
H,12,H-n12-s3092,penalty_auto,1,0.4435642358560871,0.6931821693299077,0.003624526681572472,1.0,0.3074708192478853,0.8519304139659082,0.9631387180326926,0.9987387268492623,525.0
H,12,H-n12-s3092,penalty_auto,2,0.5217745349114846,0.6936200863142207,0.004283071913503036,1.0,0.36191329794186633,0.8697062169108797,0.9666893564267958,0.9993488646184676,1000.0
H,12,H-n12-s3092,penalty_auto,3,0.5713198067888584,0.6938400662448695,0.004701667018669219,1.0,0.39640457258938744,0.8782533075640521,0.9685713834307689,0.9995723806205278,1000.0
H,12,H-n12-s3092,penalty_tight,1,0.4249090426953632,0.7025668080480975,0.003887789640525614,1.0,0.29852698983725257,0.8533999083341324,0.9644570644111871,0.9990316230907823,645.0
H,12,H-n12-s3092,penalty_tight,2,0.49783111257352486,0.7067900869315333,0.004760074326291206,1.0,0.3518620953330632,0.8736822683523271,0.9686589105249235,0.9995967532894717,1000.0
H,12,H-n12-s3092,penalty_tight,3,0.5126785715149103,0.7088849455021834,0.005032827669784363,1.0,0.3634301212284844,0.8778310181221791,0.9697384024247722,0.9996934278524124,1000.0
H,12,H-n12-s3092,native,1,1.0,0.714285714285617,0.0,0.7142857142857143,0.714285714285617,0.7142857142866876,0.7142857142954473,0.7142857143830439,99.0
H,12,H-n12-s3092,native,2,0.9999999999999998,0.719223804190539,1.0791883389307005e-07,0.7142857142857143,0.7192238041905387,0.7554358533701611,0.7619892942291528,0.7627474662682753,419.0
H,12,H-n12-s3092,native,3,0.9999999999999998,0.7357974821224623,9.007717701359002e-07,0.7619047619047619,0.7357974821224621,0.7651128802462271,0.7917168964521445,0.9175419614184096,566.0
H,12,H-n12-s3092,native_dicke,1,1.0,0.7998807608020657,0.04891921955672242,0.9523809523809523,0.7998807608020655,0.9633163305484804,0.9996841202561677,1.0,418.0
H,12,H-n12-s3092,native_dicke,2,1.0,0.846138391820016,0.05688662131314509,0.9523809523809523,0.846138391820016,0.9710866761591809,0.9998638018305824,1.0,1000.0
H,12,H-n12-s3092,native_dicke,3,1.0,0.8568982460110801,0.05219439585211387,0.9523809523809523,0.8568982460110799,0.9704365111490397,0.9997762783929558,1.0,1000.0
H,12,H-n12-s3654,random,0,1.0,0.7330303030303029,0.00808080808080808,,0.733030303030303,0.9149434916522253,0.9777662203815988,0.9999850285731141,
H,12,H-n12-s3654,penalty_auto,1,0.44351760791229045,0.7335616563040936,0.003619758507437595,1.0,0.3253475110601692,0.8575254156893987,0.9634029477022088,0.9986693103793205,468.0
H,12,H-n12-s3654,penalty_auto,2,0.5698494348930938,0.7338070852154001,0.004676913068438497,1.0,0.4181595528305435,0.8797380985262356,0.9680774857147458,0.9995396927331934,1000.0
H,12,H-n12-s3654,penalty_auto,3,0.5975289332698,0.7338540052468535,0.004907152693366543,1.0,0.43849900093092253,0.883344123706815,0.9689220438016644,0.9996347631733145,1000.0
H,12,H-n12-s3654,penalty_tight,1,0.42652166503299327,0.7393923566586317,0.003872930439352383,1.0,0.3153668590747081,0.8584609360113508,0.964531235515664,0.998967922923876,487.0
H,12,H-n12-s3654,penalty_tight,2,0.5506117124107244,0.7419252011139419,0.005292409309628539,1.0,0.40851270546601853,0.8836788625533373,0.9701535669930991,0.9997520283148379,1000.0
H,12,H-n12-s3654,penalty_tight,3,0.5864990149101387,0.7426576008889161,0.005690311967630821,1.0,0.4355679513368761,0.888992273847626,0.9714438373146459,0.9998337961891343,1000.0
H,12,H-n12-s3654,native,1,1.0,0.6500000000058543,0.0,0.65,0.6500000000058543,0.6500000001170859,0.650000001170859,0.6500000117085889,118.0
H,12,H-n12-s3654,native,2,1.0,0.7499999999396018,5.355916812032501e-34,0.75,0.7499999999396019,0.750000004999896,0.7500000499989391,0.7500004999871412,514.0
H,12,H-n12-s3654,native,3,1.0,0.8499999994758793,4.1173965666260075e-18,0.85,0.8499999994758791,0.8500000020118481,0.8500000201184768,0.8500002011844033,589.0
H,12,H-n12-s3654,native_dicke,1,1.0,0.8209182712674403,0.02736167429150014,0.95,0.8209182712674402,0.9565443534584601,0.9968803357971562,0.9999999999999554,736.0
H,12,H-n12-s3654,native_dicke,2,1.0,0.7441910050117858,0.0031799783692911783,0.9,0.7441910050117859,0.9195899149617877,0.9636338319762972,0.9979311813157852,1000.0
H,12,H-n12-s3654,native_dicke,3,1.0,0.8726940725113745,0.054153033500656644,0.95,0.8726940725113745,0.9709983149892465,0.9998089893701879,1.0,1000.0
H,12,H-n12-s3681,random,0,1.0,0.6962254120148857,0.006060606060606061,,0.6962254120148854,0.8775409084246841,0.9704690357389185,0.9998794547136793,
H,12,H-n12-s3681,penalty_auto,1,0.444616727888798,0.6965693063979198,0.0027138180018498447,1.0,0.30970636575841276,0.814284224045562,0.9495777855891707,0.9965242530703281,424.0
H,12,H-n12-s3681,penalty_auto,2,0.5344775051546429,0.6968586414591939,0.0032893151447138,0.9473684210526315,0.37245526813256363,0.8317076609171551,0.9555077283378463,0.9980485367566014,986.0
H,12,H-n12-s3681,penalty_auto,3,0.5981946366713924,0.6968670852490176,0.0036795501161590444,1.0,0.41686215286878825,0.8409719280916279,0.958652636667367,0.9986808600279302,1000.0
H,12,H-n12-s3681,penalty_tight,1,0.4422025147682588,0.6985645561798908,0.002812203601781345,1.0,0.3089070034707203,0.815776729814197,0.9506065209784696,0.9968507915437168,482.0
H,12,H-n12-s3681,penalty_tight,2,0.5296247544606124,0.7003761641913905,0.0035453506819501145,0.9473684210526315,0.3709365539899307,0.8348304885964143,0.9573875328339462,0.9984906698077146,992.0
H,12,H-n12-s3681,penalty_tight,3,0.6105848792696953,0.7005197624767612,0.004073322633222841,1.0,0.42772677459790825,0.8464420184442071,0.9611431914075785,0.9991115926459347,1000.0
H,12,H-n12-s3681,native,1,1.0,0.5061670335857213,0.0,0.47368421052631576,0.5061670335857213,0.6040110748804576,0.664882957338086,0.6842082011844905,101.0
H,12,H-n12-s3681,native,2,1.0,0.5804952891477921,0.0,0.5789473684210527,0.5804952891477921,0.7069744612785301,0.8176165370361578,0.9280239195686882,398.0
H,12,H-n12-s3681,native,3,1.0,0.740029849927009,1.568924714586262e-05,0.7368421052631579,0.7400298499270089,0.8322736691968249,0.9108599880039234,0.9468069859195473,1000.0
H,12,H-n12-s3681,native_dicke,1,1.0,0.75596958910719,0.014127284684733774,0.8947368421052632,0.7559695891071899,0.9239570506171955,0.9873100881881746,0.999999965158745,1000.0
H,12,H-n12-s3681,native_dicke,2,0.9999999999999999,0.7857584063707767,0.01693869065848118,0.9473684210526315,0.7857584063707765,0.9411976082387155,0.9904652983029473,0.9999999979962194,1000.0
H,12,H-n12-s3681,native_dicke,3,1.0,0.793708687673497,0.01723390114349444,0.9473684210526315,0.7937086876734969,0.9442015645521872,0.990747414192072,0.9999999985159598,1000.0
