family,instance,lambda,ratio_worst_tie,ratio_mean_tie,exact,frac_zones_m3_at_opt
sparse (radius 2.2),0,0.0,0.375,0.6583333333333333,False,0.0
sparse (radius 2.2),0,0.5,0.875,0.9431818181818182,False,0.0
sparse (radius 2.2),0,0.75,1.0,1.0,True,0.0
sparse (radius 2.2),0,1.0,1.0,1.0,True,0.0
sparse (radius 2.2),0,1.25,1.0,1.0,True,0.0
sparse (radius 2.2),0,1.5,1.0,1.0,True,0.0
sparse (radius 2.2),0,2.0,1.0,1.0,True,0.0
sparse (radius 2.2),1,0.0,0.5714285714285714,0.8392857142857143,False,0.0
sparse (radius 2.2),1,0.5,1.0,1.0,True,0.0
sparse (radius 2.2),1,0.75,1.0,1.0,True,0.0
sparse (radius 2.2),1,1.0,1.0,1.0,True,0.0
sparse (radius 2.2),1,1.25,1.0,1.0,True,0.0
sparse (radius 2.2),1,1.5,1.0,1.0,True,0.0
sparse (radius 2.2),1,2.0,1.0,1.0,True,0.0
sparse (radius 2.2),2,0.0,0.8235294117647058,0.8235294117647058,False,0.0
sparse (radius 2.2),2,0.5,0.8235294117647058,0.8627450980392156,False,0.0
sparse (radius 2.2),2,0.75,1.0,1.0,True,0.0
sparse (radius 2.2),2,1.0,1.0,1.0,True,0.0
sparse (radius 2.2),2,1.25,1.0,1.0,True,0.0
sparse (radius 2.2),2,1.5,1.0,1.0,True,0.0
sparse (radius 2.2),2,2.0,1.0,1.0,True,0.0
sparse (radius 2.2),3,0.0,0.7647058823529411,0.7647058823529411,False,0.0
sparse (radius 2.2),3,0.5,0.9411764705882353,0.9411764705882353,False,0.0
sparse (radius 2.2),3,0.75,0.9411764705882353,0.9411764705882353,False,0.0
sparse (radius 2.2),3,1.0,1.0,1.0,True,0.0
sparse (radius 2.2),3,1.25,1.0,1.0,True,0.0
sparse (radius 2.2),3,1.5,1.0,1.0,True,0.0
sparse (radius 2.2),3,2.0,1.0,1.0,True,0.0
sparse (radius 2.2),4,0.0,0.9411764705882353,0.9411764705882353,False,0.0
sparse (radius 2.2),4,0.5,0.9411764705882353,0.9852941176470589,False,0.0
sparse (radius 2.2),4,0.75,1.0,1.0,True,0.0
sparse (radius 2.2),4,1.0,1.0,1.0,True,0.0
sparse (radius 2.2),4,1.25,1.0,1.0,True,0.0
sparse (radius 2.2),4,1.5,1.0,1.0,True,0.0
sparse (radius 2.2),4,2.0,1.0,1.0,True,0.0
sparse (radius 2.2),5,0.0,0.8571428571428571,0.8571428571428571,False,0.0
sparse (radius 2.2),5,0.5,1.0,1.0,True,0.0
sparse (radius 2.2),5,0.75,1.0,1.0,True,0.0
sparse (radius 2.2),5,1.0,1.0,1.0,True,0.0
sparse (radius 2.2),5,1.25,1.0,1.0,True,0.0
sparse (radius 2.2),5,1.5,1.0,1.0,True,0.0
sparse (radius 2.2),5,2.0,1.0,1.0,True,0.0
sparse (radius 2.2),6,0.0,0.75,0.85,False,0.0
sparse (radius 2.2),6,0.5,1.0,1.0,True,0.0
sparse (radius 2.2),6,0.75,1.0,1.0,True,0.0
sparse (radius 2.2),6,1.0,1.0,1.0,True,0.0
sparse (radius 2.2),6,1.25,1.0,1.0,True,0.0
sparse (radius 2.2),6,1.5,1.0,1.0,True,0.0
sparse (radius 2.2),6,2.0,1.0,1.0,True,0.0
sparse (radius 2.2),7,0.0,0.8181818181818182,0.9393939393939394,False,0.0
sparse (radius 2.2),7,0.5,1.0,1.0,True,0.0
sparse (radius 2.2),7,0.75,1.0,1.0,True,0.0
sparse (radius 2.2),7,1.0,1.0,1.0,True,0.0
sparse (radius 2.2),7,1.25,1.0,1.0,True,0.0
sparse (radius 2.2),7,1.5,1.0,1.0,True,0.0
sparse (radius 2.2),7,2.0,1.0,1.0,True,0.0
sparse (radius 2.2),8,0.0,0.4666666666666667,0.4666666666666667,False,0.0
sparse (radius 2.2),8,0.5,0.8666666666666667,0.8666666666666667,False,0.0
sparse (radius 2.2),8,0.75,1.0,1.0,True,0.0
sparse (radius 2.2),8,1.0,1.0,1.0,True,0.0
sparse (radius 2.2),8,1.25,1.0,1.0,True,0.0
sparse (radius 2.2),8,1.5,1.0,1.0,True,0.0
sparse (radius 2.2),8,2.0,1.0,1.0,True,0.0
sparse (radius 2.2),9,0.0,0.7647058823529411,0.8970588235294118,False,0.0
sparse (radius 2.2),9,0.5,0.9411764705882353,0.9558823529411765,False,0.0
sparse (radius 2.2),9,0.75,1.0,1.0,True,0.0
sparse (radius 2.2),9,1.0,1.0,1.0,True,0.0
sparse (radius 2.2),9,1.25,1.0,1.0,True,0.0
sparse (radius 2.2),9,1.5,1.0,1.0,True,0.0
sparse (radius 2.2),9,2.0,1.0,1.0,True,0.0
sparse (radius 2.2),10,0.0,0.8823529411764706,0.9663865546218486,False,0.0
sparse (radius 2.2),10,0.5,1.0,1.0,True,0.0
sparse (radius 2.2),10,0.75,1.0,1.0,True,0.0
sparse (radius 2.2),10,1.0,1.0,1.0,True,0.0
sparse (radius 2.2),10,1.25,1.0,1.0,True,0.0
sparse (radius 2.2),10,1.5,1.0,1.0,True,0.0
sparse (radius 2.2),10,2.0,1.0,1.0,True,0.0
sparse (radius 2.2),11,0.0,1.0,1.0,True,0.0
sparse (radius 2.2),11,0.5,1.0,1.0,True,0.0
sparse (radius 2.2),11,0.75,1.0,1.0,True,0.0
sparse (radius 2.2),11,1.0,1.0,1.0,True,0.0
sparse (radius 2.2),11,1.25,1.0,1.0,True,0.0
sparse (radius 2.2),11,1.5,0.8947368421052632,0.9210526315789473,False,0.0
sparse (radius 2.2),11,2.0,0.8947368421052632,0.8947368421052632,False,0.0
sparse (radius 2.2),12,0.0,0.6470588235294118,0.788235294117647,False,0.0
sparse (radius 2.2),12,0.5,0.9411764705882353,0.9411764705882353,False,0.0
sparse (radius 2.2),12,0.75,1.0,1.0,True,0.0
sparse (radius 2.2),12,1.0,1.0,1.0,True,0.0
sparse (radius 2.2),12,1.25,1.0,1.0,True,0.0
sparse (radius 2.2),12,1.5,1.0,1.0,True,0.0
sparse (radius 2.2),12,2.0,1.0,1.0,True,0.0
sparse (radius 2.2),13,0.0,0.75,0.9,False,0.0
sparse (radius 2.2),13,0.5,1.0,1.0,True,0.0
sparse (radius 2.2),13,0.75,1.0,1.0,True,0.0
sparse (radius 2.2),13,1.0,1.0,1.0,True,0.0
sparse (radius 2.2),13,1.25,1.0,1.0,True,0.0
sparse (radius 2.2),13,1.5,1.0,1.0,True,0.0
sparse (radius 2.2),13,2.0,0.9375,0.953125,False,0.0
sparse (radius 2.2),14,0.0,1.0,1.0,True,0.0
sparse (radius 2.2),14,0.5,1.0,1.0,True,0.0
sparse (radius 2.2),14,0.75,1.0,1.0,True,0.0
sparse (radius 2.2),14,1.0,1.0,1.0,True,0.0
sparse (radius 2.2),14,1.25,1.0,1.0,True,0.0
sparse (radius 2.2),14,1.5,1.0,1.0,True,0.0
sparse (radius 2.2),14,2.0,1.0,1.0,True,0.0
sparse (radius 2.2),15,0.0,0.75,0.75,False,0.0
sparse (radius 2.2),15,0.5,0.9375,0.9791666666666666,False,0.0
sparse (radius 2.2),15,0.75,1.0,1.0,True,0.0
sparse (radius 2.2),15,1.0,1.0,1.0,True,0.0
sparse (radius 2.2),15,1.25,1.0,1.0,True,0.0
sparse (radius 2.2),15,1.5,1.0,1.0,True,0.0
sparse (radius 2.2),15,2.0,1.0,1.0,True,0.0
sparse (radius 2.2),16,0.0,0.8823529411764706,0.9509803921568628,False,0.0
sparse (radius 2.2),16,0.5,1.0,1.0,True,0.0
sparse (radius 2.2),16,0.75,1.0,1.0,True,0.0
sparse (radius 2.2),16,1.0,1.0,1.0,True,0.0
sparse (radius 2.2),16,1.25,1.0,1.0,True,0.0
sparse (radius 2.2),16,1.5,1.0,1.0,True,0.0
sparse (radius 2.2),16,2.0,1.0,1.0,True,0.0
sparse (radius 2.2),17,0.0,0.8333333333333334,0.8888888888888888,False,0.0
sparse (radius 2.2),17,0.5,1.0,1.0,True,0.0
sparse (radius 2.2),17,0.75,1.0,1.0,True,0.0
sparse (radius 2.2),17,1.0,1.0,1.0,True,0.0
sparse (radius 2.2),17,1.25,1.0,1.0,True,0.0
sparse (radius 2.2),17,1.5,1.0,1.0,True,0.0
sparse (radius 2.2),17,2.0,0.8888888888888888,0.9351851851851851,False,0.0
sparse (radius 2.2),18,0.0,0.4375,0.5208333333333334,False,0.0
sparse (radius 2.2),18,0.5,0.875,0.9166666666666666,False,0.0
sparse (radius 2.2),18,0.75,1.0,1.0,True,0.0
sparse (radius 2.2),18,1.0,1.0,1.0,True,0.0
sparse (radius 2.2),18,1.25,1.0,1.0,True,0.0
sparse (radius 2.2),18,1.5,1.0,1.0,True,0.0
sparse (radius 2.2),18,2.0,1.0,1.0,True,0.0
sparse (radius 2.2),19,0.0,0.8333333333333334,0.8888888888888888,False,0.0
sparse (radius 2.2),19,0.5,0.9444444444444444,0.9444444444444444,False,0.0
sparse (radius 2.2),19,0.75,0.9444444444444444,0.9444444444444444,False,0.0
sparse (radius 2.2),19,1.0,1.0,1.0,True,0.0
sparse (radius 2.2),19,1.25,1.0,1.0,True,0.0
sparse (radius 2.2),19,1.5,1.0,1.0,True,0.0
sparse (radius 2.2),19,2.0,0.8888888888888888,0.9382716049382717,False,0.0
sparse (radius 2.2),20,0.0,0.7058823529411765,0.7058823529411765,False,0.0
sparse (radius 2.2),20,0.5,0.9411764705882353,0.9411764705882353,False,0.0
sparse (radius 2.2),20,0.75,1.0,1.0,True,0.0
sparse (radius 2.2),20,1.0,1.0,1.0,True,0.0
sparse (radius 2.2),20,1.25,1.0,1.0,True,0.0
sparse (radius 2.2),20,1.5,1.0,1.0,True,0.0
sparse (radius 2.2),20,2.0,1.0,1.0,True,0.0
sparse (radius 2.2),21,0.0,0.6666666666666666,0.7777777777777778,False,0.0
sparse (radius 2.2),21,0.5,0.8666666666666667,0.9,False,0.0
sparse (radius 2.2),21,0.75,0.9333333333333333,0.9777777777777777,False,0.0
sparse (radius 2.2),21,1.0,1.0,1.0,True,0.0
sparse (radius 2.2),21,1.25,1.0,1.0,True,0.0
sparse (radius 2.2),21,1.5,1.0,1.0,True,0.0
sparse (radius 2.2),21,2.0,1.0,1.0,True,0.0
sparse (radius 2.2),22,0.0,0.6153846153846154,0.7435897435897435,False,0.0
sparse (radius 2.2),22,0.5,1.0,1.0,True,0.0
sparse (radius 2.2),22,0.75,1.0,1.0,True,0.0
sparse (radius 2.2),22,1.0,1.0,1.0,True,0.0
sparse (radius 2.2),22,1.25,1.0,1.0,True,0.0
sparse (radius 2.2),22,1.5,1.0,1.0,True,0.0
sparse (radius 2.2),22,2.0,1.0,1.0,True,0.0
sparse (radius 2.2),23,0.0,0.5,0.5,False,0.0
sparse (radius 2.2),23,0.5,0.9375,0.9375,False,0.0
sparse (radius 2.2),23,0.75,1.0,1.0,True,0.0
sparse (radius 2.2),23,1.0,1.0,1.0,True,0.0
sparse (radius 2.2),23,1.25,1.0,1.0,True,0.0
sparse (radius 2.2),23,1.5,1.0,1.0,True,0.0
sparse (radius 2.2),23,2.0,1.0,1.0,True,0.0
sparse (radius 2.2),24,0.0,0.6923076923076923,0.7435897435897435,False,0.0
sparse (radius 2.2),24,0.5,0.8461538461538461,0.9538461538461539,False,0.0
sparse (radius 2.2),24,0.75,1.0,1.0,True,0.0
sparse (radius 2.2),24,1.0,1.0,1.0,True,0.0
sparse (radius 2.2),24,1.25,1.0,1.0,True,0.0
sparse (radius 2.2),24,1.5,1.0,1.0,True,0.0
sparse (radius 2.2),24,2.0,1.0,1.0,True,0.0
sparse (radius 2.2),25,0.0,0.7857142857142857,0.8571428571428571,False,0.0
sparse (radius 2.2),25,0.5,1.0,1.0,True,0.0
sparse (radius 2.2),25,0.75,1.0,1.0,True,0.0
sparse (radius 2.2),25,1.0,1.0,1.0,True,0.0
sparse (radius 2.2),25,1.25,1.0,1.0,True,0.0
sparse (radius 2.2),25,1.5,1.0,1.0,True,0.0
sparse (radius 2.2),25,2.0,0.9285714285714286,0.9523809523809524,False,0.0
sparse (radius 2.2),26,0.0,0.7692307692307693,0.8461538461538461,False,0.0
sparse (radius 2.2),26,0.5,0.9230769230769231,0.9807692307692307,False,0.0
sparse (radius 2.2),26,0.75,1.0,1.0,True,0.0
sparse (radius 2.2),26,1.0,1.0,1.0,True,0.0
sparse (radius 2.2),26,1.25,1.0,1.0,True,0.0
sparse (radius 2.2),26,1.5,1.0,1.0,True,0.0
sparse (radius 2.2),26,2.0,1.0,1.0,True,0.0
sparse (radius 2.2),27,0.0,0.8,0.9288888888888889,False,0.0
sparse (radius 2.2),27,0.5,1.0,1.0,True,0.0
sparse (radius 2.2),27,0.75,1.0,1.0,True,0.0
sparse (radius 2.2),27,1.0,1.0,1.0,True,0.0
sparse (radius 2.2),27,1.25,1.0,1.0,True,0.0
sparse (radius 2.2),27,1.5,1.0,1.0,True,0.0
sparse (radius 2.2),27,2.0,1.0,1.0,True,0.0
sparse (radius 2.2),28,0.0,0.8421052631578947,0.8771929824561404,False,0.0
sparse (radius 2.2),28,0.5,0.9473684210526315,0.9736842105263158,False,0.0
sparse (radius 2.2),28,0.75,1.0,1.0,True,0.0
sparse (radius 2.2),28,1.0,1.0,1.0,True,0.0
sparse (radius 2.2),28,1.25,1.0,1.0,True,0.0
sparse (radius 2.2),28,1.5,1.0,1.0,True,0.0
sparse (radius 2.2),28,2.0,0.9473684210526315,0.9649122807017543,False,0.0
sparse (radius 2.2),29,0.0,1.0,1.0,True,0.0
sparse (radius 2.2),29,0.5,1.0,1.0,True,0.0
sparse (radius 2.2),29,0.75,1.0,1.0,True,0.0
sparse (radius 2.2),29,1.0,1.0,1.0,True,0.0
sparse (radius 2.2),29,1.25,1.0,1.0,True,0.0
sparse (radius 2.2),29,1.5,1.0,1.0,True,0.0
sparse (radius 2.2),29,2.0,1.0,1.0,True,0.0
sparse (radius 2.2),30,0.0,0.9444444444444444,0.9444444444444444,False,0.0
sparse (radius 2.2),30,0.5,0.9444444444444444,0.9722222222222222,False,0.0
sparse (radius 2.2),30,0.75,1.0,1.0,True,0.0
sparse (radius 2.2),30,1.0,1.0,1.0,True,0.0
sparse (radius 2.2),30,1.25,1.0,1.0,True,0.0
sparse (radius 2.2),30,1.5,1.0,1.0,True,0.0
sparse (radius 2.2),30,2.0,1.0,1.0,True,0.0
sparse (radius 2.2),31,0.0,0.8571428571428571,0.8928571428571429,False,0.0
sparse (radius 2.2),31,0.5,0.9285714285714286,0.9642857142857143,False,0.0
sparse (radius 2.2),31,0.75,1.0,1.0,True,0.0
sparse (radius 2.2),31,1.0,1.0,1.0,True,0.0
sparse (radius 2.2),31,1.25,1.0,1.0,True,0.0
sparse (radius 2.2),31,1.5,1.0,1.0,True,0.0
sparse (radius 2.2),31,2.0,1.0,1.0,True,0.0
sparse (radius 2.2),32,0.0,0.625,0.8416666666666667,False,0.0
sparse (radius 2.2),32,0.5,1.0,1.0,True,0.0
sparse (radius 2.2),32,0.75,1.0,1.0,True,0.0
sparse (radius 2.2),32,1.0,1.0,1.0,True,0.0
sparse (radius 2.2),32,1.25,1.0,1.0,True,0.0
sparse (radius 2.2),32,1.5,1.0,1.0,True,0.0
sparse (radius 2.2),32,2.0,1.0,1.0,True,0.0
sparse (radius 2.2),33,0.0,0.5714285714285714,0.625,False,0.0
sparse (radius 2.2),33,0.5,1.0,1.0,True,0.0
sparse (radius 2.2),33,0.75,1.0,1.0,True,0.0
sparse (radius 2.2),33,1.0,1.0,1.0,True,0.0
sparse (radius 2.2),33,1.25,1.0,1.0,True,0.0
sparse (radius 2.2),33,1.5,1.0,1.0,True,0.0
sparse (radius 2.2),33,2.0,1.0,1.0,True,0.0
sparse (radius 2.2),34,0.0,0.8,0.8625,False,0.0
sparse (radius 2.2),34,0.5,0.95,0.95,False,0.0
sparse (radius 2.2),34,0.75,1.0,1.0,True,0.0
sparse (radius 2.2),34,1.0,1.0,1.0,True,0.0
sparse (radius 2.2),34,1.25,1.0,1.0,True,0.0
sparse (radius 2.2),34,1.5,1.0,1.0,True,0.0
sparse (radius 2.2),34,2.0,1.0,1.0,True,0.0
sparse (radius 2.2),35,0.0,0.7222222222222222,0.7222222222222222,False,0.0
sparse (radius 2.2),35,0.5,0.9444444444444444,0.9444444444444444,False,0.0
sparse (radius 2.2),35,0.75,0.9444444444444444,0.9722222222222222,False,0.0
sparse (radius 2.2),35,1.0,1.0,1.0,True,0.0
sparse (radius 2.2),35,1.25,1.0,1.0,True,0.0
sparse (radius 2.2),35,1.5,0.9444444444444444,0.9444444444444444,False,0.0
sparse (radius 2.2),35,2.0,0.9444444444444444,0.9444444444444444,False,0.0
sparse (radius 2.2),36,0.0,0.85,0.85,False,0.0
sparse (radius 2.2),36,0.5,1.0,1.0,True,0.0
sparse (radius 2.2),36,0.75,1.0,1.0,True,0.0
sparse (radius 2.2),36,1.0,1.0,1.0,True,0.0
sparse (radius 2.2),36,1.25,1.0,1.0,True,0.0
sparse (radius 2.2),36,1.5,0.95,0.95,False,0.0
sparse (radius 2.2),36,2.0,0.95,0.95,False,0.0
sparse (radius 2.2),37,0.0,0.6666666666666666,0.7428571428571429,False,0.0
sparse (radius 2.2),37,0.5,0.9047619047619048,0.9047619047619048,False,0.0
sparse (radius 2.2),37,0.75,1.0,1.0,True,0.0
sparse (radius 2.2),37,1.0,1.0,1.0,True,0.0
sparse (radius 2.2),37,1.25,1.0,1.0,True,0.0
sparse (radius 2.2),37,1.5,1.0,1.0,True,0.0
sparse (radius 2.2),37,2.0,1.0,1.0,True,0.0
sparse (radius 2.2),38,0.0,0.8125,0.84375,False,0.0
sparse (radius 2.2),38,0.5,1.0,1.0,True,0.0
sparse (radius 2.2),38,0.75,1.0,1.0,True,0.0
sparse (radius 2.2),38,1.0,1.0,1.0,True,0.0
sparse (radius 2.2),38,1.25,1.0,1.0,True,0.0
sparse (radius 2.2),38,1.5,1.0,1.0,True,0.0
sparse (radius 2.2),38,2.0,0.9375,0.953125,False,0.0
sparse (radius 2.2),39,0.0,0.8666666666666667,0.8666666666666667,False,0.0
sparse (radius 2.2),39,0.5,0.8666666666666667,0.9111111111111111,False,0.0
sparse (radius 2.2),39,0.75,1.0,1.0,True,0.0
sparse (radius 2.2),39,1.0,1.0,1.0,True,0.0
sparse (radius 2.2),39,1.25,1.0,1.0,True,0.0
sparse (radius 2.2),39,1.5,1.0,1.0,True,0.0
sparse (radius 2.2),39,2.0,1.0,1.0,True,0.0
sparse (radius 2.2),40,0.0,0.6,0.7555555555555556,False,0.0
sparse (radius 2.2),40,0.5,1.0,1.0,True,0.0
sparse (radius 2.2),40,0.75,1.0,1.0,True,0.0
sparse (radius 2.2),40,1.0,1.0,1.0,True,0.0
sparse (radius 2.2),40,1.25,1.0,1.0,True,0.0
sparse (radius 2.2),40,1.5,1.0,1.0,True,0.0
sparse (radius 2.2),40,2.0,1.0,1.0,True,0.0
sparse (radius 2.2),41,0.0,0.7142857142857143,0.8605442176870748,False,0.0
sparse (radius 2.2),41,0.5,0.9285714285714286,0.9285714285714286,False,0.0
sparse (radius 2.2),41,0.75,1.0,1.0,True,0.0
sparse (radius 2.2),41,1.0,1.0,1.0,True,0.0
sparse (radius 2.2),41,1.25,1.0,1.0,True,0.0
sparse (radius 2.2),41,1.5,1.0,1.0,True,0.0
sparse (radius 2.2),41,2.0,1.0,1.0,True,0.0
sparse (radius 2.2),42,0.0,0.7333333333333333,0.7777777777777778,False,0.0
sparse (radius 2.2),42,0.5,0.8666666666666667,0.8666666666666667,False,0.0
sparse (radius 2.2),42,0.75,1.0,1.0,True,0.0
sparse (radius 2.2),42,1.0,1.0,1.0,True,0.0
sparse (radius 2.2),42,1.25,1.0,1.0,True,0.0
sparse (radius 2.2),42,1.5,1.0,1.0,True,0.0
sparse (radius 2.2),42,2.0,1.0,1.0,True,0.0
sparse (radius 2.2),43,0.0,0.6,0.75,False,0.0
sparse (radius 2.2),43,0.5,1.0,1.0,True,0.0
sparse (radius 2.2),43,0.75,1.0,1.0,True,0.0
sparse (radius 2.2),43,1.0,1.0,1.0,True,0.0
sparse (radius 2.2),43,1.25,1.0,1.0,True,0.0
sparse (radius 2.2),43,1.5,1.0,1.0,True,0.0
sparse (radius 2.2),43,2.0,1.0,1.0,True,0.0
sparse (radius 2.2),44,0.0,1.0,1.0,True,0.0
sparse (radius 2.2),44,0.5,1.0,1.0,True,0.0
sparse (radius 2.2),44,0.75,1.0,1.0,True,0.0
sparse (radius 2.2),44,1.0,1.0,1.0,True,0.0
sparse (radius 2.2),44,1.25,1.0,1.0,True,0.0
sparse (radius 2.2),44,1.5,1.0,1.0,True,0.0
sparse (radius 2.2),44,2.0,1.0,1.0,True,0.0
sparse (radius 2.2),45,0.0,0.7333333333333333,0.8,False,0.0
sparse (radius 2.2),45,0.5,1.0,1.0,True,0.0
sparse (radius 2.2),45,0.75,1.0,1.0,True,0.0
sparse (radius 2.2),45,1.0,1.0,1.0,True,0.0
sparse (radius 2.2),45,1.25,1.0,1.0,True,0.0
sparse (radius 2.2),45,1.5,1.0,1.0,True,0.0
sparse (radius 2.2),45,2.0,1.0,1.0,True,0.0
sparse (radius 2.2),46,0.0,0.8888888888888888,0.8888888888888888,False,0.0
sparse (radius 2.2),46,0.5,0.9444444444444444,0.9444444444444444,False,0.0
sparse (radius 2.2),46,0.75,0.9444444444444444,0.9444444444444444,False,0.0
sparse (radius 2.2),46,1.0,1.0,1.0,True,0.0
sparse (radius 2.2),46,1.25,1.0,1.0,True,0.0
sparse (radius 2.2),46,1.5,1.0,1.0,True,0.0
sparse (radius 2.2),46,2.0,0.9444444444444444,0.9814814814814815,False,0.0
sparse (radius 2.2),47,0.0,0.75,0.75,False,0.0
sparse (radius 2.2),47,0.5,0.75,0.825,False,0.0
sparse (radius 2.2),47,0.75,1.0,1.0,True,0.0
sparse (radius 2.2),47,1.0,1.0,1.0,True,0.0
sparse (radius 2.2),47,1.25,1.0,1.0,True,0.0
sparse (radius 2.2),47,1.5,1.0,1.0,True,0.0
sparse (radius 2.2),47,2.0,1.0,1.0,True,0.0
sparse (radius 2.2),48,0.0,0.8333333333333334,0.8333333333333334,False,0.0
sparse (radius 2.2),48,0.5,0.8888888888888888,0.9666666666666666,False,0.0
sparse (radius 2.2),48,0.75,1.0,1.0,True,0.0
sparse (radius 2.2),48,1.0,1.0,1.0,True,0.0
sparse (radius 2.2),48,1.25,1.0,1.0,True,0.0
sparse (radius 2.2),48,1.5,1.0,1.0,True,0.0
sparse (radius 2.2),48,2.0,1.0,1.0,True,0.0
sparse (radius 2.2),49,0.0,0.7222222222222222,0.8055555555555556,False,0.0
sparse (radius 2.2),49,0.5,0.8888888888888888,0.8888888888888888,False,0.0
sparse (radius 2.2),49,0.75,1.0,1.0,True,0.0
sparse (radius 2.2),49,1.0,1.0,1.0,True,0.0
sparse (radius 2.2),49,1.25,1.0,1.0,True,0.0
sparse (radius 2.2),49,1.5,1.0,1.0,True,0.0
sparse (radius 2.2),49,2.0,0.9444444444444444,0.9814814814814815,False,0.0
sparse (radius 2.2),50,0.0,0.6875,0.6875,False,0.0
sparse (radius 2.2),50,0.5,0.875,0.9375,False,0.0
sparse (radius 2.2),50,0.75,1.0,1.0,True,0.0
sparse (radius 2.2),50,1.0,1.0,1.0,True,0.0
sparse (radius 2.2),50,1.25,1.0,1.0,True,0.0
sparse (radius 2.2),50,1.5,1.0,1.0,True,0.0
sparse (radius 2.2),50,2.0,0.9375,0.953125,False,0.0
sparse (radius 2.2),51,0.0,0.8235294117647058,0.8235294117647058,False,0.0
sparse (radius 2.2),51,0.5,1.0,1.0,True,0.0
sparse (radius 2.2),51,0.75,1.0,1.0,True,0.0
sparse (radius 2.2),51,1.0,1.0,1.0,True,0.0
sparse (radius 2.2),51,1.25,1.0,1.0,True,0.0
sparse (radius 2.2),51,1.5,1.0,1.0,True,0.0
sparse (radius 2.2),51,2.0,1.0,1.0,True,0.0
sparse (radius 2.2),52,0.0,0.9090909090909091,0.9393939393939394,False,0.0
sparse (radius 2.2),52,0.5,1.0,1.0,True,0.0
sparse (radius 2.2),52,0.75,1.0,1.0,True,0.0
sparse (radius 2.2),52,1.0,1.0,1.0,True,0.0
sparse (radius 2.2),52,1.25,1.0,1.0,True,0.0
sparse (radius 2.2),52,1.5,1.0,1.0,True,0.0
sparse (radius 2.2),52,2.0,0.9545454545454546,0.9696969696969696,False,0.0
sparse (radius 2.2),53,0.0,0.6666666666666666,0.7166666666666667,False,0.0
sparse (radius 2.2),53,0.5,0.9333333333333333,0.9714285714285714,False,0.0
sparse (radius 2.2),53,0.75,1.0,1.0,True,0.0
sparse (radius 2.2),53,1.0,1.0,1.0,True,0.0
sparse (radius 2.2),53,1.25,1.0,1.0,True,0.0
sparse (radius 2.2),53,1.5,1.0,1.0,True,0.0
sparse (radius 2.2),53,2.0,1.0,1.0,True,0.0
sparse (radius 2.2),54,0.0,0.8823529411764706,0.9215686274509803,False,0.0
sparse (radius 2.2),54,0.5,1.0,1.0,True,0.0
sparse (radius 2.2),54,0.75,1.0,1.0,True,0.0
sparse (radius 2.2),54,1.0,1.0,1.0,True,0.0
sparse (radius 2.2),54,1.25,1.0,1.0,True,0.0
sparse (radius 2.2),54,1.5,1.0,1.0,True,0.0
sparse (radius 2.2),54,2.0,1.0,1.0,True,0.0
sparse (radius 2.2),55,0.0,0.6875,0.75625,False,0.0
sparse (radius 2.2),55,0.5,1.0,1.0,True,0.0
sparse (radius 2.2),55,0.75,1.0,1.0,True,0.0
sparse (radius 2.2),55,1.0,1.0,1.0,True,0.0
sparse (radius 2.2),55,1.25,1.0,1.0,True,0.0
sparse (radius 2.2),55,1.5,1.0,1.0,True,0.0
sparse (radius 2.2),55,2.0,1.0,1.0,True,0.0
sparse (radius 2.2),56,0.0,0.8,0.8,False,0.0
sparse (radius 2.2),56,0.5,1.0,1.0,True,0.0
sparse (radius 2.2),56,0.75,1.0,1.0,True,0.0
sparse (radius 2.2),56,1.0,1.0,1.0,True,0.0
sparse (radius 2.2),56,1.25,1.0,1.0,True,0.0
sparse (radius 2.2),56,1.5,1.0,1.0,True,0.0
sparse (radius 2.2),56,2.0,1.0,1.0,True,0.0
sparse (radius 2.2),57,0.0,0.8947368421052632,0.9298245614035089,False,0.0
sparse (radius 2.2),57,0.5,0.9473684210526315,0.9736842105263158,False,0.0
sparse (radius 2.2),57,0.75,1.0,1.0,True,0.0
sparse (radius 2.2),57,1.0,1.0,1.0,True,0.0
sparse (radius 2.2),57,1.25,1.0,1.0,True,0.0
sparse (radius 2.2),57,1.5,0.9473684210526315,0.9473684210526315,False,0.0
sparse (radius 2.2),57,2.0,0.9473684210526315,0.9473684210526315,False,0.0
sparse (radius 2.2),58,0.0,0.7058823529411765,0.8627450980392156,False,0.0
sparse (radius 2.2),58,0.5,1.0,1.0,True,0.0
sparse (radius 2.2),58,0.75,1.0,1.0,True,0.0
sparse (radius 2.2),58,1.0,1.0,1.0,True,0.0
sparse (radius 2.2),58,1.25,1.0,1.0,True,0.0
sparse (radius 2.2),58,1.5,1.0,1.0,True,0.0
sparse (radius 2.2),58,2.0,0.9411764705882353,0.9607843137254901,False,0.0
sparse (radius 2.2),59,0.0,0.8,0.8,False,0.0
sparse (radius 2.2),59,0.5,1.0,1.0,True,0.0
sparse (radius 2.2),59,0.75,1.0,1.0,True,0.0
sparse (radius 2.2),59,1.0,1.0,1.0,True,0.0
sparse (radius 2.2),59,1.25,1.0,1.0,True,0.0
sparse (radius 2.2),59,1.5,1.0,1.0,True,0.0
sparse (radius 2.2),59,2.0,1.0,1.0,True,0.0
sparse (radius 2.2),60,0.0,0.5625,0.7395833333333334,False,0.0
sparse (radius 2.2),60,0.5,0.875,0.9375,False,0.0
sparse (radius 2.2),60,0.75,1.0,1.0,True,0.0
sparse (radius 2.2),60,1.0,1.0,1.0,True,0.0
sparse (radius 2.2),60,1.25,1.0,1.0,True,0.0
sparse (radius 2.2),60,1.5,1.0,1.0,True,0.0
sparse (radius 2.2),60,2.0,0.9375,0.96875,False,0.0
sparse (radius 2.2),61,0.0,0.8,0.8,False,0.0
sparse (radius 2.2),61,0.5,1.0,1.0,True,0.0
sparse (radius 2.2),61,0.75,1.0,1.0,True,0.0
sparse (radius 2.2),61,1.0,1.0,1.0,True,0.0
sparse (radius 2.2),61,1.25,1.0,1.0,True,0.0
sparse (radius 2.2),61,1.5,1.0,1.0,True,0.0
sparse (radius 2.2),61,2.0,1.0,1.0,True,0.0
sparse (radius 2.2),62,0.0,0.75,0.84375,False,0.0
sparse (radius 2.2),62,0.5,0.9375,0.9375,False,0.0
sparse (radius 2.2),62,0.75,1.0,1.0,True,0.0
sparse (radius 2.2),62,1.0,1.0,1.0,True,0.0
sparse (radius 2.2),62,1.25,1.0,1.0,True,0.0
sparse (radius 2.2),62,1.5,1.0,1.0,True,0.0
sparse (radius 2.2),62,2.0,0.9375,0.9464285714285714,False,0.0
sparse (radius 2.2),63,0.0,0.4444444444444444,0.5185185185185186,False,0.0
sparse (radius 2.2),63,0.5,0.8888888888888888,0.9444444444444444,False,0.0
sparse (radius 2.2),63,0.75,1.0,1.0,True,0.0
sparse (radius 2.2),63,1.0,1.0,1.0,True,0.0
sparse (radius 2.2),63,1.25,1.0,1.0,True,0.0
sparse (radius 2.2),63,1.5,1.0,1.0,True,0.0
sparse (radius 2.2),63,2.0,1.0,1.0,True,0.0
sparse (radius 2.2),64,0.0,0.5625,0.6875,False,0.0
sparse (radius 2.2),64,0.5,1.0,1.0,True,0.0
sparse (radius 2.2),64,0.75,1.0,1.0,True,0.0
sparse (radius 2.2),64,1.0,1.0,1.0,True,0.0
sparse (radius 2.2),64,1.25,1.0,1.0,True,0.0
sparse (radius 2.2),64,1.5,1.0,1.0,True,0.0
sparse (radius 2.2),64,2.0,1.0,1.0,True,0.0
sparse (radius 2.2),65,0.0,0.6666666666666666,0.7555555555555556,False,0.0
sparse (radius 2.2),65,0.5,0.8666666666666667,0.9111111111111111,False,0.0
sparse (radius 2.2),65,0.75,1.0,1.0,True,0.0
sparse (radius 2.2),65,1.0,1.0,1.0,True,0.0
sparse (radius 2.2),65,1.25,1.0,1.0,True,0.0
sparse (radius 2.2),65,1.5,1.0,1.0,True,0.0
sparse (radius 2.2),65,2.0,0.9333333333333333,0.95,False,0.0
sparse (radius 2.2),66,0.0,0.6428571428571429,0.6428571428571429,False,0.0
sparse (radius 2.2),66,0.5,1.0,1.0,True,0.0
sparse (radius 2.2),66,0.75,1.0,1.0,True,0.0
sparse (radius 2.2),66,1.0,1.0,1.0,True,0.0
sparse (radius 2.2),66,1.25,1.0,1.0,True,0.0
sparse (radius 2.2),66,1.5,1.0,1.0,True,0.0
sparse (radius 2.2),66,2.0,1.0,1.0,True,0.0
sparse (radius 2.2),67,0.0,0.7333333333333333,0.7333333333333333,False,0.0
sparse (radius 2.2),67,0.5,0.9333333333333333,0.9333333333333333,False,0.0
sparse (radius 2.2),67,0.75,1.0,1.0,True,0.0
sparse (radius 2.2),67,1.0,1.0,1.0,True,0.0
sparse (radius 2.2),67,1.25,1.0,1.0,True,0.0
sparse (radius 2.2),67,1.5,1.0,1.0,True,0.0
sparse (radius 2.2),67,2.0,1.0,1.0,True,0.0
sparse (radius 2.2),68,0.0,0.75,0.7916666666666666,False,0.0
sparse (radius 2.2),68,0.5,1.0,1.0,True,0.0
sparse (radius 2.2),68,0.75,1.0,1.0,True,0.0
sparse (radius 2.2),68,1.0,1.0,1.0,True,0.0
sparse (radius 2.2),68,1.25,1.0,1.0,True,0.0
sparse (radius 2.2),68,1.5,1.0,1.0,True,0.0
sparse (radius 2.2),68,2.0,0.9375,0.9583333333333334,False,0.0
sparse (radius 2.2),69,0.0,0.6428571428571429,0.75,False,0.0
sparse (radius 2.2),69,0.5,1.0,1.0,True,0.0
sparse (radius 2.2),69,0.75,1.0,1.0,True,0.0
sparse (radius 2.2),69,1.0,1.0,1.0,True,0.0
sparse (radius 2.2),69,1.25,1.0,1.0,True,0.0
sparse (radius 2.2),69,1.5,1.0,1.0,True,0.0
sparse (radius 2.2),69,2.0,0.9285714285714286,0.9642857142857143,False,0.0
sparse (radius 2.2),70,0.0,0.9333333333333333,0.9333333333333333,False,0.0
sparse (radius 2.2),70,0.5,0.9333333333333333,0.9333333333333333,False,0.0
sparse (radius 2.2),70,0.75,1.0,1.0,True,0.0
sparse (radius 2.2),70,1.0,1.0,1.0,True,0.0
sparse (radius 2.2),70,1.25,1.0,1.0,True,0.0
sparse (radius 2.2),70,1.5,1.0,1.0,True,0.0
sparse (radius 2.2),70,2.0,1.0,1.0,True,0.0
sparse (radius 2.2),71,0.0,0.5263157894736842,0.5263157894736842,False,0.0
sparse (radius 2.2),71,0.5,0.8947368421052632,0.8947368421052632,False,0.0
sparse (radius 2.2),71,0.75,1.0,1.0,True,0.0
sparse (radius 2.2),71,1.0,1.0,1.0,True,0.0
sparse (radius 2.2),71,1.25,1.0,1.0,True,0.0
sparse (radius 2.2),71,1.5,1.0,1.0,True,0.0
sparse (radius 2.2),71,2.0,1.0,1.0,True,0.0
sparse (radius 2.2),72,0.0,0.7857142857142857,0.8095238095238095,False,0.0
sparse (radius 2.2),72,0.5,0.9285714285714286,0.9642857142857143,False,0.0
sparse (radius 2.2),72,0.75,1.0,1.0,True,0.0
sparse (radius 2.2),72,1.0,1.0,1.0,True,0.0
sparse (radius 2.2),72,1.25,1.0,1.0,True,0.0
sparse (radius 2.2),72,1.5,1.0,1.0,True,0.0
sparse (radius 2.2),72,2.0,1.0,1.0,True,0.0
sparse (radius 2.2),73,0.0,0.8333333333333334,0.9375,False,0.0
sparse (radius 2.2),73,0.5,1.0,1.0,True,0.0
sparse (radius 2.2),73,0.75,1.0,1.0,True,0.0
sparse (radius 2.2),73,1.0,1.0,1.0,True,0.0
sparse (radius 2.2),73,1.25,1.0,1.0,True,0.0
sparse (radius 2.2),73,1.5,1.0,1.0,True,0.0
sparse (radius 2.2),73,2.0,1.0,1.0,True,0.0
sparse (radius 2.2),74,0.0,0.6428571428571429,0.8095238095238095,False,0.0
sparse (radius 2.2),74,0.5,1.0,1.0,True,0.0
sparse (radius 2.2),74,0.75,1.0,1.0,True,0.0
sparse (radius 2.2),74,1.0,1.0,1.0,True,0.0
sparse (radius 2.2),74,1.25,1.0,1.0,True,0.0
sparse (radius 2.2),74,1.5,1.0,1.0,True,0.0
sparse (radius 2.2),74,2.0,1.0,1.0,True,0.0
sparse (radius 2.2),75,0.0,0.8333333333333334,0.8611111111111112,False,0.0
sparse (radius 2.2),75,0.5,0.9166666666666666,0.9583333333333334,False,0.0
sparse (radius 2.2),75,0.75,1.0,1.0,True,0.0
sparse (radius 2.2),75,1.0,1.0,1.0,True,0.0
sparse (radius 2.2),75,1.25,1.0,1.0,True,0.0
sparse (radius 2.2),75,1.5,1.0,1.0,True,0.0
sparse (radius 2.2),75,2.0,1.0,1.0,True,0.0
sparse (radius 2.2),76,0.0,0.6111111111111112,0.7222222222222222,False,0.0
sparse (radius 2.2),76,0.5,1.0,1.0,True,0.0
sparse (radius 2.2),76,0.75,1.0,1.0,True,0.0
sparse (radius 2.2),76,1.0,1.0,1.0,True,0.0
sparse (radius 2.2),76,1.25,1.0,1.0,True,0.0
sparse (radius 2.2),76,1.5,1.0,1.0,True,0.0
sparse (radius 2.2),76,2.0,1.0,1.0,True,0.0
sparse (radius 2.2),77,0.0,0.8235294117647058,0.8235294117647058,False,0.0
sparse (radius 2.2),77,0.5,1.0,1.0,True,0.0
sparse (radius 2.2),77,0.75,1.0,1.0,True,0.0
sparse (radius 2.2),77,1.0,1.0,1.0,True,0.0
sparse (radius 2.2),77,1.25,1.0,1.0,True,0.0
sparse (radius 2.2),77,1.5,1.0,1.0,True,0.0
sparse (radius 2.2),77,2.0,1.0,1.0,True,0.0
sparse (radius 2.2),78,0.0,0.6923076923076923,0.6923076923076923,False,0.0
sparse (radius 2.2),78,0.5,1.0,1.0,True,0.0
sparse (radius 2.2),78,0.75,1.0,1.0,True,0.0
sparse (radius 2.2),78,1.0,1.0,1.0,True,0.0
sparse (radius 2.2),78,1.25,1.0,1.0,True,0.0
sparse (radius 2.2),78,1.5,1.0,1.0,True,0.0
sparse (radius 2.2),78,2.0,0.8461538461538461,0.9068825910931173,False,0.0
sparse (radius 2.2),79,0.0,0.6875,0.7708333333333334,False,0.0
sparse (radius 2.2),79,0.5,0.9375,0.9375,False,0.0
sparse (radius 2.2),79,0.75,1.0,1.0,True,0.0
sparse (radius 2.2),79,1.0,1.0,1.0,True,0.0
sparse (radius 2.2),79,1.25,1.0,1.0,True,0.0
sparse (radius 2.2),79,1.5,1.0,1.0,True,0.0
sparse (radius 2.2),79,2.0,1.0,1.0,True,0.0
sparse (radius 2.2),80,0.0,0.8125,0.8125,False,0.0
sparse (radius 2.2),80,0.5,1.0,1.0,True,0.0
sparse (radius 2.2),80,0.75,1.0,1.0,True,0.0
sparse (radius 2.2),80,1.0,1.0,1.0,True,0.0
sparse (radius 2.2),80,1.25,1.0,1.0,True,0.0
sparse (radius 2.2),80,1.5,1.0,1.0,True,0.0
sparse (radius 2.2),80,2.0,1.0,1.0,True,0.0
sparse (radius 2.2),81,0.0,0.8421052631578947,0.8947368421052632,False,0.0
sparse (radius 2.2),81,0.5,1.0,1.0,True,0.0
sparse (radius 2.2),81,0.75,1.0,1.0,True,0.0
sparse (radius 2.2),81,1.0,1.0,1.0,True,0.0
sparse (radius 2.2),81,1.25,1.0,1.0,True,0.0
sparse (radius 2.2),81,1.5,1.0,1.0,True,0.0
sparse (radius 2.2),81,2.0,0.9473684210526315,0.9561403508771931,False,0.0
sparse (radius 2.2),82,0.0,0.9375,0.9375,False,0.0
sparse (radius 2.2),82,0.5,0.9375,0.9791666666666666,False,0.0
sparse (radius 2.2),82,0.75,1.0,1.0,True,0.0
sparse (radius 2.2),82,1.0,1.0,1.0,True,0.0
sparse (radius 2.2),82,1.25,1.0,1.0,True,0.0
sparse (radius 2.2),82,1.5,0.9375,0.9791666666666666,False,0.0
sparse (radius 2.2),82,2.0,0.9375,0.9375,False,0.0
sparse (radius 2.2),83,0.0,0.8666666666666667,0.8666666666666667,False,0.0
sparse (radius 2.2),83,0.5,0.8666666666666667,0.8666666666666667,False,0.0
sparse (radius 2.2),83,0.75,1.0,1.0,True,0.0
sparse (radius 2.2),83,1.0,1.0,1.0,True,0.0
sparse (radius 2.2),83,1.25,1.0,1.0,True,0.0
sparse (radius 2.2),83,1.5,1.0,1.0,True,0.0
sparse (radius 2.2),83,2.0,1.0,1.0,True,0.0
sparse (radius 2.2),84,0.0,0.8,0.9333333333333333,False,0.0
sparse (radius 2.2),84,0.5,1.0,1.0,True,0.0
sparse (radius 2.2),84,0.75,1.0,1.0,True,0.0
sparse (radius 2.2),84,1.0,1.0,1.0,True,0.0
sparse (radius 2.2),84,1.25,1.0,1.0,True,0.0
sparse (radius 2.2),84,1.5,1.0,1.0,True,0.0
sparse (radius 2.2),84,2.0,1.0,1.0,True,0.0
sparse (radius 2.2),85,0.0,0.8333333333333334,0.9166666666666666,False,0.0
sparse (radius 2.2),85,0.5,1.0,1.0,True,0.0
sparse (radius 2.2),85,0.75,1.0,1.0,True,0.0
sparse (radius 2.2),85,1.0,1.0,1.0,True,0.0
sparse (radius 2.2),85,1.25,1.0,1.0,True,0.0
sparse (radius 2.2),85,1.5,1.0,1.0,True,0.0
sparse (radius 2.2),85,2.0,1.0,1.0,True,0.0
sparse (radius 2.2),86,0.0,0.8333333333333334,0.875,False,0.0
sparse (radius 2.2),86,0.5,0.9444444444444444,0.9444444444444444,False,0.0
sparse (radius 2.2),86,0.75,0.9444444444444444,0.9444444444444444,False,0.0
sparse (radius 2.2),86,1.0,1.0,1.0,True,0.0
sparse (radius 2.2),86,1.25,1.0,1.0,True,0.0
sparse (radius 2.2),86,1.5,1.0,1.0,True,0.0
sparse (radius 2.2),86,2.0,1.0,1.0,True,0.0
sparse (radius 2.2),87,0.0,0.8666666666666667,0.8666666666666667,False,0.0
sparse (radius 2.2),87,0.5,0.8666666666666667,0.9555555555555556,False,0.0
sparse (radius 2.2),87,0.75,1.0,1.0,True,0.0
sparse (radius 2.2),87,1.0,1.0,1.0,True,0.0
sparse (radius 2.2),87,1.25,1.0,1.0,True,0.0
sparse (radius 2.2),87,1.5,1.0,1.0,True,0.0
sparse (radius 2.2),87,2.0,1.0,1.0,True,0.0
sparse (radius 2.2),88,0.0,0.8,0.8,False,0.0
sparse (radius 2.2),88,0.5,1.0,1.0,True,0.0
sparse (radius 2.2),88,0.75,1.0,1.0,True,0.0
sparse (radius 2.2),88,1.0,1.0,1.0,True,0.0
sparse (radius 2.2),88,1.25,1.0,1.0,True,0.0
sparse (radius 2.2),88,1.5,1.0,1.0,True,0.0
sparse (radius 2.2),88,2.0,1.0,1.0,True,0.0
sparse (radius 2.2),89,0.0,0.85,0.9,False,0.0
sparse (radius 2.2),89,0.5,1.0,1.0,True,0.0
sparse (radius 2.2),89,0.75,1.0,1.0,True,0.0
sparse (radius 2.2),89,1.0,1.0,1.0,True,0.0
sparse (radius 2.2),89,1.25,1.0,1.0,True,0.0
sparse (radius 2.2),89,1.5,1.0,1.0,True,0.0
sparse (radius 2.2),89,2.0,1.0,1.0,True,0.0
sparse (radius 2.2),90,0.0,0.7777777777777778,0.8518518518518519,False,0.0
sparse (radius 2.2),90,0.5,1.0,1.0,True,0.0
sparse (radius 2.2),90,0.75,1.0,1.0,True,0.0
sparse (radius 2.2),90,1.0,1.0,1.0,True,0.0
sparse (radius 2.2),90,1.25,1.0,1.0,True,0.0
sparse (radius 2.2),90,1.5,1.0,1.0,True,0.0
sparse (radius 2.2),90,2.0,1.0,1.0,True,0.0
sparse (radius 2.2),91,0.0,0.7692307692307693,0.8717948717948718,False,0.0
sparse (radius 2.2),91,0.5,0.9230769230769231,0.9743589743589743,False,0.0
sparse (radius 2.2),91,0.75,1.0,1.0,True,0.0
sparse (radius 2.2),91,1.0,1.0,1.0,True,0.0
sparse (radius 2.2),91,1.25,1.0,1.0,True,0.0
sparse (radius 2.2),91,1.5,1.0,1.0,True,0.0
sparse (radius 2.2),91,2.0,1.0,1.0,True,0.0
sparse (radius 2.2),92,0.0,0.5,0.58,False,0.0
sparse (radius 2.2),92,0.5,1.0,1.0,True,0.0
sparse (radius 2.2),92,0.75,1.0,1.0,True,0.0
sparse (radius 2.2),92,1.0,1.0,1.0,True,0.0
sparse (radius 2.2),92,1.25,1.0,1.0,True,0.0
sparse (radius 2.2),92,1.5,1.0,1.0,True,0.0
sparse (radius 2.2),92,2.0,1.0,1.0,True,0.0
sparse (radius 2.2),93,0.0,0.6666666666666666,0.8866666666666667,False,0.0
sparse (radius 2.2),93,0.5,1.0,1.0,True,0.0
sparse (radius 2.2),93,0.75,1.0,1.0,True,0.0
sparse (radius 2.2),93,1.0,1.0,1.0,True,0.0
sparse (radius 2.2),93,1.25,1.0,1.0,True,0.0
sparse (radius 2.2),93,1.5,1.0,1.0,True,0.0
sparse (radius 2.2),93,2.0,1.0,1.0,True,0.0
sparse (radius 2.2),94,0.0,0.9444444444444444,0.9444444444444444,False,0.0
sparse (radius 2.2),94,0.5,0.9444444444444444,0.9722222222222222,False,0.0
sparse (radius 2.2),94,0.75,1.0,1.0,True,0.0
sparse (radius 2.2),94,1.0,1.0,1.0,True,0.0
sparse (radius 2.2),94,1.25,1.0,1.0,True,0.0
sparse (radius 2.2),94,1.5,1.0,1.0,True,0.0
sparse (radius 2.2),94,2.0,1.0,1.0,True,0.0
sparse (radius 2.2),95,0.0,0.9411764705882353,0.9411764705882353,False,0.0
sparse (radius 2.2),95,0.5,0.9411764705882353,0.9705882352941176,False,0.0
sparse (radius 2.2),95,0.75,1.0,1.0,True,0.0
sparse (radius 2.2),95,1.0,1.0,1.0,True,0.0
sparse (radius 2.2),95,1.25,1.0,1.0,True,0.0
sparse (radius 2.2),95,1.5,1.0,1.0,True,0.0
sparse (radius 2.2),95,2.0,1.0,1.0,True,0.0
sparse (radius 2.2),96,0.0,0.6,0.6888888888888889,False,0.0
sparse (radius 2.2),96,0.5,0.9333333333333333,0.9600000000000001,False,0.0
sparse (radius 2.2),96,0.75,1.0,1.0,True,0.0
sparse (radius 2.2),96,1.0,1.0,1.0,True,0.0
sparse (radius 2.2),96,1.25,1.0,1.0,True,0.0
sparse (radius 2.2),96,1.5,1.0,1.0,True,0.0
sparse (radius 2.2),96,2.0,0.9333333333333333,0.9555555555555556,False,0.0
sparse (radius 2.2),97,0.0,0.7857142857142857,0.8142857142857143,False,0.0
sparse (radius 2.2),97,0.5,0.9285714285714286,0.9761904761904762,False,0.0
sparse (radius 2.2),97,0.75,1.0,1.0,True,0.0
sparse (radius 2.2),97,1.0,1.0,1.0,True,0.0
sparse (radius 2.2),97,1.25,1.0,1.0,True,0.0
sparse (radius 2.2),97,1.5,1.0,1.0,True,0.0
sparse (radius 2.2),97,2.0,1.0,1.0,True,0.0
sparse (radius 2.2),98,0.0,0.8823529411764706,0.8823529411764706,False,0.0
sparse (radius 2.2),98,0.5,0.8823529411764706,0.9705882352941176,False,0.0
sparse (radius 2.2),98,0.75,1.0,1.0,True,0.0
sparse (radius 2.2),98,1.0,1.0,1.0,True,0.0
sparse (radius 2.2),98,1.25,1.0,1.0,True,0.0
sparse (radius 2.2),98,1.5,1.0,1.0,True,0.0
sparse (radius 2.2),98,2.0,1.0,1.0,True,0.0
sparse (radius 2.2),99,0.0,0.8125,0.875,False,0.0
sparse (radius 2.2),99,0.5,0.9375,0.9375,False,0.0
sparse (radius 2.2),99,0.75,0.9375,0.9375,False,0.0
sparse (radius 2.2),99,1.0,1.0,1.0,True,0.0
sparse (radius 2.2),99,1.25,1.0,1.0,True,0.0
sparse (radius 2.2),99,1.5,1.0,1.0,True,0.0
sparse (radius 2.2),99,2.0,1.0,1.0,True,0.0
sparse (radius 2.2),100,0.0,1.0,1.0,True,0.05263157894736842
sparse (radius 2.2),100,0.5,1.0,1.0,True,0.05263157894736842
sparse (radius 2.2),100,0.75,1.0,1.0,True,0.05263157894736842
sparse (radius 2.2),100,1.0,1.0,1.0,True,0.05263157894736842
sparse (radius 2.2),100,1.25,1.0,1.0,True,0.05263157894736842
sparse (radius 2.2),100,1.5,0.9473684210526315,0.9649122807017543,False,0.05263157894736842
sparse (radius 2.2),100,2.0,0.8947368421052632,0.9210526315789473,False,0.05263157894736842
sparse (radius 2.2),101,0.0,0.9444444444444444,0.9444444444444444,False,0.0
sparse (radius 2.2),101,0.5,0.9444444444444444,0.9444444444444444,False,0.0
sparse (radius 2.2),101,0.75,1.0,1.0,True,0.0
sparse (radius 2.2),101,1.0,1.0,1.0,True,0.0
sparse (radius 2.2),101,1.25,1.0,1.0,True,0.0
sparse (radius 2.2),101,1.5,1.0,1.0,True,0.0
sparse (radius 2.2),101,2.0,1.0,1.0,True,0.0
sparse (radius 2.2),102,0.0,0.8,0.8,False,0.0
sparse (radius 2.2),102,0.5,0.9333333333333333,0.9333333333333333,False,0.0
sparse (radius 2.2),102,0.75,0.9333333333333333,0.9333333333333333,False,0.0
sparse (radius 2.2),102,1.0,1.0,1.0,True,0.0
sparse (radius 2.2),102,1.25,1.0,1.0,True,0.0
sparse (radius 2.2),102,1.5,1.0,1.0,True,0.0
sparse (radius 2.2),102,2.0,1.0,1.0,True,0.0
sparse (radius 2.2),103,0.0,0.9375,0.9375,False,0.0
sparse (radius 2.2),103,0.5,1.0,1.0,True,0.0
sparse (radius 2.2),103,0.75,1.0,1.0,True,0.0
sparse (radius 2.2),103,1.0,1.0,1.0,True,0.0
sparse (radius 2.2),103,1.25,1.0,1.0,True,0.0
sparse (radius 2.2),103,1.5,1.0,1.0,True,0.0
sparse (radius 2.2),103,2.0,1.0,1.0,True,0.0
sparse (radius 2.2),104,0.0,1.0,1.0,True,0.0
sparse (radius 2.2),104,0.5,1.0,1.0,True,0.0
sparse (radius 2.2),104,0.75,1.0,1.0,True,0.0
sparse (radius 2.2),104,1.0,1.0,1.0,True,0.0
sparse (radius 2.2),104,1.25,1.0,1.0,True,0.0
sparse (radius 2.2),104,1.5,1.0,1.0,True,0.0
sparse (radius 2.2),104,2.0,1.0,1.0,True,0.0
sparse (radius 2.2),105,0.0,0.8333333333333334,0.8333333333333334,False,0.0
sparse (radius 2.2),105,0.5,1.0,1.0,True,0.0
sparse (radius 2.2),105,0.75,1.0,1.0,True,0.0
sparse (radius 2.2),105,1.0,1.0,1.0,True,0.0
sparse (radius 2.2),105,1.25,1.0,1.0,True,0.0
sparse (radius 2.2),105,1.5,1.0,1.0,True,0.0
sparse (radius 2.2),105,2.0,1.0,1.0,True,0.0
sparse (radius 2.2),106,0.0,0.8235294117647058,0.8235294117647058,False,0.0
sparse (radius 2.2),106,0.5,1.0,1.0,True,0.0
sparse (radius 2.2),106,0.75,1.0,1.0,True,0.0
sparse (radius 2.2),106,1.0,1.0,1.0,True,0.0
sparse (radius 2.2),106,1.25,1.0,1.0,True,0.0
sparse (radius 2.2),106,1.5,1.0,1.0,True,0.0
sparse (radius 2.2),106,2.0,0.9411764705882353,0.9529411764705882,False,0.0
sparse (radius 2.2),107,0.0,0.6111111111111112,0.6111111111111112,False,0.0
sparse (radius 2.2),107,0.5,1.0,1.0,True,0.0
sparse (radius 2.2),107,0.75,1.0,1.0,True,0.0
sparse (radius 2.2),107,1.0,1.0,1.0,True,0.0
sparse (radius 2.2),107,1.25,1.0,1.0,True,0.0
sparse (radius 2.2),107,1.5,1.0,1.0,True,0.0
sparse (radius 2.2),107,2.0,1.0,1.0,True,0.0
sparse (radius 2.2),108,0.0,0.8,0.8444444444444444,False,0.0
sparse (radius 2.2),108,0.5,1.0,1.0,True,0.0
sparse (radius 2.2),108,0.75,1.0,1.0,True,0.0
sparse (radius 2.2),108,1.0,1.0,1.0,True,0.0
sparse (radius 2.2),108,1.25,1.0,1.0,True,0.0
sparse (radius 2.2),108,1.5,1.0,1.0,True,0.0
sparse (radius 2.2),108,2.0,1.0,1.0,True,0.0
sparse (radius 2.2),109,0.0,0.7222222222222222,0.8055555555555556,False,0.0
sparse (radius 2.2),109,0.5,0.8888888888888888,0.9444444444444444,False,0.0
sparse (radius 2.2),109,0.75,1.0,1.0,True,0.0
sparse (radius 2.2),109,1.0,1.0,1.0,True,0.0
sparse (radius 2.2),109,1.25,1.0,1.0,True,0.0
sparse (radius 2.2),109,1.5,1.0,1.0,True,0.0
sparse (radius 2.2),109,2.0,1.0,1.0,True,0.0
sparse (radius 2.2),110,0.0,0.8421052631578947,0.9298245614035089,False,0.0
sparse (radius 2.2),110,0.5,1.0,1.0,True,0.0
sparse (radius 2.2),110,0.75,1.0,1.0,True,0.0
sparse (radius 2.2),110,1.0,1.0,1.0,True,0.0
sparse (radius 2.2),110,1.25,1.0,1.0,True,0.0
sparse (radius 2.2),110,1.5,1.0,1.0,True,0.0
sparse (radius 2.2),110,2.0,1.0,1.0,True,0.0
sparse (radius 2.2),111,0.0,0.5625,0.625,False,0.0
sparse (radius 2.2),111,0.5,0.875,0.95,False,0.0
sparse (radius 2.2),111,0.75,1.0,1.0,True,0.0
sparse (radius 2.2),111,1.0,1.0,1.0,True,0.0
sparse (radius 2.2),111,1.25,1.0,1.0,True,0.0
sparse (radius 2.2),111,1.5,1.0,1.0,True,0.0
sparse (radius 2.2),111,2.0,1.0,1.0,True,0.0
sparse (radius 2.2),112,0.0,0.7142857142857143,0.7142857142857143,False,0.0
sparse (radius 2.2),112,0.5,0.9285714285714286,0.9285714285714286,False,0.0
sparse (radius 2.2),112,0.75,0.9285714285714286,0.9285714285714286,False,0.0
sparse (radius 2.2),112,1.0,1.0,1.0,True,0.0
sparse (radius 2.2),112,1.25,1.0,1.0,True,0.0
sparse (radius 2.2),112,1.5,1.0,1.0,True,0.0
sparse (radius 2.2),112,2.0,1.0,1.0,True,0.0
sparse (radius 2.2),113,0.0,0.6875,0.765625,False,0.0
sparse (radius 2.2),113,0.5,1.0,1.0,True,0.0
sparse (radius 2.2),113,0.75,1.0,1.0,True,0.0
sparse (radius 2.2),113,1.0,1.0,1.0,True,0.0
sparse (radius 2.2),113,1.25,1.0,1.0,True,0.0
sparse (radius 2.2),113,1.5,1.0,1.0,True,0.0
sparse (radius 2.2),113,2.0,1.0,1.0,True,0.0
sparse (radius 2.2),114,0.0,0.8,0.8,False,0.0
sparse (radius 2.2),114,0.5,0.8,0.888888888888889,False,0.0
sparse (radius 2.2),114,0.75,1.0,1.0,True,0.0
sparse (radius 2.2),114,1.0,1.0,1.0,True,0.0
sparse (radius 2.2),114,1.25,1.0,1.0,True,0.0
sparse (radius 2.2),114,1.5,1.0,1.0,True,0.0
sparse (radius 2.2),114,2.0,1.0,1.0,True,0.0
sparse (radius 2.2),115,0.0,0.8888888888888888,0.8888888888888888,False,0.0
sparse (radius 2.2),115,0.5,1.0,1.0,True,0.0
sparse (radius 2.2),115,0.75,1.0,1.0,True,0.0
sparse (radius 2.2),115,1.0,1.0,1.0,True,0.0
sparse (radius 2.2),115,1.25,1.0,1.0,True,0.0
sparse (radius 2.2),115,1.5,1.0,1.0,True,0.0
sparse (radius 2.2),115,2.0,1.0,1.0,True,0.0
sparse (radius 2.2),116,0.0,0.6666666666666666,0.6666666666666666,False,0.0
sparse (radius 2.2),116,0.5,0.8666666666666667,0.9333333333333333,False,0.0
sparse (radius 2.2),116,0.75,1.0,1.0,True,0.0
sparse (radius 2.2),116,1.0,1.0,1.0,True,0.0
sparse (radius 2.2),116,1.25,1.0,1.0,True,0.0
sparse (radius 2.2),116,1.5,0.9333333333333333,0.9666666666666667,False,0.0
sparse (radius 2.2),116,2.0,0.9333333333333333,0.9333333333333333,False,0.0
sparse (radius 2.2),117,0.0,0.6470588235294118,0.8084033613445377,False,0.0
sparse (radius 2.2),117,0.5,1.0,1.0,True,0.0
sparse (radius 2.2),117,0.75,1.0,1.0,True,0.0
sparse (radius 2.2),117,1.0,1.0,1.0,True,0.0
sparse (radius 2.2),117,1.25,1.0,1.0,True,0.0
sparse (radius 2.2),117,1.5,1.0,1.0,True,0.0
sparse (radius 2.2),117,2.0,0.9411764705882353,0.9529411764705882,False,0.0
sparse (radius 2.2),118,0.0,0.5294117647058824,0.5294117647058824,False,0.0
sparse (radius 2.2),118,0.5,0.9411764705882353,0.9411764705882353,False,0.0
sparse (radius 2.2),118,0.75,0.9411764705882353,0.9803921568627452,False,0.0
sparse (radius 2.2),118,1.0,1.0,1.0,True,0.0
sparse (radius 2.2),118,1.25,1.0,1.0,True,0.0
sparse (radius 2.2),118,1.5,1.0,1.0,True,0.0
sparse (radius 2.2),118,2.0,1.0,1.0,True,0.0
sparse (radius 2.2),119,0.0,0.8636363636363636,0.8636363636363636,False,0.045454545454545456
sparse (radius 2.2),119,0.5,1.0,1.0,True,0.045454545454545456
sparse (radius 2.2),119,0.75,1.0,1.0,True,0.045454545454545456
sparse (radius 2.2),119,1.0,1.0,1.0,True,0.045454545454545456
sparse (radius 2.2),119,1.25,1.0,1.0,True,0.045454545454545456
sparse (radius 2.2),119,1.5,0.9090909090909091,0.9454545454545454,False,0.045454545454545456
sparse (radius 2.2),119,2.0,0.9090909090909091,0.9090909090909091,False,0.045454545454545456
sparse (radius 2.2),120,0.0,0.8333333333333334,0.8611111111111112,False,0.0
sparse (radius 2.2),120,0.5,1.0,1.0,True,0.0
sparse (radius 2.2),120,0.75,1.0,1.0,True,0.0
sparse (radius 2.2),120,1.0,1.0,1.0,True,0.0
sparse (radius 2.2),120,1.25,1.0,1.0,True,0.0
sparse (radius 2.2),120,1.5,1.0,1.0,True,0.0
sparse (radius 2.2),120,2.0,1.0,1.0,True,0.0
sparse (radius 2.2),121,0.0,0.8235294117647058,0.9411764705882353,False,0.0
sparse (radius 2.2),121,0.5,1.0,1.0,True,0.0
sparse (radius 2.2),121,0.75,1.0,1.0,True,0.0
sparse (radius 2.2),121,1.0,1.0,1.0,True,0.0
sparse (radius 2.2),121,1.25,1.0,1.0,True,0.0
sparse (radius 2.2),121,1.5,1.0,1.0,True,0.0
sparse (radius 2.2),121,2.0,1.0,1.0,True,0.0
sparse (radius 2.2),122,0.0,0.6875,0.8125,False,0.0
sparse (radius 2.2),122,0.5,1.0,1.0,True,0.0
sparse (radius 2.2),122,0.75,1.0,1.0,True,0.0
sparse (radius 2.2),122,1.0,1.0,1.0,True,0.0
sparse (radius 2.2),122,1.25,1.0,1.0,True,0.0
sparse (radius 2.2),122,1.5,1.0,1.0,True,0.0
sparse (radius 2.2),122,2.0,1.0,1.0,True,0.0
sparse (radius 2.2),123,0.0,0.625,0.625,False,0.0
sparse (radius 2.2),123,0.5,1.0,1.0,True,0.0
sparse (radius 2.2),123,0.75,1.0,1.0,True,0.0
sparse (radius 2.2),123,1.0,1.0,1.0,True,0.0
sparse (radius 2.2),123,1.25,1.0,1.0,True,0.0
sparse (radius 2.2),123,1.5,1.0,1.0,True,0.0
sparse (radius 2.2),123,2.0,1.0,1.0,True,0.0
sparse (radius 2.2),124,0.0,0.5,0.59375,False,0.0
sparse (radius 2.2),124,0.5,0.875,0.875,False,0.0
sparse (radius 2.2),124,0.75,1.0,1.0,True,0.0
sparse (radius 2.2),124,1.0,1.0,1.0,True,0.0
sparse (radius 2.2),124,1.25,1.0,1.0,True,0.0
sparse (radius 2.2),124,1.5,1.0,1.0,True,0.0
sparse (radius 2.2),124,2.0,1.0,1.0,True,0.0
sparse (radius 2.2),125,0.0,1.0,1.0,True,0.0
sparse (radius 2.2),125,0.5,1.0,1.0,True,0.0
sparse (radius 2.2),125,0.75,1.0,1.0,True,0.0
sparse (radius 2.2),125,1.0,1.0,1.0,True,0.0
sparse (radius 2.2),125,1.25,1.0,1.0,True,0.0
sparse (radius 2.2),125,1.5,0.9444444444444444,0.9722222222222222,False,0.0
sparse (radius 2.2),125,2.0,0.9444444444444444,0.9444444444444444,False,0.0
sparse (radius 2.2),126,0.0,0.8125,0.84375,False,0.0
sparse (radius 2.2),126,0.5,1.0,1.0,True,0.0
sparse (radius 2.2),126,0.75,1.0,1.0,True,0.0
sparse (radius 2.2),126,1.0,1.0,1.0,True,0.0
sparse (radius 2.2),126,1.25,1.0,1.0,True,0.0
sparse (radius 2.2),126,1.5,1.0,1.0,True,0.0
sparse (radius 2.2),126,2.0,1.0,1.0,True,0.0
sparse (radius 2.2),127,0.0,0.6,0.7,False,0.0
sparse (radius 2.2),127,0.5,0.9,0.9666666666666666,False,0.0
sparse (radius 2.2),127,0.75,1.0,1.0,True,0.0
sparse (radius 2.2),127,1.0,1.0,1.0,True,0.0
sparse (radius 2.2),127,1.25,1.0,1.0,True,0.0
sparse (radius 2.2),127,1.5,1.0,1.0,True,0.0
sparse (radius 2.2),127,2.0,1.0,1.0,True,0.0
sparse (radius 2.2),128,0.0,0.7894736842105263,0.8421052631578947,False,0.0
sparse (radius 2.2),128,0.5,0.9473684210526315,0.9473684210526315,False,0.0
sparse (radius 2.2),128,0.75,0.9473684210526315,0.9736842105263158,False,0.0
sparse (radius 2.2),128,1.0,1.0,1.0,True,0.0
sparse (radius 2.2),128,1.25,1.0,1.0,True,0.0
sparse (radius 2.2),128,1.5,1.0,1.0,True,0.0
sparse (radius 2.2),128,2.0,1.0,1.0,True,0.0
sparse (radius 2.2),129,0.0,0.8,0.875,False,0.0
sparse (radius 2.2),129,0.5,0.95,0.95,False,0.0
sparse (radius 2.2),129,0.75,1.0,1.0,True,0.0
sparse (radius 2.2),129,1.0,1.0,1.0,True,0.0
sparse (radius 2.2),129,1.25,1.0,1.0,True,0.0
sparse (radius 2.2),129,1.5,1.0,1.0,True,0.0
sparse (radius 2.2),129,2.0,1.0,1.0,True,0.0
sparse (radius 2.2),130,0.0,0.8947368421052632,0.8947368421052632,False,0.0
sparse (radius 2.2),130,0.5,1.0,1.0,True,0.0
sparse (radius 2.2),130,0.75,1.0,1.0,True,0.0
sparse (radius 2.2),130,1.0,1.0,1.0,True,0.0
sparse (radius 2.2),130,1.25,1.0,1.0,True,0.0
sparse (radius 2.2),130,1.5,1.0,1.0,True,0.0
sparse (radius 2.2),130,2.0,1.0,1.0,True,0.0
sparse (radius 2.2),131,0.0,0.5384615384615384,0.5384615384615384,False,0.0
sparse (radius 2.2),131,0.5,0.9230769230769231,0.9230769230769231,False,0.0
sparse (radius 2.2),131,0.75,0.9230769230769231,0.967032967032967,False,0.0
sparse (radius 2.2),131,1.0,1.0,1.0,True,0.0
sparse (radius 2.2),131,1.25,1.0,1.0,True,0.0
sparse (radius 2.2),131,1.5,1.0,1.0,True,0.0
sparse (radius 2.2),131,2.0,1.0,1.0,True,0.0
sparse (radius 2.2),132,0.0,0.9230769230769231,0.9230769230769231,False,0.0
sparse (radius 2.2),132,0.5,0.9230769230769231,0.9230769230769231,False,0.0
sparse (radius 2.2),132,0.75,1.0,1.0,True,0.0
sparse (radius 2.2),132,1.0,1.0,1.0,True,0.0
sparse (radius 2.2),132,1.25,1.0,1.0,True,0.0
sparse (radius 2.2),132,1.5,1.0,1.0,True,0.0
sparse (radius 2.2),132,2.0,0.9230769230769231,0.9615384615384616,False,0.0
sparse (radius 2.2),133,0.0,0.7368421052631579,0.8596491228070174,False,0.0
sparse (radius 2.2),133,0.5,0.9473684210526315,0.9473684210526315,False,0.0
sparse (radius 2.2),133,0.75,0.9473684210526315,0.9736842105263158,False,0.0
sparse (radius 2.2),133,1.0,1.0,1.0,True,0.0
sparse (radius 2.2),133,1.25,1.0,1.0,True,0.0
sparse (radius 2.2),133,1.5,1.0,1.0,True,0.0
sparse (radius 2.2),133,2.0,1.0,1.0,True,0.0
sparse (radius 2.2),134,0.0,0.6666666666666666,0.8355555555555555,False,0.0
sparse (radius 2.2),134,0.5,1.0,1.0,True,0.0
sparse (radius 2.2),134,0.75,1.0,1.0,True,0.0
sparse (radius 2.2),134,1.0,1.0,1.0,True,0.0
sparse (radius 2.2),134,1.25,1.0,1.0,True,0.0
sparse (radius 2.2),134,1.5,1.0,1.0,True,0.0
sparse (radius 2.2),134,2.0,1.0,1.0,True,0.0
sparse (radius 2.2),135,0.0,0.8823529411764706,0.9411764705882353,False,0.0
sparse (radius 2.2),135,0.5,1.0,1.0,True,0.0
sparse (radius 2.2),135,0.75,1.0,1.0,True,0.0
sparse (radius 2.2),135,1.0,1.0,1.0,True,0.0
sparse (radius 2.2),135,1.25,1.0,1.0,True,0.0
sparse (radius 2.2),135,1.5,1.0,1.0,True,0.0
sparse (radius 2.2),135,2.0,0.8823529411764706,0.9019607843137255,False,0.0
sparse (radius 2.2),136,0.0,0.7692307692307693,0.9230769230769231,False,0.0
sparse (radius 2.2),136,0.5,1.0,1.0,True,0.0
sparse (radius 2.2),136,0.75,1.0,1.0,True,0.0
sparse (radius 2.2),136,1.0,1.0,1.0,True,0.0
sparse (radius 2.2),136,1.25,1.0,1.0,True,0.0
sparse (radius 2.2),136,1.5,1.0,1.0,True,0.0
sparse (radius 2.2),136,2.0,1.0,1.0,True,0.0
sparse (radius 2.2),137,0.0,1.0,1.0,True,0.0
sparse (radius 2.2),137,0.5,1.0,1.0,True,0.0
sparse (radius 2.2),137,0.75,1.0,1.0,True,0.0
sparse (radius 2.2),137,1.0,1.0,1.0,True,0.0
sparse (radius 2.2),137,1.25,1.0,1.0,True,0.0
sparse (radius 2.2),137,1.5,1.0,1.0,True,0.0
sparse (radius 2.2),137,2.0,1.0,1.0,True,0.0
sparse (radius 2.2),138,0.0,0.7894736842105263,0.7894736842105263,False,0.0
sparse (radius 2.2),138,0.5,0.9473684210526315,0.9473684210526315,False,0.0
sparse (radius 2.2),138,0.75,0.9473684210526315,0.9473684210526315,False,0.0
sparse (radius 2.2),138,1.0,1.0,1.0,True,0.0
sparse (radius 2.2),138,1.25,1.0,1.0,True,0.0
sparse (radius 2.2),138,1.5,1.0,1.0,True,0.0
sparse (radius 2.2),138,2.0,1.0,1.0,True,0.0
sparse (radius 2.2),139,0.0,0.625,0.8375,False,0.0
sparse (radius 2.2),139,0.5,1.0,1.0,True,0.0
sparse (radius 2.2),139,0.75,1.0,1.0,True,0.0
sparse (radius 2.2),139,1.0,1.0,1.0,True,0.0
sparse (radius 2.2),139,1.25,1.0,1.0,True,0.0
sparse (radius 2.2),139,1.5,1.0,1.0,True,0.0
sparse (radius 2.2),139,2.0,1.0,1.0,True,0.0
sparse (radius 2.2),140,0.0,0.6875,0.7708333333333334,False,0.0
sparse (radius 2.2),140,0.5,1.0,1.0,True,0.0
sparse (radius 2.2),140,0.75,1.0,1.0,True,0.0
sparse (radius 2.2),140,1.0,1.0,1.0,True,0.0
sparse (radius 2.2),140,1.25,1.0,1.0,True,0.0
sparse (radius 2.2),140,1.5,1.0,1.0,True,0.0
sparse (radius 2.2),140,2.0,0.9375,0.96875,False,0.0
sparse (radius 2.2),141,0.0,0.8235294117647058,0.9215686274509803,False,0.0
sparse (radius 2.2),141,0.5,1.0,1.0,True,0.0
sparse (radius 2.2),141,0.75,1.0,1.0,True,0.0
sparse (radius 2.2),141,1.0,1.0,1.0,True,0.0
sparse (radius 2.2),141,1.25,1.0,1.0,True,0.0
sparse (radius 2.2),141,1.5,1.0,1.0,True,0.0
sparse (radius 2.2),141,2.0,1.0,1.0,True,0.0
sparse (radius 2.2),142,0.0,0.7647058823529411,0.8431372549019608,False,0.0
sparse (radius 2.2),142,0.5,0.9411764705882353,0.9705882352941176,False,0.0
sparse (radius 2.2),142,0.75,1.0,1.0,True,0.0
sparse (radius 2.2),142,1.0,1.0,1.0,True,0.0
sparse (radius 2.2),142,1.25,1.0,1.0,True,0.0
sparse (radius 2.2),142,1.5,1.0,1.0,True,0.0
sparse (radius 2.2),142,2.0,1.0,1.0,True,0.0
sparse (radius 2.2),143,0.0,0.7142857142857143,0.7380952380952381,False,0.0
sparse (radius 2.2),143,0.5,0.9285714285714286,0.9523809523809524,False,0.0
sparse (radius 2.2),143,0.75,1.0,1.0,True,0.0
sparse (radius 2.2),143,1.0,1.0,1.0,True,0.0
sparse (radius 2.2),143,1.25,1.0,1.0,True,0.0
sparse (radius 2.2),143,1.5,1.0,1.0,True,0.0
sparse (radius 2.2),143,2.0,1.0,1.0,True,0.0
sparse (radius 2.2),144,0.0,0.7142857142857143,0.8666666666666666,False,0.0
sparse (radius 2.2),144,0.5,0.9285714285714286,0.9285714285714286,False,0.0
sparse (radius 2.2),144,0.75,1.0,1.0,True,0.0
sparse (radius 2.2),144,1.0,1.0,1.0,True,0.0
sparse (radius 2.2),144,1.25,1.0,1.0,True,0.0
sparse (radius 2.2),144,1.5,1.0,1.0,True,0.0
sparse (radius 2.2),144,2.0,1.0,1.0,True,0.0
sparse (radius 2.2),145,0.0,0.5,0.7333333333333334,False,0.0
sparse (radius 2.2),145,0.5,0.9166666666666666,0.9583333333333334,False,0.0
sparse (radius 2.2),145,0.75,1.0,1.0,True,0.0
sparse (radius 2.2),145,1.0,1.0,1.0,True,0.0
sparse (radius 2.2),145,1.25,1.0,1.0,True,0.0
sparse (radius 2.2),145,1.5,1.0,1.0,True,0.0
sparse (radius 2.2),145,2.0,1.0,1.0,True,0.0
sparse (radius 2.2),146,0.0,0.8235294117647058,0.8235294117647058,False,0.0
sparse (radius 2.2),146,0.5,1.0,1.0,True,0.0
sparse (radius 2.2),146,0.75,1.0,1.0,True,0.0
sparse (radius 2.2),146,1.0,1.0,1.0,True,0.0
sparse (radius 2.2),146,1.25,1.0,1.0,True,0.0
sparse (radius 2.2),146,1.5,1.0,1.0,True,0.0
sparse (radius 2.2),146,2.0,1.0,1.0,True,0.0
sparse (radius 2.2),147,0.0,0.75,0.75,False,0.0
sparse (radius 2.2),147,0.5,0.9375,0.9375,False,0.0
sparse (radius 2.2),147,0.75,1.0,1.0,True,0.0
sparse (radius 2.2),147,1.0,1.0,1.0,True,0.0
sparse (radius 2.2),147,1.25,1.0,1.0,True,0.0
sparse (radius 2.2),147,1.5,1.0,1.0,True,0.0
sparse (radius 2.2),147,2.0,1.0,1.0,True,0.0
sparse (radius 2.2),148,0.0,0.8947368421052632,0.9298245614035089,False,0.0
sparse (radius 2.2),148,0.5,1.0,1.0,True,0.0
sparse (radius 2.2),148,0.75,1.0,1.0,True,0.0
sparse (radius 2.2),148,1.0,1.0,1.0,True,0.0
sparse (radius 2.2),148,1.25,1.0,1.0,True,0.0
sparse (radius 2.2),148,1.5,1.0,1.0,True,0.0
sparse (radius 2.2),148,2.0,1.0,1.0,True,0.0
sparse (radius 2.2),149,0.0,0.8421052631578947,0.8421052631578947,False,0.0
sparse (radius 2.2),149,0.5,0.8947368421052632,0.8947368421052632,False,0.0
sparse (radius 2.2),149,0.75,1.0,1.0,True,0.0
sparse (radius 2.2),149,1.0,1.0,1.0,True,0.0
sparse (radius 2.2),149,1.25,1.0,1.0,True,0.0
sparse (radius 2.2),149,1.5,1.0,1.0,True,0.0
sparse (radius 2.2),149,2.0,1.0,1.0,True,0.0
sparse (radius 2.2),150,0.0,0.6842105263157895,0.7894736842105263,False,0.0
sparse (radius 2.2),150,0.5,1.0,1.0,True,0.0
sparse (radius 2.2),150,0.75,1.0,1.0,True,0.0
sparse (radius 2.2),150,1.0,1.0,1.0,True,0.0
sparse (radius 2.2),150,1.25,1.0,1.0,True,0.0
sparse (radius 2.2),150,1.5,1.0,1.0,True,0.0
sparse (radius 2.2),150,2.0,0.8947368421052632,0.9263157894736843,False,0.0
sparse (radius 2.2),151,0.0,0.9047619047619048,0.9444444444444444,False,0.0
sparse (radius 2.2),151,0.5,0.9523809523809523,0.9523809523809523,False,0.0
sparse (radius 2.2),151,0.75,1.0,1.0,True,0.0
sparse (radius 2.2),151,1.0,1.0,1.0,True,0.0
sparse (radius 2.2),151,1.25,1.0,1.0,True,0.0
sparse (radius 2.2),151,1.5,1.0,1.0,True,0.0
sparse (radius 2.2),151,2.0,1.0,1.0,True,0.0
sparse (radius 2.2),152,0.0,0.8333333333333334,0.8333333333333334,False,0.0
sparse (radius 2.2),152,0.5,1.0,1.0,True,0.0
sparse (radius 2.2),152,0.75,1.0,1.0,True,0.0
sparse (radius 2.2),152,1.0,1.0,1.0,True,0.0
sparse (radius 2.2),152,1.25,1.0,1.0,True,0.0
sparse (radius 2.2),152,1.5,0.9444444444444444,0.9444444444444444,False,0.0
sparse (radius 2.2),152,2.0,0.9444444444444444,0.9444444444444444,False,0.0
sparse (radius 2.2),153,0.0,0.8666666666666667,0.8666666666666667,False,0.0
sparse (radius 2.2),153,0.5,0.8666666666666667,0.8666666666666667,False,0.0
sparse (radius 2.2),153,0.75,1.0,1.0,True,0.0
sparse (radius 2.2),153,1.0,1.0,1.0,True,0.0
sparse (radius 2.2),153,1.25,1.0,1.0,True,0.0
sparse (radius 2.2),153,1.5,1.0,1.0,True,0.0
sparse (radius 2.2),153,2.0,1.0,1.0,True,0.0
sparse (radius 2.2),154,0.0,0.7333333333333333,0.7333333333333333,False,0.0
sparse (radius 2.2),154,0.5,0.8666666666666667,0.8666666666666667,False,0.0
sparse (radius 2.2),154,0.75,1.0,1.0,True,0.0
sparse (radius 2.2),154,1.0,1.0,1.0,True,0.0
sparse (radius 2.2),154,1.25,1.0,1.0,True,0.0
sparse (radius 2.2),154,1.5,1.0,1.0,True,0.0
sparse (radius 2.2),154,2.0,1.0,1.0,True,0.0
sparse (radius 2.2),155,0.0,0.8333333333333334,0.8333333333333334,False,0.0
sparse (radius 2.2),155,0.5,0.8888888888888888,0.925925925925926,False,0.0
sparse (radius 2.2),155,0.75,0.9444444444444444,0.9777777777777779,False,0.0
sparse (radius 2.2),155,1.0,1.0,1.0,True,0.0
sparse (radius 2.2),155,1.25,1.0,1.0,True,0.0
sparse (radius 2.2),155,1.5,1.0,1.0,True,0.0
sparse (radius 2.2),155,2.0,1.0,1.0,True,0.0
sparse (radius 2.2),156,0.0,0.6,0.75,False,0.0
sparse (radius 2.2),156,0.5,0.8,0.888888888888889,False,0.0
sparse (radius 2.2),156,0.75,1.0,1.0,True,0.0
sparse (radius 2.2),156,1.0,1.0,1.0,True,0.0
sparse (radius 2.2),156,1.25,1.0,1.0,True,0.0
sparse (radius 2.2),156,1.5,1.0,1.0,True,0.0
sparse (radius 2.2),156,2.0,1.0,1.0,True,0.0
sparse (radius 2.2),157,0.0,0.8235294117647058,0.8235294117647058,False,0.0
sparse (radius 2.2),157,0.5,1.0,1.0,True,0.0
sparse (radius 2.2),157,0.75,1.0,1.0,True,0.0
sparse (radius 2.2),157,1.0,1.0,1.0,True,0.0
sparse (radius 2.2),157,1.25,1.0,1.0,True,0.0
sparse (radius 2.2),157,1.5,1.0,1.0,True,0.0
sparse (radius 2.2),157,2.0,1.0,1.0,True,0.0
sparse (radius 2.2),158,0.0,0.6666666666666666,0.8333333333333334,False,0.0
sparse (radius 2.2),158,0.5,0.9333333333333333,0.9666666666666667,False,0.0
sparse (radius 2.2),158,0.75,1.0,1.0,True,0.0
sparse (radius 2.2),158,1.0,1.0,1.0,True,0.0
sparse (radius 2.2),158,1.25,1.0,1.0,True,0.0
sparse (radius 2.2),158,1.5,1.0,1.0,True,0.0
sparse (radius 2.2),158,2.0,1.0,1.0,True,0.0
sparse (radius 2.2),159,0.0,0.625,0.7541666666666667,False,0.0
sparse (radius 2.2),159,0.5,1.0,1.0,True,0.0
sparse (radius 2.2),159,0.75,1.0,1.0,True,0.0
sparse (radius 2.2),159,1.0,1.0,1.0,True,0.0
sparse (radius 2.2),159,1.25,1.0,1.0,True,0.0
sparse (radius 2.2),159,1.5,1.0,1.0,True,0.0
sparse (radius 2.2),159,2.0,1.0,1.0,True,0.0
sparse (radius 2.2),160,0.0,0.8,0.8666666666666667,False,0.0
sparse (radius 2.2),160,0.5,0.9333333333333333,0.9777777777777777,False,0.0
sparse (radius 2.2),160,0.75,1.0,1.0,True,0.0
sparse (radius 2.2),160,1.0,1.0,1.0,True,0.0
sparse (radius 2.2),160,1.25,1.0,1.0,True,0.0
sparse (radius 2.2),160,1.5,1.0,1.0,True,0.0
sparse (radius 2.2),160,2.0,1.0,1.0,True,0.0
sparse (radius 2.2),161,0.0,0.6666666666666666,0.7407407407407408,False,0.0
sparse (radius 2.2),161,0.5,1.0,1.0,True,0.0
sparse (radius 2.2),161,0.75,1.0,1.0,True,0.0
sparse (radius 2.2),161,1.0,1.0,1.0,True,0.0
sparse (radius 2.2),161,1.25,1.0,1.0,True,0.0
sparse (radius 2.2),161,1.5,1.0,1.0,True,0.0
sparse (radius 2.2),161,2.0,1.0,1.0,True,0.0
sparse (radius 2.2),162,0.0,0.6875,0.6875,False,0.0
sparse (radius 2.2),162,0.5,1.0,1.0,True,0.0
sparse (radius 2.2),162,0.75,1.0,1.0,True,0.0
sparse (radius 2.2),162,1.0,1.0,1.0,True,0.0
sparse (radius 2.2),162,1.25,1.0,1.0,True,0.0
sparse (radius 2.2),162,1.5,0.9375,0.9375,False,0.0
sparse (radius 2.2),162,2.0,0.9375,0.9375,False,0.0
sparse (radius 2.2),163,0.0,0.7058823529411765,0.8627450980392156,False,0.0
sparse (radius 2.2),163,0.5,0.9411764705882353,0.9411764705882353,False,0.0
sparse (radius 2.2),163,0.75,0.9411764705882353,0.9803921568627452,False,0.0
sparse (radius 2.2),163,1.0,1.0,1.0,True,0.0
sparse (radius 2.2),163,1.25,1.0,1.0,True,0.0
sparse (radius 2.2),163,1.5,1.0,1.0,True,0.0
sparse (radius 2.2),163,2.0,1.0,1.0,True,0.0
sparse (radius 2.2),164,0.0,0.8,0.875,False,0.0
sparse (radius 2.2),164,0.5,0.95,0.95,False,0.0
sparse (radius 2.2),164,0.75,0.95,0.9833333333333334,False,0.0
sparse (radius 2.2),164,1.0,1.0,1.0,True,0.0
sparse (radius 2.2),164,1.25,1.0,1.0,True,0.0
sparse (radius 2.2),164,1.5,1.0,1.0,True,0.0
sparse (radius 2.2),164,2.0,1.0,1.0,True,0.0
sparse (radius 2.2),165,0.0,0.5625,0.625,False,0.0
sparse (radius 2.2),165,0.5,0.875,0.875,False,0.0
sparse (radius 2.2),165,0.75,1.0,1.0,True,0.0
sparse (radius 2.2),165,1.0,1.0,1.0,True,0.0
sparse (radius 2.2),165,1.25,1.0,1.0,True,0.0
sparse (radius 2.2),165,1.5,1.0,1.0,True,0.0
sparse (radius 2.2),165,2.0,1.0,1.0,True,0.0
sparse (radius 2.2),166,0.0,0.8421052631578947,0.8842105263157896,False,0.0
sparse (radius 2.2),166,0.5,1.0,1.0,True,0.0
sparse (radius 2.2),166,0.75,1.0,1.0,True,0.0
sparse (radius 2.2),166,1.0,1.0,1.0,True,0.0
sparse (radius 2.2),166,1.25,1.0,1.0,True,0.0
sparse (radius 2.2),166,1.5,1.0,1.0,True,0.0
sparse (radius 2.2),166,2.0,1.0,1.0,True,0.0
sparse (radius 2.2),167,0.0,0.7857142857142857,0.880952380952381,False,0.0
sparse (radius 2.2),167,0.5,0.9285714285714286,0.9642857142857143,False,0.0
sparse (radius 2.2),167,0.75,1.0,1.0,True,0.0
sparse (radius 2.2),167,1.0,1.0,1.0,True,0.0
sparse (radius 2.2),167,1.25,1.0,1.0,True,0.0
sparse (radius 2.2),167,1.5,1.0,1.0,True,0.0
sparse (radius 2.2),167,2.0,1.0,1.0,True,0.0
sparse (radius 2.2),168,0.0,0.6470588235294118,0.6470588235294118,False,0.0
sparse (radius 2.2),168,0.5,0.8823529411764706,0.9215686274509803,False,0.0
sparse (radius 2.2),168,0.75,1.0,1.0,True,0.0
sparse (radius 2.2),168,1.0,1.0,1.0,True,0.0
sparse (radius 2.2),168,1.25,1.0,1.0,True,0.0
sparse (radius 2.2),168,1.5,1.0,1.0,True,0.0
sparse (radius 2.2),168,2.0,1.0,1.0,True,0.0
sparse (radius 2.2),169,0.0,0.65,0.7666666666666667,False,0.0
sparse (radius 2.2),169,0.5,1.0,1.0,True,0.0
sparse (radius 2.2),169,0.75,1.0,1.0,True,0.0
sparse (radius 2.2),169,1.0,1.0,1.0,True,0.0
sparse (radius 2.2),169,1.25,1.0,1.0,True,0.0
sparse (radius 2.2),169,1.5,1.0,1.0,True,0.0
sparse (radius 2.2),169,2.0,1.0,1.0,True,0.0
sparse (radius 2.2),170,0.0,0.8888888888888888,0.8888888888888888,False,0.0
sparse (radius 2.2),170,0.5,0.9444444444444444,0.9814814814814815,False,0.0
sparse (radius 2.2),170,0.75,1.0,1.0,True,0.0
sparse (radius 2.2),170,1.0,1.0,1.0,True,0.0
sparse (radius 2.2),170,1.25,1.0,1.0,True,0.0
sparse (radius 2.2),170,1.5,0.9444444444444444,0.9444444444444444,False,0.0
sparse (radius 2.2),170,2.0,0.9444444444444444,0.9444444444444444,False,0.0
sparse (radius 2.2),171,0.0,0.5,0.6458333333333334,False,0.0
sparse (radius 2.2),171,0.5,0.875,0.90625,False,0.0
sparse (radius 2.2),171,0.75,1.0,1.0,True,0.0
sparse (radius 2.2),171,1.0,1.0,1.0,True,0.0
sparse (radius 2.2),171,1.25,1.0,1.0,True,0.0
sparse (radius 2.2),171,1.5,1.0,1.0,True,0.0
sparse (radius 2.2),171,2.0,0.9375,0.953125,False,0.0
sparse (radius 2.2),172,0.0,0.7368421052631579,0.7368421052631579,False,0.0
sparse (radius 2.2),172,0.5,0.8947368421052632,0.8947368421052632,False,0.0
sparse (radius 2.2),172,0.75,1.0,1.0,True,0.0
sparse (radius 2.2),172,1.0,1.0,1.0,True,0.0
sparse (radius 2.2),172,1.25,1.0,1.0,True,0.0
sparse (radius 2.2),172,1.5,1.0,1.0,True,0.0
sparse (radius 2.2),172,2.0,1.0,1.0,True,0.0
sparse (radius 2.2),173,0.0,0.9333333333333333,0.9733333333333333,False,0.0
sparse (radius 2.2),173,0.5,1.0,1.0,True,0.0
sparse (radius 2.2),173,0.75,1.0,1.0,True,0.0
sparse (radius 2.2),173,1.0,1.0,1.0,True,0.0
sparse (radius 2.2),173,1.25,1.0,1.0,True,0.0
sparse (radius 2.2),173,1.5,1.0,1.0,True,0.0
sparse (radius 2.2),173,2.0,1.0,1.0,True,0.0
sparse (radius 2.2),174,0.0,0.8571428571428571,0.8571428571428571,False,0.0
sparse (radius 2.2),174,0.5,1.0,1.0,True,0.0
sparse (radius 2.2),174,0.75,1.0,1.0,True,0.0
sparse (radius 2.2),174,1.0,1.0,1.0,True,0.0
sparse (radius 2.2),174,1.25,1.0,1.0,True,0.0
sparse (radius 2.2),174,1.5,1.0,1.0,True,0.0
sparse (radius 2.2),174,2.0,0.9285714285714286,0.9428571428571428,False,0.0
sparse (radius 2.2),175,0.0,0.8333333333333334,0.9074074074074073,False,0.0
sparse (radius 2.2),175,0.5,0.9444444444444444,0.9444444444444444,False,0.0
sparse (radius 2.2),175,0.75,1.0,1.0,True,0.0
sparse (radius 2.2),175,1.0,1.0,1.0,True,0.0
sparse (radius 2.2),175,1.25,1.0,1.0,True,0.0
sparse (radius 2.2),175,1.5,1.0,1.0,True,0.0
sparse (radius 2.2),175,2.0,1.0,1.0,True,0.0
sparse (radius 2.2),176,0.0,0.8888888888888888,0.8888888888888888,False,0.0
sparse (radius 2.2),176,0.5,1.0,1.0,True,0.0
sparse (radius 2.2),176,0.75,1.0,1.0,True,0.0
sparse (radius 2.2),176,1.0,1.0,1.0,True,0.0
sparse (radius 2.2),176,1.25,1.0,1.0,True,0.0
sparse (radius 2.2),176,1.5,1.0,1.0,True,0.0
sparse (radius 2.2),176,2.0,1.0,1.0,True,0.0
sparse (radius 2.2),177,0.0,0.6666666666666666,0.6666666666666666,False,0.0
sparse (radius 2.2),177,0.5,1.0,1.0,True,0.0
sparse (radius 2.2),177,0.75,1.0,1.0,True,0.0
sparse (radius 2.2),177,1.0,1.0,1.0,True,0.0
sparse (radius 2.2),177,1.25,1.0,1.0,True,0.0
sparse (radius 2.2),177,1.5,1.0,1.0,True,0.0
sparse (radius 2.2),177,2.0,0.8888888888888888,0.9629629629629629,False,0.0
sparse (radius 2.2),178,0.0,0.6875,0.6875,False,0.0
sparse (radius 2.2),178,0.5,0.875,0.925,False,0.0
sparse (radius 2.2),178,0.75,1.0,1.0,True,0.0
sparse (radius 2.2),178,1.0,1.0,1.0,True,0.0
sparse (radius 2.2),178,1.25,1.0,1.0,True,0.0
sparse (radius 2.2),178,1.5,1.0,1.0,True,0.0
sparse (radius 2.2),178,2.0,1.0,1.0,True,0.0
sparse (radius 2.2),179,0.0,0.8,0.9125,False,0.0
sparse (radius 2.2),179,0.5,1.0,1.0,True,0.0
sparse (radius 2.2),179,0.75,1.0,1.0,True,0.0
sparse (radius 2.2),179,1.0,1.0,1.0,True,0.0
sparse (radius 2.2),179,1.25,1.0,1.0,True,0.0
sparse (radius 2.2),179,1.5,1.0,1.0,True,0.0
sparse (radius 2.2),179,2.0,0.95,0.975,False,0.0
sparse (radius 2.2),180,0.0,0.8666666666666667,0.9619047619047619,False,0.0
sparse (radius 2.2),180,0.5,1.0,1.0,True,0.0
sparse (radius 2.2),180,0.75,1.0,1.0,True,0.0
sparse (radius 2.2),180,1.0,1.0,1.0,True,0.0
sparse (radius 2.2),180,1.25,1.0,1.0,True,0.0
sparse (radius 2.2),180,1.5,1.0,1.0,True,0.0
sparse (radius 2.2),180,2.0,1.0,1.0,True,0.0
sparse (radius 2.2),181,0.0,0.7222222222222222,0.7407407407407408,False,0.0
sparse (radius 2.2),181,0.5,1.0,1.0,True,0.0
sparse (radius 2.2),181,0.75,1.0,1.0,True,0.0
sparse (radius 2.2),181,1.0,1.0,1.0,True,0.0
sparse (radius 2.2),181,1.25,1.0,1.0,True,0.0
sparse (radius 2.2),181,1.5,0.9444444444444444,0.9814814814814815,False,0.0
sparse (radius 2.2),181,2.0,0.9444444444444444,0.9444444444444444,False,0.0
sparse (radius 2.2),182,0.0,0.9230769230769231,0.9230769230769231,False,0.0
sparse (radius 2.2),182,0.5,0.9230769230769231,0.9230769230769231,False,0.0
sparse (radius 2.2),182,0.75,1.0,1.0,True,0.0
sparse (radius 2.2),182,1.0,1.0,1.0,True,0.0
sparse (radius 2.2),182,1.25,1.0,1.0,True,0.0
sparse (radius 2.2),182,1.5,1.0,1.0,True,0.0
sparse (radius 2.2),182,2.0,1.0,1.0,True,0.0
sparse (radius 2.2),183,0.0,0.7333333333333333,0.8133333333333332,False,0.0
sparse (radius 2.2),183,0.5,0.8666666666666667,0.92,False,0.0
sparse (radius 2.2),183,0.75,1.0,1.0,True,0.0
sparse (radius 2.2),183,1.0,1.0,1.0,True,0.0
sparse (radius 2.2),183,1.25,1.0,1.0,True,0.0
sparse (radius 2.2),183,1.5,1.0,1.0,True,0.0
sparse (radius 2.2),183,2.0,1.0,1.0,True,0.0
sparse (radius 2.2),184,0.0,0.75,0.85,False,0.0
sparse (radius 2.2),184,0.5,0.95,0.975,False,0.0
sparse (radius 2.2),184,0.75,1.0,1.0,True,0.0
sparse (radius 2.2),184,1.0,1.0,1.0,True,0.0
sparse (radius 2.2),184,1.25,1.0,1.0,True,0.0
sparse (radius 2.2),184,1.5,1.0,1.0,True,0.0
sparse (radius 2.2),184,2.0,1.0,1.0,True,0.0
sparse (radius 2.2),185,0.0,0.8333333333333334,0.9166666666666666,False,0.0
sparse (radius 2.2),185,0.5,1.0,1.0,True,0.0
sparse (radius 2.2),185,0.75,1.0,1.0,True,0.0
sparse (radius 2.2),185,1.0,1.0,1.0,True,0.0
sparse (radius 2.2),185,1.25,1.0,1.0,True,0.0
sparse (radius 2.2),185,1.5,1.0,1.0,True,0.0
sparse (radius 2.2),185,2.0,0.9444444444444444,0.9583333333333334,False,0.0
sparse (radius 2.2),186,0.0,0.9285714285714286,0.9285714285714286,False,0.0
sparse (radius 2.2),186,0.5,1.0,1.0,True,0.0
sparse (radius 2.2),186,0.75,1.0,1.0,True,0.0
sparse (radius 2.2),186,1.0,1.0,1.0,True,0.0
sparse (radius 2.2),186,1.25,1.0,1.0,True,0.0
sparse (radius 2.2),186,1.5,1.0,1.0,True,0.0
sparse (radius 2.2),186,2.0,1.0,1.0,True,0.0
sparse (radius 2.2),187,0.0,0.75,0.8541666666666666,False,0.0
sparse (radius 2.2),187,0.5,0.9375,0.9375,False,0.0
sparse (radius 2.2),187,0.75,1.0,1.0,True,0.0
sparse (radius 2.2),187,1.0,1.0,1.0,True,0.0
sparse (radius 2.2),187,1.25,1.0,1.0,True,0.0
sparse (radius 2.2),187,1.5,1.0,1.0,True,0.0
sparse (radius 2.2),187,2.0,1.0,1.0,True,0.0
sparse (radius 2.2),188,0.0,0.7777777777777778,0.8333333333333334,False,0.0
sparse (radius 2.2),188,0.5,1.0,1.0,True,0.0
sparse (radius 2.2),188,0.75,1.0,1.0,True,0.0
sparse (radius 2.2),188,1.0,1.0,1.0,True,0.0
sparse (radius 2.2),188,1.25,1.0,1.0,True,0.0
sparse (radius 2.2),188,1.5,1.0,1.0,True,0.0
sparse (radius 2.2),188,2.0,0.9444444444444444,0.9814814814814815,False,0.0
sparse (radius 2.2),189,0.0,0.8666666666666667,0.9,False,0.0
sparse (radius 2.2),189,0.5,0.9333333333333333,0.9333333333333333,False,0.0
sparse (radius 2.2),189,0.75,1.0,1.0,True,0.0
sparse (radius 2.2),189,1.0,1.0,1.0,True,0.0
sparse (radius 2.2),189,1.25,1.0,1.0,True,0.0
sparse (radius 2.2),189,1.5,1.0,1.0,True,0.0
sparse (radius 2.2),189,2.0,1.0,1.0,True,0.0
sparse (radius 2.2),190,0.0,0.8333333333333334,0.925925925925926,False,0.0
sparse (radius 2.2),190,0.5,1.0,1.0,True,0.0
sparse (radius 2.2),190,0.75,1.0,1.0,True,0.0
sparse (radius 2.2),190,1.0,1.0,1.0,True,0.0
sparse (radius 2.2),190,1.25,1.0,1.0,True,0.0
sparse (radius 2.2),190,1.5,1.0,1.0,True,0.0
sparse (radius 2.2),190,2.0,1.0,1.0,True,0.0
sparse (radius 2.2),191,0.0,0.6842105263157895,0.8070175438596492,False,0.0
sparse (radius 2.2),191,0.5,0.9473684210526315,0.9736842105263158,False,0.0
sparse (radius 2.2),191,0.75,1.0,1.0,True,0.0
sparse (radius 2.2),191,1.0,1.0,1.0,True,0.0
sparse (radius 2.2),191,1.25,1.0,1.0,True,0.0
sparse (radius 2.2),191,1.5,1.0,1.0,True,0.0
sparse (radius 2.2),191,2.0,1.0,1.0,True,0.0
sparse (radius 2.2),192,0.0,0.7058823529411765,0.7058823529411765,False,0.0
sparse (radius 2.2),192,0.5,0.8235294117647058,0.9019607843137255,False,0.0
sparse (radius 2.2),192,0.75,1.0,1.0,True,0.0
sparse (radius 2.2),192,1.0,1.0,1.0,True,0.0
sparse (radius 2.2),192,1.25,1.0,1.0,True,0.0
sparse (radius 2.2),192,1.5,0.9411764705882353,0.9607843137254901,False,0.0
sparse (radius 2.2),192,2.0,0.9411764705882353,0.9411764705882353,False,0.0
sparse (radius 2.2),193,0.0,0.8461538461538461,0.8461538461538461,False,0.0
sparse (radius 2.2),193,0.5,0.8461538461538461,0.9038461538461539,False,0.0
sparse (radius 2.2),193,0.75,1.0,1.0,True,0.0
sparse (radius 2.2),193,1.0,1.0,1.0,True,0.0
sparse (radius 2.2),193,1.25,1.0,1.0,True,0.0
sparse (radius 2.2),193,1.5,1.0,1.0,True,0.0
sparse (radius 2.2),193,2.0,1.0,1.0,True,0.0
sparse (radius 2.2),194,0.0,0.6666666666666666,0.7222222222222222,False,0.0
sparse (radius 2.2),194,0.5,0.8888888888888888,0.8888888888888888,False,0.0
sparse (radius 2.2),194,0.75,1.0,1.0,True,0.0
sparse (radius 2.2),194,1.0,1.0,1.0,True,0.0
sparse (radius 2.2),194,1.25,1.0,1.0,True,0.0
sparse (radius 2.2),194,1.5,0.9444444444444444,0.9629629629629629,False,0.0
sparse (radius 2.2),194,2.0,0.9444444444444444,0.9444444444444444,False,0.0
sparse (radius 2.2),195,0.0,0.6111111111111112,0.6111111111111112,False,0.0
sparse (radius 2.2),195,0.5,1.0,1.0,True,0.0
sparse (radius 2.2),195,0.75,1.0,1.0,True,0.0
sparse (radius 2.2),195,1.0,1.0,1.0,True,0.0
sparse (radius 2.2),195,1.25,1.0,1.0,True,0.0
sparse (radius 2.2),195,1.5,1.0,1.0,True,0.0
sparse (radius 2.2),195,2.0,1.0,1.0,True,0.0
sparse (radius 2.2),196,0.0,0.6666666666666666,0.8083333333333332,False,0.0
sparse (radius 2.2),196,0.5,1.0,1.0,True,0.0
sparse (radius 2.2),196,0.75,1.0,1.0,True,0.0
sparse (radius 2.2),196,1.0,1.0,1.0,True,0.0
sparse (radius 2.2),196,1.25,1.0,1.0,True,0.0
sparse (radius 2.2),196,1.5,1.0,1.0,True,0.0
sparse (radius 2.2),196,2.0,1.0,1.0,True,0.0
sparse (radius 2.2),197,0.0,0.5625,0.7708333333333334,False,0.0
sparse (radius 2.2),197,0.5,1.0,1.0,True,0.0
sparse (radius 2.2),197,0.75,1.0,1.0,True,0.0
sparse (radius 2.2),197,1.0,1.0,1.0,True,0.0
sparse (radius 2.2),197,1.25,1.0,1.0,True,0.0
sparse (radius 2.2),197,1.5,1.0,1.0,True,0.0
sparse (radius 2.2),197,2.0,1.0,1.0,True,0.0
sparse (radius 2.2),198,0.0,0.6111111111111112,0.6527777777777778,False,0.0
sparse (radius 2.2),198,0.5,0.8888888888888888,0.9555555555555555,False,0.0
sparse (radius 2.2),198,0.75,1.0,1.0,True,0.0
sparse (radius 2.2),198,1.0,1.0,1.0,True,0.0
sparse (radius 2.2),198,1.25,1.0,1.0,True,0.0
sparse (radius 2.2),198,1.5,1.0,1.0,True,0.0
sparse (radius 2.2),198,2.0,1.0,1.0,True,0.0
sparse (radius 2.2),199,0.0,0.8235294117647058,0.8235294117647058,False,0.0
sparse (radius 2.2),199,0.5,0.8823529411764706,0.9215686274509803,False,0.0
sparse (radius 2.2),199,0.75,1.0,1.0,True,0.0
sparse (radius 2.2),199,1.0,1.0,1.0,True,0.0
sparse (radius 2.2),199,1.25,1.0,1.0,True,0.0
sparse (radius 2.2),199,1.5,1.0,1.0,True,0.0
sparse (radius 2.2),199,2.0,0.9411764705882353,0.9529411764705882,False,0.0
dense (radius 3.0),0,0.0,0.6521739130434783,0.6521739130434783,False,0.0
dense (radius 3.0),0,0.5,0.9565217391304348,0.9782608695652174,False,0.0
dense (radius 3.0),0,0.75,1.0,1.0,True,0.0
dense (radius 3.0),0,1.0,1.0,1.0,True,0.0
dense (radius 3.0),0,1.25,1.0,1.0,True,0.0
dense (radius 3.0),0,1.5,1.0,1.0,True,0.0
dense (radius 3.0),0,2.0,0.9565217391304348,0.9855072463768116,False,0.0
dense (radius 3.0),1,0.0,0.8095238095238095,0.8095238095238095,False,0.0
dense (radius 3.0),1,0.5,0.9523809523809523,0.9523809523809523,False,0.0
dense (radius 3.0),1,0.75,0.9523809523809523,0.9523809523809523,False,0.0
dense (radius 3.0),1,1.0,1.0,1.0,True,0.0
dense (radius 3.0),1,1.25,1.0,1.0,True,0.0
dense (radius 3.0),1,1.5,1.0,1.0,True,0.0
dense (radius 3.0),1,2.0,1.0,1.0,True,0.0
dense (radius 3.0),2,0.0,0.8636363636363636,0.8636363636363636,False,0.0
dense (radius 3.0),2,0.5,0.8636363636363636,0.9242424242424242,False,0.0
dense (radius 3.0),2,0.75,0.9545454545454546,0.9545454545454546,False,0.0
dense (radius 3.0),2,1.0,1.0,1.0,True,0.0
dense (radius 3.0),2,1.25,1.0,1.0,True,0.0
dense (radius 3.0),2,1.5,1.0,1.0,True,0.0
dense (radius 3.0),2,2.0,0.9545454545454546,0.9772727272727273,False,0.0
dense (radius 3.0),3,0.0,0.8636363636363636,0.8636363636363636,False,0.0
dense (radius 3.0),3,0.5,0.9090909090909091,0.9090909090909091,False,0.0
dense (radius 3.0),3,0.75,0.9545454545454546,0.9545454545454546,False,0.0
dense (radius 3.0),3,1.0,1.0,1.0,True,0.0
dense (radius 3.0),3,1.25,1.0,1.0,True,0.0
dense (radius 3.0),3,1.5,1.0,1.0,True,0.0
dense (radius 3.0),3,2.0,1.0,1.0,True,0.0
dense (radius 3.0),4,0.0,0.8260869565217391,0.8260869565217391,False,0.0
dense (radius 3.0),4,0.5,0.9130434782608695,0.9130434782608695,False,0.0
dense (radius 3.0),4,0.75,0.9565217391304348,0.9565217391304348,False,0.0
dense (radius 3.0),4,1.0,1.0,1.0,True,0.0
dense (radius 3.0),4,1.25,1.0,1.0,True,0.0
dense (radius 3.0),4,1.5,1.0,1.0,True,0.0
dense (radius 3.0),4,2.0,1.0,1.0,True,0.0
dense (radius 3.0),5,0.0,0.5714285714285714,0.7619047619047619,False,0.0
dense (radius 3.0),5,0.5,1.0,1.0,True,0.0
dense (radius 3.0),5,0.75,1.0,1.0,True,0.0
dense (radius 3.0),5,1.0,1.0,1.0,True,0.0
dense (radius 3.0),5,1.25,1.0,1.0,True,0.0
dense (radius 3.0),5,1.5,1.0,1.0,True,0.0
dense (radius 3.0),5,2.0,1.0,1.0,True,0.0
dense (radius 3.0),6,0.0,0.8333333333333334,0.9444444444444445,False,0.0
dense (radius 3.0),6,0.5,1.0,1.0,True,0.0
dense (radius 3.0),6,0.75,1.0,1.0,True,0.0
dense (radius 3.0),6,1.0,1.0,1.0,True,0.0
dense (radius 3.0),6,1.25,1.0,1.0,True,0.0
dense (radius 3.0),6,1.5,0.9583333333333334,0.9791666666666666,False,0.0
dense (radius 3.0),6,2.0,0.8333333333333334,0.8333333333333334,False,0.0
dense (radius 3.0),7,0.0,0.6666666666666666,0.8333333333333334,False,0.0
dense (radius 3.0),7,0.5,1.0,1.0,True,0.0
dense (radius 3.0),7,0.75,1.0,1.0,True,0.0
dense (radius 3.0),7,1.0,1.0,1.0,True,0.0
dense (radius 3.0),7,1.25,1.0,1.0,True,0.0
dense (radius 3.0),7,1.5,1.0,1.0,True,0.0
dense (radius 3.0),7,2.0,1.0,1.0,True,0.0
dense (radius 3.0),8,0.0,0.47368421052631576,0.5,False,0.0
dense (radius 3.0),8,0.5,0.8947368421052632,0.9210526315789473,False,0.0
dense (radius 3.0),8,0.75,0.9473684210526315,0.9473684210526315,False,0.0
dense (radius 3.0),8,1.0,1.0,1.0,True,0.0
dense (radius 3.0),8,1.25,1.0,1.0,True,0.0
dense (radius 3.0),8,1.5,1.0,1.0,True,0.0
dense (radius 3.0),8,2.0,1.0,1.0,True,0.0
dense (radius 3.0),9,0.0,0.9583333333333334,0.9791666666666666,False,0.0
dense (radius 3.0),9,0.5,1.0,1.0,True,0.0
dense (radius 3.0),9,0.75,1.0,1.0,True,0.0
dense (radius 3.0),9,1.0,1.0,1.0,True,0.0
dense (radius 3.0),9,1.25,1.0,1.0,True,0.0
dense (radius 3.0),9,1.5,0.9583333333333334,0.9791666666666666,False,0.0
dense (radius 3.0),9,2.0,0.9583333333333334,0.9583333333333334,False,0.0
dense (radius 3.0),10,0.0,0.75,0.8666666666666666,False,0.0
dense (radius 3.0),10,0.5,0.95,0.95,False,0.0
dense (radius 3.0),10,0.75,1.0,1.0,True,0.0
dense (radius 3.0),10,1.0,1.0,1.0,True,0.0
dense (radius 3.0),10,1.25,1.0,1.0,True,0.0
dense (radius 3.0),10,1.5,1.0,1.0,True,0.0
dense (radius 3.0),10,2.0,1.0,1.0,True,0.0
dense (radius 3.0),11,0.0,0.8,0.8,False,0.0
dense (radius 3.0),11,0.5,0.96,0.96,False,0.0
dense (radius 3.0),11,0.75,0.96,0.96,False,0.0
dense (radius 3.0),11,1.0,1.0,1.0,True,0.0
dense (radius 3.0),11,1.25,1.0,1.0,True,0.0
dense (radius 3.0),11,1.5,1.0,1.0,True,0.0
dense (radius 3.0),11,2.0,0.92,0.96,False,0.0
dense (radius 3.0),12,0.0,0.6818181818181818,0.8181818181818182,False,0.0
dense (radius 3.0),12,0.5,0.9545454545454546,0.9545454545454546,False,0.0
dense (radius 3.0),12,0.75,1.0,1.0,True,0.0
dense (radius 3.0),12,1.0,1.0,1.0,True,0.0
dense (radius 3.0),12,1.25,1.0,1.0,True,0.0
dense (radius 3.0),12,1.5,1.0,1.0,True,0.0
dense (radius 3.0),12,2.0,0.9545454545454546,0.9696969696969696,False,0.0
dense (radius 3.0),13,0.0,0.7619047619047619,0.8571428571428571,False,0.0
dense (radius 3.0),13,0.5,0.9523809523809523,0.9523809523809523,False,0.0
dense (radius 3.0),13,0.75,0.9523809523809523,0.9523809523809523,False,0.0
dense (radius 3.0),13,1.0,1.0,1.0,True,0.0
dense (radius 3.0),13,1.25,1.0,1.0,True,0.0
dense (radius 3.0),13,1.5,1.0,1.0,True,0.0
dense (radius 3.0),13,2.0,1.0,1.0,True,0.0
dense (radius 3.0),14,0.0,0.8695652173913043,0.8913043478260869,False,0.0
dense (radius 3.0),14,0.5,1.0,1.0,True,0.0
dense (radius 3.0),14,0.75,1.0,1.0,True,0.0
dense (radius 3.0),14,1.0,1.0,1.0,True,0.0
dense (radius 3.0),14,1.25,1.0,1.0,True,0.0
dense (radius 3.0),14,1.5,1.0,1.0,True,0.0
dense (radius 3.0),14,2.0,0.9130434782608695,0.9130434782608695,False,0.0
dense (radius 3.0),15,0.0,0.8260869565217391,0.8260869565217391,False,0.0
dense (radius 3.0),15,0.5,0.9130434782608695,0.9130434782608695,False,0.0
dense (radius 3.0),15,0.75,1.0,1.0,True,0.0
dense (radius 3.0),15,1.0,1.0,1.0,True,0.0
dense (radius 3.0),15,1.25,1.0,1.0,True,0.0
dense (radius 3.0),15,1.5,0.9565217391304348,0.9565217391304348,False,0.0
dense (radius 3.0),15,2.0,0.9565217391304348,0.9565217391304348,False,0.0
dense (radius 3.0),16,0.0,0.7727272727272727,0.8772727272727273,False,0.0
dense (radius 3.0),16,0.5,0.9545454545454546,0.9727272727272727,False,0.0
dense (radius 3.0),16,0.75,1.0,1.0,True,0.0
dense (radius 3.0),16,1.0,1.0,1.0,True,0.0
dense (radius 3.0),16,1.25,1.0,1.0,True,0.0
dense (radius 3.0),16,1.5,1.0,1.0,True,0.0
dense (radius 3.0),16,2.0,1.0,1.0,True,0.0
dense (radius 3.0),17,0.0,0.782608695652174,0.8043478260869565,False,0.08695652173913043
dense (radius 3.0),17,0.5,1.0,1.0,True,0.08695652173913043
dense (radius 3.0),17,0.75,1.0,1.0,True,0.08695652173913043
dense (radius 3.0),17,1.0,0.9565217391304348,0.9565217391304348,False,0.08695652173913043
dense (radius 3.0),17,1.25,0.9565217391304348,0.9565217391304348,False,0.08695652173913043
dense (radius 3.0),17,1.5,0.9565217391304348,0.9565217391304348,False,0.08695652173913043
dense (radius 3.0),17,2.0,0.8695652173913043,0.9130434782608695,False,0.08695652173913043
dense (radius 3.0),18,0.0,0.47619047619047616,0.5119047619047619,False,0.09523809523809523
dense (radius 3.0),18,0.5,0.8571428571428571,0.8571428571428571,False,0.09523809523809523
dense (radius 3.0),18,0.75,1.0,1.0,True,0.09523809523809523
dense (radius 3.0),18,1.0,1.0,1.0,True,0.09523809523809523
dense (radius 3.0),18,1.25,1.0,1.0,True,0.09523809523809523
dense (radius 3.0),18,1.5,1.0,1.0,True,0.09523809523809523
dense (radius 3.0),18,2.0,0.9523809523809523,0.9761904761904762,False,0.09523809523809523
dense (radius 3.0),19,0.0,0.8333333333333334,0.8333333333333334,False,0.0
dense (radius 3.0),19,0.5,0.875,0.9166666666666666,False,0.0
dense (radius 3.0),19,0.75,0.9583333333333334,0.9791666666666666,False,0.0
dense (radius 3.0),19,1.0,1.0,1.0,True,0.0
dense (radius 3.0),19,1.25,1.0,1.0,True,0.0
dense (radius 3.0),19,1.5,1.0,1.0,True,0.0
dense (radius 3.0),19,2.0,1.0,1.0,True,0.0
dense (radius 3.0),20,0.0,0.5217391304347826,0.6521739130434783,False,0.0
dense (radius 3.0),20,0.5,0.9565217391304348,0.9565217391304348,False,0.0
dense (radius 3.0),20,0.75,1.0,1.0,True,0.0
dense (radius 3.0),20,1.0,1.0,1.0,True,0.0
dense (radius 3.0),20,1.25,1.0,1.0,True,0.0
dense (radius 3.0),20,1.5,1.0,1.0,True,0.0
dense (radius 3.0),20,2.0,1.0,1.0,True,0.0
dense (radius 3.0),21,0.0,0.5714285714285714,0.6666666666666666,False,0.0
dense (radius 3.0),21,0.5,0.9047619047619048,0.9047619047619048,False,0.0
dense (radius 3.0),21,0.75,1.0,1.0,True,0.0
dense (radius 3.0),21,1.0,1.0,1.0,True,0.0
dense (radius 3.0),21,1.25,1.0,1.0,True,0.0
dense (radius 3.0),21,1.5,1.0,1.0,True,0.0
dense (radius 3.0),21,2.0,1.0,1.0,True,0.0
dense (radius 3.0),22,0.0,0.625,0.7083333333333334,False,0.0
dense (radius 3.0),22,0.5,0.875,0.921875,False,0.0
dense (radius 3.0),22,0.75,0.9375,0.9375,False,0.0
dense (radius 3.0),22,1.0,1.0,1.0,True,0.0
dense (radius 3.0),22,1.25,1.0,1.0,True,0.0
dense (radius 3.0),22,1.5,1.0,1.0,True,0.0
dense (radius 3.0),22,2.0,1.0,1.0,True,0.0
dense (radius 3.0),23,0.0,0.8095238095238095,0.8095238095238095,False,0.0
dense (radius 3.0),23,0.5,1.0,1.0,True,0.0
dense (radius 3.0),23,0.75,1.0,1.0,True,0.0
dense (radius 3.0),23,1.0,1.0,1.0,True,0.0
dense (radius 3.0),23,1.25,1.0,1.0,True,0.0
dense (radius 3.0),23,1.5,1.0,1.0,True,0.0
dense (radius 3.0),23,2.0,1.0,1.0,True,0.0
dense (radius 3.0),24,0.0,0.8421052631578947,0.8421052631578947,False,0.05263157894736842
dense (radius 3.0),24,0.5,0.8421052631578947,0.9210526315789473,False,0.05263157894736842
dense (radius 3.0),24,0.75,1.0,1.0,True,0.05263157894736842
dense (radius 3.0),24,1.0,1.0,1.0,True,0.05263157894736842
dense (radius 3.0),24,1.25,1.0,1.0,True,0.05263157894736842
dense (radius 3.0),24,1.5,1.0,1.0,True,0.05263157894736842
dense (radius 3.0),24,2.0,0.9473684210526315,0.9824561403508772,False,0.05263157894736842
dense (radius 3.0),25,0.0,0.6,0.6333333333333333,False,0.0
dense (radius 3.0),25,0.5,0.85,0.85,False,0.0
dense (radius 3.0),25,0.75,1.0,1.0,True,0.0
dense (radius 3.0),25,1.0,1.0,1.0,True,0.0
dense (radius 3.0),25,1.25,1.0,1.0,True,0.0
dense (radius 3.0),25,1.5,1.0,1.0,True,0.0
dense (radius 3.0),25,2.0,1.0,1.0,True,0.0
dense (radius 3.0),26,0.0,0.7894736842105263,0.8157894736842105,False,0.0
dense (radius 3.0),26,0.5,0.9473684210526315,0.9473684210526315,False,0.0
dense (radius 3.0),26,0.75,0.9473684210526315,0.9473684210526315,False,0.0
dense (radius 3.0),26,1.0,1.0,1.0,True,0.0
dense (radius 3.0),26,1.25,1.0,1.0,True,0.0
dense (radius 3.0),26,1.5,1.0,1.0,True,0.0
dense (radius 3.0),26,2.0,1.0,1.0,True,0.0
dense (radius 3.0),27,0.0,0.6666666666666666,0.7428571428571429,False,0.0
dense (radius 3.0),27,0.5,0.8571428571428571,0.9142857142857143,False,0.0
dense (radius 3.0),27,0.75,1.0,1.0,True,0.0
dense (radius 3.0),27,1.0,1.0,1.0,True,0.0
dense (radius 3.0),27,1.25,1.0,1.0,True,0.0
dense (radius 3.0),27,1.5,1.0,1.0,True,0.0
dense (radius 3.0),27,2.0,1.0,1.0,True,0.0
dense (radius 3.0),28,0.0,0.6521739130434783,0.6521739130434783,False,0.0
dense (radius 3.0),28,0.5,0.8695652173913043,0.9275362318840579,False,0.0
dense (radius 3.0),28,0.75,1.0,1.0,True,0.0
dense (radius 3.0),28,1.0,1.0,1.0,True,0.0
dense (radius 3.0),28,1.25,1.0,1.0,True,0.0
dense (radius 3.0),28,1.5,1.0,1.0,True,0.0
dense (radius 3.0),28,2.0,1.0,1.0,True,0.0
dense (radius 3.0),29,0.0,0.8,0.8333333333333334,False,0.0
dense (radius 3.0),29,0.5,1.0,1.0,True,0.0
dense (radius 3.0),29,0.75,1.0,1.0,True,0.0
dense (radius 3.0),29,1.0,1.0,1.0,True,0.0
dense (radius 3.0),29,1.25,1.0,1.0,True,0.0
dense (radius 3.0),29,1.5,1.0,1.0,True,0.0
dense (radius 3.0),29,2.0,1.0,1.0,True,0.0
dense (radius 3.0),30,0.0,0.8181818181818182,0.8409090909090909,False,0.0
dense (radius 3.0),30,0.5,0.9545454545454546,0.9545454545454546,False,0.0
dense (radius 3.0),30,0.75,0.9545454545454546,0.9545454545454546,False,0.0
dense (radius 3.0),30,1.0,1.0,1.0,True,0.0
dense (radius 3.0),30,1.25,1.0,1.0,True,0.0
dense (radius 3.0),30,1.5,1.0,1.0,True,0.0
dense (radius 3.0),30,2.0,0.9545454545454546,0.9772727272727273,False,0.0
dense (radius 3.0),31,0.0,0.6818181818181818,0.8030303030303031,False,0.0
dense (radius 3.0),31,0.5,1.0,1.0,True,0.0
dense (radius 3.0),31,0.75,1.0,1.0,True,0.0
dense (radius 3.0),31,1.0,1.0,1.0,True,0.0
dense (radius 3.0),31,1.25,1.0,1.0,True,0.0
dense (radius 3.0),31,1.5,1.0,1.0,True,0.0
dense (radius 3.0),31,2.0,0.9545454545454546,0.9848484848484849,False,0.0
dense (radius 3.0),32,0.0,0.6363636363636364,0.6363636363636364,False,0.0
dense (radius 3.0),32,0.5,0.8636363636363636,0.9454545454545454,False,0.0
dense (radius 3.0),32,0.75,1.0,1.0,True,0.0
dense (radius 3.0),32,1.0,1.0,1.0,True,0.0
dense (radius 3.0),32,1.25,1.0,1.0,True,0.0
dense (radius 3.0),32,1.5,1.0,1.0,True,0.0
dense (radius 3.0),32,2.0,1.0,1.0,True,0.0
dense (radius 3.0),33,0.0,0.6111111111111112,0.8333333333333334,False,0.0
dense (radius 3.0),33,0.5,0.9444444444444444,0.9814814814814815,False,0.0
dense (radius 3.0),33,0.75,1.0,1.0,True,0.0
dense (radius 3.0),33,1.0,1.0,1.0,True,0.0
dense (radius 3.0),33,1.25,1.0,1.0,True,0.0
dense (radius 3.0),33,1.5,0.8888888888888888,0.8888888888888888,False,0.0
dense (radius 3.0),33,2.0,0.8888888888888888,0.8888888888888888,False,0.0
dense (radius 3.0),34,0.0,0.92,0.92,False,0.0
dense (radius 3.0),34,0.5,1.0,1.0,True,0.0
dense (radius 3.0),34,0.75,1.0,1.0,True,0.0
dense (radius 3.0),34,1.0,1.0,1.0,True,0.0
dense (radius 3.0),34,1.25,1.0,1.0,True,0.0
dense (radius 3.0),34,1.5,1.0,1.0,True,0.0
dense (radius 3.0),34,2.0,0.92,0.92,False,0.0
dense (radius 3.0),35,0.0,0.6521739130434783,0.6521739130434783,False,0.0
dense (radius 3.0),35,0.5,0.9565217391304348,0.9565217391304348,False,0.0
dense (radius 3.0),35,0.75,1.0,1.0,True,0.0
dense (radius 3.0),35,1.0,1.0,1.0,True,0.0
dense (radius 3.0),35,1.25,1.0,1.0,True,0.0
dense (radius 3.0),35,1.5,1.0,1.0,True,0.0
dense (radius 3.0),35,2.0,0.9565217391304348,0.9710144927536232,False,0.0
dense (radius 3.0),36,0.0,0.6521739130434783,0.717391304347826,False,0.0
dense (radius 3.0),36,0.5,0.9130434782608695,0.9347826086956522,False,0.0
dense (radius 3.0),36,0.75,0.9565217391304348,0.9565217391304348,False,0.0
dense (radius 3.0),36,1.0,1.0,1.0,True,0.0
dense (radius 3.0),36,1.25,1.0,1.0,True,0.0
dense (radius 3.0),36,1.5,1.0,1.0,True,0.0
dense (radius 3.0),36,2.0,0.9130434782608695,0.9565217391304348,False,0.0
dense (radius 3.0),37,0.0,0.72,0.72,False,0.0
dense (radius 3.0),37,0.5,0.8,0.8,False,0.0
dense (radius 3.0),37,0.75,1.0,1.0,True,0.0
dense (radius 3.0),37,1.0,1.0,1.0,True,0.0
dense (radius 3.0),37,1.25,1.0,1.0,True,0.0
dense (radius 3.0),37,1.5,1.0,1.0,True,0.0
dense (radius 3.0),37,2.0,1.0,1.0,True,0.0
dense (radius 3.0),38,0.0,0.6363636363636364,0.7424242424242423,False,0.045454545454545456
dense (radius 3.0),38,0.5,0.9090909090909091,0.9545454545454546,False,0.045454545454545456
dense (radius 3.0),38,0.75,1.0,1.0,True,0.045454545454545456
dense (radius 3.0),38,1.0,1.0,1.0,True,0.045454545454545456
dense (radius 3.0),38,1.25,1.0,1.0,True,0.045454545454545456
dense (radius 3.0),38,1.5,1.0,1.0,True,0.045454545454545456
dense (radius 3.0),38,2.0,0.9545454545454546,0.9772727272727273,False,0.045454545454545456
dense (radius 3.0),39,0.0,0.8095238095238095,0.8095238095238095,False,0.0
dense (radius 3.0),39,0.5,0.9047619047619048,0.9047619047619048,False,0.0
dense (radius 3.0),39,0.75,1.0,1.0,True,0.0
dense (radius 3.0),39,1.0,1.0,1.0,True,0.0
dense (radius 3.0),39,1.25,1.0,1.0,True,0.0
dense (radius 3.0),39,1.5,1.0,1.0,True,0.0
dense (radius 3.0),39,2.0,1.0,1.0,True,0.0
dense (radius 3.0),40,0.0,0.5454545454545454,0.6363636363636364,False,0.0
dense (radius 3.0),40,0.5,0.9090909090909091,0.9545454545454546,False,0.0
dense (radius 3.0),40,0.75,1.0,1.0,True,0.0
dense (radius 3.0),40,1.0,1.0,1.0,True,0.0
dense (radius 3.0),40,1.25,1.0,1.0,True,0.0
dense (radius 3.0),40,1.5,1.0,1.0,True,0.0
dense (radius 3.0),40,2.0,1.0,1.0,True,0.0
dense (radius 3.0),41,0.0,0.782608695652174,0.782608695652174,False,0.0
dense (radius 3.0),41,0.5,1.0,1.0,True,0.0
dense (radius 3.0),41,0.75,1.0,1.0,True,0.0
dense (radius 3.0),41,1.0,1.0,1.0,True,0.0
dense (radius 3.0),41,1.25,1.0,1.0,True,0.0
dense (radius 3.0),41,1.5,1.0,1.0,True,0.0
dense (radius 3.0),41,2.0,1.0,1.0,True,0.0
dense (radius 3.0),42,0.0,0.631578947368421,0.7368421052631579,False,0.0
dense (radius 3.0),42,0.5,1.0,1.0,True,0.0
dense (radius 3.0),42,0.75,1.0,1.0,True,0.0
dense (radius 3.0),42,1.0,1.0,1.0,True,0.0
dense (radius 3.0),42,1.25,1.0,1.0,True,0.0
dense (radius 3.0),42,1.5,1.0,1.0,True,0.0
dense (radius 3.0),42,2.0,1.0,1.0,True,0.0
dense (radius 3.0),43,0.0,0.55,0.65,False,0.0
dense (radius 3.0),43,0.5,0.95,0.95,False,0.0
dense (radius 3.0),43,0.75,0.95,0.95,False,0.0
dense (radius 3.0),43,1.0,1.0,1.0,True,0.0
dense (radius 3.0),43,1.25,1.0,1.0,True,0.0
dense (radius 3.0),43,1.5,1.0,1.0,True,0.0
dense (radius 3.0),43,2.0,1.0,1.0,True,0.0
dense (radius 3.0),44,0.0,0.9,0.9,False,0.0
dense (radius 3.0),44,0.5,0.9,0.9,False,0.0
dense (radius 3.0),44,0.75,1.0,1.0,True,0.0
dense (radius 3.0),44,1.0,1.0,1.0,True,0.0
dense (radius 3.0),44,1.25,1.0,1.0,True,0.0
dense (radius 3.0),44,1.5,1.0,1.0,True,0.0
dense (radius 3.0),44,2.0,1.0,1.0,True,0.0
dense (radius 3.0),45,0.0,0.8571428571428571,0.8571428571428571,False,0.0
dense (radius 3.0),45,0.5,0.9047619047619048,0.9285714285714286,False,0.0
dense (radius 3.0),45,0.75,1.0,1.0,True,0.0
dense (radius 3.0),45,1.0,1.0,1.0,True,0.0
dense (radius 3.0),45,1.25,1.0,1.0,True,0.0
dense (radius 3.0),45,1.5,1.0,1.0,True,0.0
dense (radius 3.0),45,2.0,1.0,1.0,True,0.0
dense (radius 3.0),46,0.0,0.782608695652174,0.782608695652174,False,0.0
dense (radius 3.0),46,0.5,1.0,1.0,True,0.0
dense (radius 3.0),46,0.75,1.0,1.0,True,0.0
dense (radius 3.0),46,1.0,1.0,1.0,True,0.0
dense (radius 3.0),46,1.25,1.0,1.0,True,0.0
dense (radius 3.0),46,1.5,1.0,1.0,True,0.0
dense (radius 3.0),46,2.0,0.8695652173913043,0.8869565217391304,False,0.0
dense (radius 3.0),47,0.0,0.7391304347826086,0.7391304347826086,False,0.0
dense (radius 3.0),47,0.5,0.8695652173913043,0.8695652173913043,False,0.0
dense (radius 3.0),47,0.75,1.0,1.0,True,0.0
dense (radius 3.0),47,1.0,1.0,1.0,True,0.0
dense (radius 3.0),47,1.25,1.0,1.0,True,0.0
dense (radius 3.0),47,1.5,1.0,1.0,True,0.0
dense (radius 3.0),47,2.0,1.0,1.0,True,0.0
dense (radius 3.0),48,0.0,0.8181818181818182,0.8181818181818182,False,0.0
dense (radius 3.0),48,0.5,0.9090909090909091,0.9090909090909091,False,0.0
dense (radius 3.0),48,0.75,1.0,1.0,True,0.0
dense (radius 3.0),48,1.0,1.0,1.0,True,0.0
dense (radius 3.0),48,1.25,1.0,1.0,True,0.0
dense (radius 3.0),48,1.5,1.0,1.0,True,0.0
dense (radius 3.0),48,2.0,0.9545454545454546,0.9772727272727273,False,0.0
dense (radius 3.0),49,0.0,0.6666666666666666,0.8253968253968254,False,0.0
dense (radius 3.0),49,0.5,0.9523809523809523,0.9523809523809523,False,0.0
dense (radius 3.0),49,0.75,1.0,1.0,True,0.0
dense (radius 3.0),49,1.0,1.0,1.0,True,0.0
dense (radius 3.0),49,1.25,1.0,1.0,True,0.0
dense (radius 3.0),49,1.5,0.9047619047619048,0.9591836734693877,False,0.0
dense (radius 3.0),49,2.0,0.9047619047619048,0.9047619047619048,False,0.0
dense (radius 3.0),50,0.0,0.7727272727272727,0.8409090909090909,False,0.0
dense (radius 3.0),50,0.5,0.9545454545454546,0.9545454545454546,False,0.0
dense (radius 3.0),50,0.75,0.9545454545454546,0.9772727272727273,False,0.0
dense (radius 3.0),50,1.0,1.0,1.0,True,0.0
dense (radius 3.0),50,1.25,1.0,1.0,True,0.0
dense (radius 3.0),50,1.5,0.9545454545454546,0.9545454545454546,False,0.0
dense (radius 3.0),50,2.0,0.9545454545454546,0.9545454545454546,False,0.0
dense (radius 3.0),51,0.0,0.8571428571428571,0.9047619047619048,False,0.0
dense (radius 3.0),51,0.5,0.9523809523809523,0.9523809523809523,False,0.0
dense (radius 3.0),51,0.75,1.0,1.0,True,0.0
dense (radius 3.0),51,1.0,1.0,1.0,True,0.0
dense (radius 3.0),51,1.25,1.0,1.0,True,0.0
dense (radius 3.0),51,1.5,1.0,1.0,True,0.0
dense (radius 3.0),51,2.0,1.0,1.0,True,0.0
dense (radius 3.0),52,0.0,0.84,0.84,False,0.0
dense (radius 3.0),52,0.5,0.92,0.9466666666666668,False,0.0
dense (radius 3.0),52,0.75,1.0,1.0,True,0.0
dense (radius 3.0),52,1.0,1.0,1.0,True,0.0
dense (radius 3.0),52,1.25,1.0,1.0,True,0.0
dense (radius 3.0),52,1.5,1.0,1.0,True,0.0
dense (radius 3.0),52,2.0,0.96,0.9866666666666667,False,0.0
dense (radius 3.0),53,0.0,0.9,0.9,False,0.0
dense (radius 3.0),53,0.5,0.95,0.9625,False,0.0
dense (radius 3.0),53,0.75,1.0,1.0,True,0.0
dense (radius 3.0),53,1.0,1.0,1.0,True,0.0
dense (radius 3.0),53,1.25,1.0,1.0,True,0.0
dense (radius 3.0),53,1.5,1.0,1.0,True,0.0
dense (radius 3.0),53,2.0,1.0,1.0,True,0.0
dense (radius 3.0),54,0.0,0.8636363636363636,0.8636363636363636,False,0.0
dense (radius 3.0),54,0.5,0.9545454545454546,0.9545454545454546,False,0.0
dense (radius 3.0),54,0.75,0.9545454545454546,0.9848484848484849,False,0.0
dense (radius 3.0),54,1.0,1.0,1.0,True,0.0
dense (radius 3.0),54,1.25,1.0,1.0,True,0.0
dense (radius 3.0),54,1.5,1.0,1.0,True,0.0
dense (radius 3.0),54,2.0,1.0,1.0,True,0.0
dense (radius 3.0),55,0.0,0.8695652173913043,0.8695652173913043,False,0.0
dense (radius 3.0),55,0.5,0.8695652173913043,0.8695652173913043,False,0.0
dense (radius 3.0),55,0.75,0.9565217391304348,0.9855072463768116,False,0.0
dense (radius 3.0),55,1.0,1.0,1.0,True,0.0
dense (radius 3.0),55,1.25,1.0,1.0,True,0.0
dense (radius 3.0),55,1.5,1.0,1.0,True,0.0
dense (radius 3.0),55,2.0,1.0,1.0,True,0.0
dense (radius 3.0),56,0.0,0.8181818181818182,0.8787878787878788,False,0.0
dense (radius 3.0),56,0.5,1.0,1.0,True,0.0
dense (radius 3.0),56,0.75,1.0,1.0,True,0.0
dense (radius 3.0),56,1.0,1.0,1.0,True,0.0
dense (radius 3.0),56,1.25,1.0,1.0,True,0.0
dense (radius 3.0),56,1.5,1.0,1.0,True,0.0
dense (radius 3.0),56,2.0,1.0,1.0,True,0.0
dense (radius 3.0),57,0.0,0.8695652173913043,0.8695652173913043,False,0.0
dense (radius 3.0),57,0.5,0.9130434782608695,0.9275362318840579,False,0.0
dense (radius 3.0),57,0.75,0.9565217391304348,0.9782608695652174,False,0.0
dense (radius 3.0),57,1.0,1.0,1.0,True,0.0
dense (radius 3.0),57,1.25,1.0,1.0,True,0.0
dense (radius 3.0),57,1.5,1.0,1.0,True,0.0
dense (radius 3.0),57,2.0,1.0,1.0,True,0.0
dense (radius 3.0),58,0.0,0.9090909090909091,0.9545454545454546,False,0.0
dense (radius 3.0),58,0.5,1.0,1.0,True,0.0
dense (radius 3.0),58,0.75,1.0,1.0,True,0.0
dense (radius 3.0),58,1.0,1.0,1.0,True,0.0
dense (radius 3.0),58,1.25,1.0,1.0,True,0.0
dense (radius 3.0),58,1.5,1.0,1.0,True,0.0
dense (radius 3.0),58,2.0,1.0,1.0,True,0.0
dense (radius 3.0),59,0.0,0.7916666666666666,0.7916666666666666,False,0.0
dense (radius 3.0),59,0.5,0.875,0.9305555555555555,False,0.0
dense (radius 3.0),59,0.75,0.9583333333333334,0.9583333333333334,False,0.0
dense (radius 3.0),59,1.0,1.0,1.0,True,0.0
dense (radius 3.0),59,1.25,1.0,1.0,True,0.0
dense (radius 3.0),59,1.5,0.9583333333333334,0.9895833333333334,False,0.0
dense (radius 3.0),59,2.0,0.9583333333333334,0.9583333333333334,False,0.0
dense (radius 3.0),60,0.0,0.6,0.6,False,0.0
dense (radius 3.0),60,0.5,1.0,1.0,True,0.0
dense (radius 3.0),60,0.75,1.0,1.0,True,0.0
dense (radius 3.0),60,1.0,1.0,1.0,True,0.0
dense (radius 3.0),60,1.25,1.0,1.0,True,0.0
dense (radius 3.0),60,1.5,0.95,0.975,False,0.0
dense (radius 3.0),60,2.0,0.95,0.95,False,0.0
dense (radius 3.0),61,0.0,0.8260869565217391,0.8260869565217391,False,0.0
dense (radius 3.0),61,0.5,0.9130434782608695,0.9130434782608695,False,0.0
dense (radius 3.0),61,0.75,0.9130434782608695,0.9565217391304348,False,0.0
dense (radius 3.0),61,1.0,1.0,1.0,True,0.0
dense (radius 3.0),61,1.25,1.0,1.0,True,0.0
dense (radius 3.0),61,1.5,1.0,1.0,True,0.0
dense (radius 3.0),61,2.0,1.0,1.0,True,0.0
dense (radius 3.0),62,0.0,0.75,0.7666666666666667,False,0.0
dense (radius 3.0),62,0.5,0.95,0.95,False,0.0
dense (radius 3.0),62,0.75,1.0,1.0,True,0.0
dense (radius 3.0),62,1.0,1.0,1.0,True,0.0
dense (radius 3.0),62,1.25,1.0,1.0,True,0.0
dense (radius 3.0),62,1.5,1.0,1.0,True,0.0
dense (radius 3.0),62,2.0,0.9,0.95,False,0.0
dense (radius 3.0),63,0.0,0.5238095238095238,0.5238095238095238,False,0.0
dense (radius 3.0),63,0.5,0.9523809523809523,0.9523809523809523,False,0.0
dense (radius 3.0),63,0.75,0.9523809523809523,0.9761904761904762,False,0.0
dense (radius 3.0),63,1.0,1.0,1.0,True,0.0
dense (radius 3.0),63,1.25,1.0,1.0,True,0.0
dense (radius 3.0),63,1.5,1.0,1.0,True,0.0
dense (radius 3.0),63,2.0,1.0,1.0,True,0.0
dense (radius 3.0),64,0.0,0.782608695652174,0.782608695652174,False,0.0
dense (radius 3.0),64,0.5,0.8695652173913043,0.8695652173913043,False,0.0
dense (radius 3.0),64,0.75,1.0,1.0,True,0.0
dense (radius 3.0),64,1.0,1.0,1.0,True,0.0
dense (radius 3.0),64,1.25,1.0,1.0,True,0.0
dense (radius 3.0),64,1.5,1.0,1.0,True,0.0
dense (radius 3.0),64,2.0,0.9565217391304348,0.9782608695652174,False,0.0
dense (radius 3.0),65,0.0,0.6086956521739131,0.6086956521739131,False,0.0
dense (radius 3.0),65,0.5,0.9130434782608695,0.9130434782608695,False,0.0
dense (radius 3.0),65,0.75,1.0,1.0,True,0.0
dense (radius 3.0),65,1.0,1.0,1.0,True,0.0
dense (radius 3.0),65,1.25,1.0,1.0,True,0.0
dense (radius 3.0),65,1.5,1.0,1.0,True,0.0
dense (radius 3.0),65,2.0,1.0,1.0,True,0.0
dense (radius 3.0),66,0.0,0.5909090909090909,0.5909090909090909,False,0.0
dense (radius 3.0),66,0.5,0.9545454545454546,0.9772727272727273,False,0.0
dense (radius 3.0),66,0.75,1.0,1.0,True,0.0
dense (radius 3.0),66,1.0,1.0,1.0,True,0.0
dense (radius 3.0),66,1.25,0.9545454545454546,0.9772727272727273,False,0.0
dense (radius 3.0),66,1.5,0.9545454545454546,0.9545454545454546,False,0.0
dense (radius 3.0),66,2.0,0.9545454545454546,0.9545454545454546,False,0.0
dense (radius 3.0),67,0.0,0.7391304347826086,0.7391304347826086,False,0.0
dense (radius 3.0),67,0.5,0.9565217391304348,0.9565217391304348,False,0.0
dense (radius 3.0),67,0.75,0.9565217391304348,0.9782608695652174,False,0.0
dense (radius 3.0),67,1.0,1.0,1.0,True,0.0
dense (radius 3.0),67,1.25,1.0,1.0,True,0.0
dense (radius 3.0),67,1.5,1.0,1.0,True,0.0
dense (radius 3.0),67,2.0,1.0,1.0,True,0.0
dense (radius 3.0),68,0.0,0.9047619047619048,0.9047619047619048,False,0.0
dense (radius 3.0),68,0.5,0.9047619047619048,0.9047619047619048,False,0.0
dense (radius 3.0),68,0.75,0.9047619047619048,0.9047619047619048,False,0.0
dense (radius 3.0),68,1.0,1.0,1.0,True,0.0
dense (radius 3.0),68,1.25,1.0,1.0,True,0.0
dense (radius 3.0),68,1.5,0.9523809523809523,0.9761904761904762,False,0.0
dense (radius 3.0),68,2.0,0.9523809523809523,0.9523809523809523,False,0.0
dense (radius 3.0),69,0.0,0.6666666666666666,0.6666666666666666,False,0.0
dense (radius 3.0),69,0.5,0.8571428571428571,0.8952380952380953,False,0.0
dense (radius 3.0),69,0.75,1.0,1.0,True,0.0
dense (radius 3.0),69,1.0,1.0,1.0,True,0.0
dense (radius 3.0),69,1.25,1.0,1.0,True,0.0
dense (radius 3.0),69,1.5,1.0,1.0,True,0.0
dense (radius 3.0),69,2.0,1.0,1.0,True,0.0
dense (radius 3.0),70,0.0,0.6956521739130435,0.8115942028985508,False,0.08695652173913043
dense (radius 3.0),70,0.5,0.9565217391304348,0.9782608695652174,False,0.08695652173913043
dense (radius 3.0),70,0.75,1.0,1.0,True,0.08695652173913043
dense (radius 3.0),70,1.0,1.0,1.0,True,0.08695652173913043
dense (radius 3.0),70,1.25,1.0,1.0,True,0.08695652173913043
dense (radius 3.0),70,1.5,1.0,1.0,True,0.08695652173913043
dense (radius 3.0),70,2.0,0.8695652173913043,0.8695652173913043,False,0.08695652173913043
dense (radius 3.0),71,0.0,0.6818181818181818,0.712121212121212,False,0.0
dense (radius 3.0),71,0.5,1.0,1.0,True,0.0
dense (radius 3.0),71,0.75,1.0,1.0,True,0.0
dense (radius 3.0),71,1.0,1.0,1.0,True,0.0
dense (radius 3.0),71,1.25,1.0,1.0,True,0.0
dense (radius 3.0),71,1.5,0.9545454545454546,0.9696969696969696,False,0.0
dense (radius 3.0),71,2.0,0.9090909090909091,0.9393939393939394,False,0.0
dense (radius 3.0),72,0.0,0.7727272727272727,0.7727272727272727,False,0.0
dense (radius 3.0),72,0.5,0.9545454545454546,0.9545454545454546,False,0.0
dense (radius 3.0),72,0.75,1.0,1.0,True,0.0
dense (radius 3.0),72,1.0,1.0,1.0,True,0.0
dense (radius 3.0),72,1.25,1.0,1.0,True,0.0
dense (radius 3.0),72,1.5,1.0,1.0,True,0.0
dense (radius 3.0),72,2.0,0.9545454545454546,0.9772727272727273,False,0.0
dense (radius 3.0),73,0.0,0.625,0.625,False,0.0
dense (radius 3.0),73,0.5,0.9375,0.9375,False,0.0
dense (radius 3.0),73,0.75,1.0,1.0,True,0.0
dense (radius 3.0),73,1.0,1.0,1.0,True,0.0
dense (radius 3.0),73,1.25,1.0,1.0,True,0.0
dense (radius 3.0),73,1.5,1.0,1.0,True,0.0
dense (radius 3.0),73,2.0,0.9375,0.9625,False,0.0
dense (radius 3.0),74,0.0,0.7727272727272727,0.7727272727272727,False,0.0
dense (radius 3.0),74,0.5,0.9090909090909091,0.9090909090909091,False,0.0
dense (radius 3.0),74,0.75,1.0,1.0,True,0.0
dense (radius 3.0),74,1.0,1.0,1.0,True,0.0
dense (radius 3.0),74,1.25,1.0,1.0,True,0.0
dense (radius 3.0),74,1.5,1.0,1.0,True,0.0
dense (radius 3.0),74,2.0,0.8636363636363636,0.8636363636363636,False,0.0
dense (radius 3.0),75,0.0,0.5555555555555556,0.5555555555555556,False,0.0
dense (radius 3.0),75,0.5,0.9444444444444444,0.9722222222222222,False,0.0
dense (radius 3.0),75,0.75,1.0,1.0,True,0.0
dense (radius 3.0),75,1.0,1.0,1.0,True,0.0
dense (radius 3.0),75,1.25,1.0,1.0,True,0.0
dense (radius 3.0),75,1.5,1.0,1.0,True,0.0
dense (radius 3.0),75,2.0,0.8888888888888888,0.9444444444444444,False,0.0
dense (radius 3.0),76,0.0,0.6818181818181818,0.696969696969697,False,0.0
dense (radius 3.0),76,0.5,0.9090909090909091,0.9090909090909091,False,0.0
dense (radius 3.0),76,0.75,1.0,1.0,True,0.0
dense (radius 3.0),76,1.0,1.0,1.0,True,0.0
dense (radius 3.0),76,1.25,1.0,1.0,True,0.0
dense (radius 3.0),76,1.5,1.0,1.0,True,0.0
dense (radius 3.0),76,2.0,1.0,1.0,True,0.0
dense (radius 3.0),77,0.0,0.7619047619047619,0.8690476190476191,False,0.0
dense (radius 3.0),77,0.5,1.0,1.0,True,0.0
dense (radius 3.0),77,0.75,1.0,1.0,True,0.0
dense (radius 3.0),77,1.0,1.0,1.0,True,0.0
dense (radius 3.0),77,1.25,1.0,1.0,True,0.0
dense (radius 3.0),77,1.5,1.0,1.0,True,0.0
dense (radius 3.0),77,2.0,1.0,1.0,True,0.0
dense (radius 3.0),78,0.0,0.6111111111111112,0.7777777777777778,False,0.0
dense (radius 3.0),78,0.5,1.0,1.0,True,0.0
dense (radius 3.0),78,0.75,1.0,1.0,True,0.0
dense (radius 3.0),78,1.0,1.0,1.0,True,0.0
dense (radius 3.0),78,1.25,1.0,1.0,True,0.0
dense (radius 3.0),78,1.5,0.9444444444444444,0.9777777777777779,False,0.0
dense (radius 3.0),78,2.0,0.8888888888888888,0.9166666666666666,False,0.0
dense (radius 3.0),79,0.0,0.7619047619047619,0.7619047619047619,False,0.0
dense (radius 3.0),79,0.5,0.9047619047619048,0.9047619047619048,False,0.0
dense (radius 3.0),79,0.75,1.0,1.0,True,0.0
dense (radius 3.0),79,1.0,1.0,1.0,True,0.0
dense (radius 3.0),79,1.25,1.0,1.0,True,0.0
dense (radius 3.0),79,1.5,1.0,1.0,True,0.0
dense (radius 3.0),79,2.0,0.8571428571428571,0.8571428571428571,False,0.0
dense (radius 3.0),80,0.0,0.75,0.75,False,0.0
dense (radius 3.0),80,0.5,0.95,0.95,False,0.0
dense (radius 3.0),80,0.75,0.95,0.9875,False,0.0
dense (radius 3.0),80,1.0,1.0,1.0,True,0.0
dense (radius 3.0),80,1.25,1.0,1.0,True,0.0
dense (radius 3.0),80,1.5,1.0,1.0,True,0.0
dense (radius 3.0),80,2.0,1.0,1.0,True,0.0
dense (radius 3.0),81,0.0,0.64,0.75,False,0.0
dense (radius 3.0),81,0.5,1.0,1.0,True,0.0
dense (radius 3.0),81,0.75,1.0,1.0,True,0.0
dense (radius 3.0),81,1.0,1.0,1.0,True,0.0
dense (radius 3.0),81,1.25,1.0,1.0,True,0.0
dense (radius 3.0),81,1.5,0.96,0.96,False,0.0
dense (radius 3.0),81,2.0,0.96,0.96,False,0.0
dense (radius 3.0),82,0.0,0.8260869565217391,0.8260869565217391,False,0.0
dense (radius 3.0),82,0.5,1.0,1.0,True,0.0
dense (radius 3.0),82,0.75,1.0,1.0,True,0.0
dense (radius 3.0),82,1.0,1.0,1.0,True,0.0
dense (radius 3.0),82,1.25,1.0,1.0,True,0.0
dense (radius 3.0),82,1.5,0.9565217391304348,0.9710144927536232,False,0.0
dense (radius 3.0),82,2.0,0.8695652173913043,0.9096989966555185,False,0.0
dense (radius 3.0),83,0.0,0.7727272727272727,0.7954545454545454,False,0.0
dense (radius 3.0),83,0.5,0.8181818181818182,0.952020202020202,False,0.0
dense (radius 3.0),83,0.75,1.0,1.0,True,0.0
dense (radius 3.0),83,1.0,1.0,1.0,True,0.0
dense (radius 3.0),83,1.25,1.0,1.0,True,0.0
dense (radius 3.0),83,1.5,1.0,1.0,True,0.0
dense (radius 3.0),83,2.0,1.0,1.0,True,0.0
dense (radius 3.0),84,0.0,0.8181818181818182,0.8863636363636364,False,0.0
dense (radius 3.0),84,0.5,0.9090909090909091,0.9696969696969696,False,0.0
dense (radius 3.0),84,0.75,1.0,1.0,True,0.0
dense (radius 3.0),84,1.0,1.0,1.0,True,0.0
dense (radius 3.0),84,1.25,1.0,1.0,True,0.0
dense (radius 3.0),84,1.5,1.0,1.0,True,0.0
dense (radius 3.0),84,2.0,1.0,1.0,True,0.0
dense (radius 3.0),85,0.0,0.7391304347826086,0.8434782608695651,False,0.0
dense (radius 3.0),85,0.5,0.9565217391304348,0.9855072463768116,False,0.0
dense (radius 3.0),85,0.75,1.0,1.0,True,0.0
dense (radius 3.0),85,1.0,1.0,1.0,True,0.0
dense (radius 3.0),85,1.25,1.0,1.0,True,0.0
dense (radius 3.0),85,1.5,0.9565217391304348,0.9710144927536232,False,0.0
dense (radius 3.0),85,2.0,0.9565217391304348,0.9565217391304348,False,0.0
dense (radius 3.0),86,0.0,0.6956521739130435,0.6956521739130435,False,0.0
dense (radius 3.0),86,0.5,1.0,1.0,True,0.0
dense (radius 3.0),86,0.75,1.0,1.0,True,0.0
dense (radius 3.0),86,1.0,1.0,1.0,True,0.0
dense (radius 3.0),86,1.25,0.9565217391304348,0.9565217391304348,False,0.0
dense (radius 3.0),86,1.5,0.9565217391304348,0.9565217391304348,False,0.0
dense (radius 3.0),86,2.0,0.9565217391304348,0.9565217391304348,False,0.0
dense (radius 3.0),87,0.0,0.75,0.7833333333333333,False,0.0
dense (radius 3.0),87,0.5,0.95,0.95,False,0.0
dense (radius 3.0),87,0.75,1.0,1.0,True,0.0
dense (radius 3.0),87,1.0,1.0,1.0,True,0.0
dense (radius 3.0),87,1.25,1.0,1.0,True,0.0
dense (radius 3.0),87,1.5,1.0,1.0,True,0.0
dense (radius 3.0),87,2.0,0.95,0.9833333333333334,False,0.0
dense (radius 3.0),88,0.0,0.9473684210526315,0.9473684210526315,False,0.0
dense (radius 3.0),88,0.5,0.9473684210526315,0.9824561403508772,False,0.0
dense (radius 3.0),88,0.75,1.0,1.0,True,0.0
dense (radius 3.0),88,1.0,1.0,1.0,True,0.0
dense (radius 3.0),88,1.25,1.0,1.0,True,0.0
dense (radius 3.0),88,1.5,1.0,1.0,True,0.0
dense (radius 3.0),88,2.0,1.0,1.0,True,0.0
dense (radius 3.0),89,0.0,0.7391304347826086,0.7391304347826086,False,0.0
dense (radius 3.0),89,0.5,0.8695652173913043,0.8913043478260869,False,0.0
dense (radius 3.0),89,0.75,0.9565217391304348,0.9782608695652174,False,0.0
dense (radius 3.0),89,1.0,1.0,1.0,True,0.0
dense (radius 3.0),89,1.25,1.0,1.0,True,0.0
dense (radius 3.0),89,1.5,1.0,1.0,True,0.0
dense (radius 3.0),89,2.0,1.0,1.0,True,0.0
dense (radius 3.0),90,0.0,0.6666666666666666,0.7847222222222222,False,0.0
dense (radius 3.0),90,0.5,1.0,1.0,True,0.0
dense (radius 3.0),90,0.75,1.0,1.0,True,0.0
dense (radius 3.0),90,1.0,1.0,1.0,True,0.0
dense (radius 3.0),90,1.25,1.0,1.0,True,0.0
dense (radius 3.0),90,1.5,1.0,1.0,True,0.0
dense (radius 3.0),90,2.0,1.0,1.0,True,0.0
dense (radius 3.0),91,0.0,0.7894736842105263,0.7894736842105263,False,0.0
dense (radius 3.0),91,0.5,0.9473684210526315,0.9473684210526315,False,0.0
dense (radius 3.0),91,0.75,0.9473684210526315,0.9473684210526315,False,0.0
dense (radius 3.0),91,1.0,1.0,1.0,True,0.0
dense (radius 3.0),91,1.25,1.0,1.0,True,0.0
dense (radius 3.0),91,1.5,0.9473684210526315,0.9774436090225564,False,0.0
dense (radius 3.0),91,2.0,0.9473684210526315,0.9473684210526315,False,0.0
dense (radius 3.0),92,0.0,0.6875,0.6875,False,0.0
dense (radius 3.0),92,0.5,0.9375,0.9375,False,0.0
dense (radius 3.0),92,0.75,0.9375,0.9625,False,0.0
dense (radius 3.0),92,1.0,1.0,1.0,True,0.0
dense (radius 3.0),92,1.25,1.0,1.0,True,0.0
dense (radius 3.0),92,1.5,1.0,1.0,True,0.0
dense (radius 3.0),92,2.0,1.0,1.0,True,0.0
dense (radius 3.0),93,0.0,0.7727272727272727,0.8863636363636364,False,0.0
dense (radius 3.0),93,0.5,0.9545454545454546,0.9696969696969696,False,0.0
dense (radius 3.0),93,0.75,1.0,1.0,True,0.0
dense (radius 3.0),93,1.0,1.0,1.0,True,0.0
dense (radius 3.0),93,1.25,1.0,1.0,True,0.0
dense (radius 3.0),93,1.5,0.9545454545454546,0.9696969696969696,False,0.0
dense (radius 3.0),93,2.0,0.9545454545454546,0.9545454545454546,False,0.0
dense (radius 3.0),94,0.0,0.85,0.8625,False,0.0
dense (radius 3.0),94,0.5,0.85,0.9333333333333333,False,0.0
dense (radius 3.0),94,0.75,1.0,1.0,True,0.0
dense (radius 3.0),94,1.0,1.0,1.0,True,0.0
dense (radius 3.0),94,1.25,1.0,1.0,True,0.0
dense (radius 3.0),94,1.5,1.0,1.0,True,0.0
dense (radius 3.0),94,2.0,1.0,1.0,True,0.0
dense (radius 3.0),95,0.0,0.8636363636363636,0.8636363636363636,False,0.0
dense (radius 3.0),95,0.5,0.9545454545454546,0.9772727272727273,False,0.0
dense (radius 3.0),95,0.75,1.0,1.0,True,0.0
dense (radius 3.0),95,1.0,1.0,1.0,True,0.0
dense (radius 3.0),95,1.25,1.0,1.0,True,0.0
dense (radius 3.0),95,1.5,1.0,1.0,True,0.0
dense (radius 3.0),95,2.0,1.0,1.0,True,0.0
dense (radius 3.0),96,0.0,0.5,0.6893939393939393,False,0.0
dense (radius 3.0),96,0.5,0.9090909090909091,0.9090909090909091,False,0.0
dense (radius 3.0),96,0.75,1.0,1.0,True,0.0
dense (radius 3.0),96,1.0,1.0,1.0,True,0.0
dense (radius 3.0),96,1.25,1.0,1.0,True,0.0
dense (radius 3.0),96,1.5,0.9545454545454546,0.9740259740259739,False,0.0
dense (radius 3.0),96,2.0,0.9545454545454546,0.9545454545454546,False,0.0
dense (radius 3.0),97,0.0,0.7,0.7375,False,0.0
dense (radius 3.0),97,0.5,0.9,0.9,False,0.0
dense (radius 3.0),97,0.75,1.0,1.0,True,0.0
dense (radius 3.0),97,1.0,1.0,1.0,True,0.0
dense (radius 3.0),97,1.25,1.0,1.0,True,0.0
dense (radius 3.0),97,1.5,1.0,1.0,True,0.0
dense (radius 3.0),97,2.0,1.0,1.0,True,0.0
dense (radius 3.0),98,0.0,0.8571428571428571,0.8571428571428571,False,0.0
dense (radius 3.0),98,0.5,1.0,1.0,True,0.0
dense (radius 3.0),98,0.75,1.0,1.0,True,0.0
dense (radius 3.0),98,1.0,1.0,1.0,True,0.0
dense (radius 3.0),98,1.25,1.0,1.0,True,0.0
dense (radius 3.0),98,1.5,1.0,1.0,True,0.0
dense (radius 3.0),98,2.0,0.9523809523809523,0.9841269841269842,False,0.0
dense (radius 3.0),99,0.0,0.7916666666666666,0.7916666666666666,False,0.0
dense (radius 3.0),99,0.5,0.9583333333333334,0.9583333333333334,False,0.0
dense (radius 3.0),99,0.75,0.9583333333333334,0.9583333333333334,False,0.0
dense (radius 3.0),99,1.0,1.0,1.0,True,0.0
dense (radius 3.0),99,1.25,1.0,1.0,True,0.0
dense (radius 3.0),99,1.5,1.0,1.0,True,0.0
dense (radius 3.0),99,2.0,1.0,1.0,True,0.0
dense (radius 3.0),100,0.0,0.8181818181818182,0.8181818181818182,False,0.0
dense (radius 3.0),100,0.5,1.0,1.0,True,0.0
dense (radius 3.0),100,0.75,1.0,1.0,True,0.0
dense (radius 3.0),100,1.0,1.0,1.0,True,0.0
dense (radius 3.0),100,1.25,1.0,1.0,True,0.0
dense (radius 3.0),100,1.5,1.0,1.0,True,0.0
dense (radius 3.0),100,2.0,1.0,1.0,True,0.0
dense (radius 3.0),101,0.0,0.875,0.9166666666666666,False,0.0
dense (radius 3.0),101,0.5,1.0,1.0,True,0.0
dense (radius 3.0),101,0.75,1.0,1.0,True,0.0
dense (radius 3.0),101,1.0,1.0,1.0,True,0.0
dense (radius 3.0),101,1.25,1.0,1.0,True,0.0
dense (radius 3.0),101,1.5,1.0,1.0,True,0.0
dense (radius 3.0),101,2.0,1.0,1.0,True,0.0
dense (radius 3.0),102,0.0,0.9047619047619048,0.9047619047619048,False,0.047619047619047616
dense (radius 3.0),102,0.5,0.8571428571428571,0.9563492063492063,False,0.047619047619047616
dense (radius 3.0),102,0.75,1.0,1.0,True,0.047619047619047616
dense (radius 3.0),102,1.0,1.0,1.0,True,0.047619047619047616
dense (radius 3.0),102,1.25,1.0,1.0,True,0.047619047619047616
dense (radius 3.0),102,1.5,1.0,1.0,True,0.047619047619047616
dense (radius 3.0),102,2.0,1.0,1.0,True,0.047619047619047616
dense (radius 3.0),103,0.0,0.5238095238095238,0.634920634920635,False,0.0
dense (radius 3.0),103,0.5,0.9523809523809523,0.9523809523809523,False,0.0
dense (radius 3.0),103,0.75,0.9523809523809523,0.9523809523809523,False,0.0
dense (radius 3.0),103,1.0,1.0,1.0,True,0.0
dense (radius 3.0),103,1.25,1.0,1.0,True,0.0
dense (radius 3.0),103,1.5,1.0,1.0,True,0.0
dense (radius 3.0),103,2.0,1.0,1.0,True,0.0
dense (radius 3.0),104,0.0,0.6666666666666666,0.7638888888888888,False,0.0
dense (radius 3.0),104,0.5,0.875,0.875,False,0.0
dense (radius 3.0),104,0.75,1.0,1.0,True,0.0
dense (radius 3.0),104,1.0,1.0,1.0,True,0.0
dense (radius 3.0),104,1.25,1.0,1.0,True,0.0
dense (radius 3.0),104,1.5,1.0,1.0,True,0.0
dense (radius 3.0),104,2.0,0.9583333333333334,0.9861111111111112,False,0.0
dense (radius 3.0),105,0.0,0.6666666666666666,0.7380952380952381,False,0.0
dense (radius 3.0),105,0.5,0.9523809523809523,0.9523809523809523,False,0.0
dense (radius 3.0),105,0.75,1.0,1.0,True,0.0
dense (radius 3.0),105,1.0,1.0,1.0,True,0.0
dense (radius 3.0),105,1.25,1.0,1.0,True,0.0
dense (radius 3.0),105,1.5,1.0,1.0,True,0.0
dense (radius 3.0),105,2.0,0.9047619047619048,0.9576719576719577,False,0.0
dense (radius 3.0),106,0.0,0.7619047619047619,0.8095238095238095,False,0.0
dense (radius 3.0),106,0.5,0.9047619047619048,0.9285714285714286,False,0.0
dense (radius 3.0),106,0.75,0.9523809523809523,0.9841269841269842,False,0.0
dense (radius 3.0),106,1.0,1.0,1.0,True,0.0
dense (radius 3.0),106,1.25,1.0,1.0,True,0.0
dense (radius 3.0),106,1.5,0.9523809523809523,0.9523809523809523,False,0.0
dense (radius 3.0),106,2.0,0.9523809523809523,0.9523809523809523,False,0.0
dense (radius 3.0),107,0.0,0.5909090909090909,0.5909090909090909,False,0.0
dense (radius 3.0),107,0.5,0.9545454545454546,0.9545454545454546,False,0.0
dense (radius 3.0),107,0.75,0.9545454545454546,0.9545454545454546,False,0.0
dense (radius 3.0),107,1.0,1.0,1.0,True,0.0
dense (radius 3.0),107,1.25,1.0,1.0,True,0.0
dense (radius 3.0),107,1.5,1.0,1.0,True,0.0
dense (radius 3.0),107,2.0,1.0,1.0,True,0.0
dense (radius 3.0),108,0.0,0.8636363636363636,0.8636363636363636,False,0.0
dense (radius 3.0),108,0.5,0.9545454545454546,0.9545454545454546,False,0.0
dense (radius 3.0),108,0.75,0.9545454545454546,0.9545454545454546,False,0.0
dense (radius 3.0),108,1.0,1.0,1.0,True,0.0
dense (radius 3.0),108,1.25,1.0,1.0,True,0.0
dense (radius 3.0),108,1.5,1.0,1.0,True,0.0
dense (radius 3.0),108,2.0,1.0,1.0,True,0.0
dense (radius 3.0),109,0.0,0.8636363636363636,0.9393939393939394,False,0.0
dense (radius 3.0),109,0.5,0.9545454545454546,0.9545454545454546,False,0.0
dense (radius 3.0),109,0.75,0.9545454545454546,0.9545454545454546,False,0.0
dense (radius 3.0),109,1.0,1.0,1.0,True,0.0
dense (radius 3.0),109,1.25,1.0,1.0,True,0.0
dense (radius 3.0),109,1.5,1.0,1.0,True,0.0
dense (radius 3.0),109,2.0,1.0,1.0,True,0.0
dense (radius 3.0),110,0.0,0.76,0.8,False,0.0
dense (radius 3.0),110,0.5,1.0,1.0,True,0.0
dense (radius 3.0),110,0.75,1.0,1.0,True,0.0
dense (radius 3.0),110,1.0,1.0,1.0,True,0.0
dense (radius 3.0),110,1.25,1.0,1.0,True,0.0
dense (radius 3.0),110,1.5,0.92,0.96,False,0.0
dense (radius 3.0),110,2.0,0.92,0.92,False,0.0
dense (radius 3.0),111,0.0,0.5714285714285714,0.5714285714285714,False,0.0
dense (radius 3.0),111,0.5,0.9047619047619048,0.9404761904761905,False,0.0
dense (radius 3.0),111,0.75,0.9523809523809523,0.9523809523809523,False,0.0
dense (radius 3.0),111,1.0,1.0,1.0,True,0.0
dense (radius 3.0),111,1.25,1.0,1.0,True,0.0
dense (radius 3.0),111,1.5,1.0,1.0,True,0.0
dense (radius 3.0),111,2.0,0.9523809523809523,0.9761904761904762,False,0.0
dense (radius 3.0),112,0.0,0.6818181818181818,0.6818181818181818,False,0.0
dense (radius 3.0),112,0.5,0.9090909090909091,0.9318181818181818,False,0.0
dense (radius 3.0),112,0.75,0.9545454545454546,0.9545454545454546,False,0.0
dense (radius 3.0),112,1.0,1.0,1.0,True,0.0
dense (radius 3.0),112,1.25,1.0,1.0,True,0.0
dense (radius 3.0),112,1.5,0.9545454545454546,0.9545454545454546,False,0.0
dense (radius 3.0),112,2.0,0.9545454545454546,0.9545454545454546,False,0.0
dense (radius 3.0),113,0.0,0.9523809523809523,0.9523809523809523,False,0.14285714285714285
dense (radius 3.0),113,0.5,0.9523809523809523,0.9523809523809523,False,0.14285714285714285
dense (radius 3.0),113,0.75,0.9523809523809523,0.9523809523809523,False,0.14285714285714285
dense (radius 3.0),113,1.0,1.0,1.0,True,0.14285714285714285
dense (radius 3.0),113,1.25,1.0,1.0,True,0.14285714285714285
dense (radius 3.0),113,1.5,0.9523809523809523,0.9523809523809523,False,0.14285714285714285
dense (radius 3.0),113,2.0,0.9523809523809523,0.9523809523809523,False,0.14285714285714285
dense (radius 3.0),114,0.0,0.8181818181818182,0.8181818181818182,False,0.0
dense (radius 3.0),114,0.5,0.8181818181818182,0.9090909090909091,False,0.0
dense (radius 3.0),114,0.75,1.0,1.0,True,0.0
dense (radius 3.0),114,1.0,1.0,1.0,True,0.0
dense (radius 3.0),114,1.25,1.0,1.0,True,0.0
dense (radius 3.0),114,1.5,1.0,1.0,True,0.0
dense (radius 3.0),114,2.0,1.0,1.0,True,0.0
dense (radius 3.0),115,0.0,0.7391304347826086,0.7608695652173914,False,0.0
dense (radius 3.0),115,0.5,1.0,1.0,True,0.0
dense (radius 3.0),115,0.75,1.0,1.0,True,0.0
dense (radius 3.0),115,1.0,1.0,1.0,True,0.0
dense (radius 3.0),115,1.25,1.0,1.0,True,0.0
dense (radius 3.0),115,1.5,0.9565217391304348,0.9782608695652174,False,0.0
dense (radius 3.0),115,2.0,0.9565217391304348,0.9565217391304348,False,0.0
dense (radius 3.0),116,0.0,0.7,0.7,False,0.0
dense (radius 3.0),116,0.5,0.95,0.95,False,0.0
dense (radius 3.0),116,0.75,0.95,0.975,False,0.0
dense (radius 3.0),116,1.0,1.0,1.0,True,0.0
dense (radius 3.0),116,1.25,1.0,1.0,True,0.0
dense (radius 3.0),116,1.5,1.0,1.0,True,0.0
dense (radius 3.0),116,2.0,1.0,1.0,True,0.0
dense (radius 3.0),117,0.0,0.7916666666666666,0.7916666666666666,False,0.0
dense (radius 3.0),117,0.5,0.875,0.875,False,0.0
dense (radius 3.0),117,0.75,1.0,1.0,True,0.0
dense (radius 3.0),117,1.0,1.0,1.0,True,0.0
dense (radius 3.0),117,1.25,1.0,1.0,True,0.0
dense (radius 3.0),117,1.5,1.0,1.0,True,0.0
dense (radius 3.0),117,2.0,1.0,1.0,True,0.0
dense (radius 3.0),118,0.0,0.5454545454545454,0.5454545454545454,False,0.0
dense (radius 3.0),118,0.5,1.0,1.0,True,0.0
dense (radius 3.0),118,0.75,1.0,1.0,True,0.0
dense (radius 3.0),118,1.0,1.0,1.0,True,0.0
dense (radius 3.0),118,1.25,1.0,1.0,True,0.0
dense (radius 3.0),118,1.5,1.0,1.0,True,0.0
dense (radius 3.0),118,2.0,1.0,1.0,True,0.0
dense (radius 3.0),119,0.0,0.6666666666666666,0.7083333333333334,False,0.0
dense (radius 3.0),119,0.5,0.9166666666666666,0.9166666666666666,False,0.0
dense (radius 3.0),119,0.75,1.0,1.0,True,0.0
dense (radius 3.0),119,1.0,1.0,1.0,True,0.0
dense (radius 3.0),119,1.25,1.0,1.0,True,0.0
dense (radius 3.0),119,1.5,0.9166666666666666,0.9666666666666667,False,0.0
dense (radius 3.0),119,2.0,0.9166666666666666,0.9166666666666666,False,0.0
dense (radius 3.0),120,0.0,0.782608695652174,0.7971014492753623,False,0.0
dense (radius 3.0),120,0.5,0.8260869565217391,0.9130434782608695,False,0.0
dense (radius 3.0),120,0.75,0.9565217391304348,0.9782608695652174,False,0.0
dense (radius 3.0),120,1.0,1.0,1.0,True,0.0
dense (radius 3.0),120,1.25,1.0,1.0,True,0.0
dense (radius 3.0),120,1.5,0.9565217391304348,0.9782608695652174,False,0.0
dense (radius 3.0),120,2.0,0.9130434782608695,0.9347826086956522,False,0.0
dense (radius 3.0),121,0.0,0.7083333333333334,0.7708333333333334,False,0.0
dense (radius 3.0),121,0.5,1.0,1.0,True,0.0
dense (radius 3.0),121,0.75,1.0,1.0,True,0.0
dense (radius 3.0),121,1.0,1.0,1.0,True,0.0
dense (radius 3.0),121,1.25,1.0,1.0,True,0.0
dense (radius 3.0),121,1.5,1.0,1.0,True,0.0
dense (radius 3.0),121,2.0,1.0,1.0,True,0.0
dense (radius 3.0),122,0.0,0.64,0.792,False,0.0
dense (radius 3.0),122,0.5,1.0,1.0,True,0.0
dense (radius 3.0),122,0.75,1.0,1.0,True,0.0
dense (radius 3.0),122,1.0,1.0,1.0,True,0.0
dense (radius 3.0),122,1.25,1.0,1.0,True,0.0
dense (radius 3.0),122,1.5,1.0,1.0,True,0.0
dense (radius 3.0),122,2.0,1.0,1.0,True,0.0
dense (radius 3.0),123,0.0,0.6666666666666666,0.6666666666666666,False,0.0
dense (radius 3.0),123,0.5,0.8571428571428571,0.9238095238095237,False,0.0
dense (radius 3.0),123,0.75,1.0,1.0,True,0.0
dense (radius 3.0),123,1.0,1.0,1.0,True,0.0
dense (radius 3.0),123,1.25,1.0,1.0,True,0.0
dense (radius 3.0),123,1.5,1.0,1.0,True,0.0
dense (radius 3.0),123,2.0,1.0,1.0,True,0.0
dense (radius 3.0),124,0.0,0.7727272727272727,0.7727272727272727,False,0.045454545454545456
dense (radius 3.0),124,0.5,1.0,1.0,True,0.045454545454545456
dense (radius 3.0),124,0.75,1.0,1.0,True,0.045454545454545456
dense (radius 3.0),124,1.0,0.9545454545454546,0.9772727272727273,False,0.045454545454545456
dense (radius 3.0),124,1.25,0.9545454545454546,0.9545454545454546,False,0.045454545454545456
dense (radius 3.0),124,1.5,0.9545454545454546,0.9545454545454546,False,0.045454545454545456
dense (radius 3.0),124,2.0,0.8181818181818182,0.8863636363636364,False,0.045454545454545456
dense (radius 3.0),125,0.0,0.84,0.84,False,0.0
dense (radius 3.0),125,0.5,1.0,1.0,True,0.0
dense (radius 3.0),125,0.75,1.0,1.0,True,0.0
dense (radius 3.0),125,1.0,1.0,1.0,True,0.0
dense (radius 3.0),125,1.25,1.0,1.0,True,0.0
dense (radius 3.0),125,1.5,0.96,0.98,False,0.0
dense (radius 3.0),125,2.0,0.96,0.96,False,0.0
dense (radius 3.0),126,0.0,0.64,0.75,False,0.0
dense (radius 3.0),126,0.5,1.0,1.0,True,0.0
dense (radius 3.0),126,0.75,1.0,1.0,True,0.0
dense (radius 3.0),126,1.0,1.0,1.0,True,0.0
dense (radius 3.0),126,1.25,1.0,1.0,True,0.0
dense (radius 3.0),126,1.5,1.0,1.0,True,0.0
dense (radius 3.0),126,2.0,0.96,0.97,False,0.0
dense (radius 3.0),127,0.0,0.8421052631578947,0.8421052631578947,False,0.0
dense (radius 3.0),127,0.5,0.8947368421052632,0.8947368421052632,False,0.0
dense (radius 3.0),127,0.75,1.0,1.0,True,0.0
dense (radius 3.0),127,1.0,1.0,1.0,True,0.0
dense (radius 3.0),127,1.25,1.0,1.0,True,0.0
dense (radius 3.0),127,1.5,1.0,1.0,True,0.0
dense (radius 3.0),127,2.0,0.9473684210526315,0.9736842105263158,False,0.0
dense (radius 3.0),128,0.0,0.7916666666666666,0.8472222222222222,False,0.0
dense (radius 3.0),128,0.5,0.875,0.875,False,0.0
dense (radius 3.0),128,0.75,0.9583333333333334,0.9583333333333334,False,0.0
dense (radius 3.0),128,1.0,1.0,1.0,True,0.0
dense (radius 3.0),128,1.25,1.0,1.0,True,0.0
dense (radius 3.0),128,1.5,1.0,1.0,True,0.0
dense (radius 3.0),128,2.0,1.0,1.0,True,0.0
dense (radius 3.0),129,0.0,0.8260869565217391,0.8260869565217391,False,0.0
dense (radius 3.0),129,0.5,0.8260869565217391,0.8840579710144927,False,0.0
dense (radius 3.0),129,0.75,1.0,1.0,True,0.0
dense (radius 3.0),129,1.0,1.0,1.0,True,0.0
dense (radius 3.0),129,1.25,1.0,1.0,True,0.0
dense (radius 3.0),129,1.5,1.0,1.0,True,0.0
dense (radius 3.0),129,2.0,0.9130434782608695,0.9130434782608695,False,0.0
dense (radius 3.0),130,0.0,0.7272727272727273,0.7272727272727273,False,0.0
dense (radius 3.0),130,0.5,0.9090909090909091,0.9393939393939394,False,0.0
dense (radius 3.0),130,0.75,1.0,1.0,True,0.0
dense (radius 3.0),130,1.0,1.0,1.0,True,0.0
dense (radius 3.0),130,1.25,1.0,1.0,True,0.0
dense (radius 3.0),130,1.5,1.0,1.0,True,0.0
dense (radius 3.0),130,2.0,1.0,1.0,True,0.0
dense (radius 3.0),131,0.0,0.55,0.55,False,0.0
dense (radius 3.0),131,0.5,0.9,0.9,False,0.0
dense (radius 3.0),131,0.75,1.0,1.0,True,0.0
dense (radius 3.0),131,1.0,1.0,1.0,True,0.0
dense (radius 3.0),131,1.25,1.0,1.0,True,0.0
dense (radius 3.0),131,1.5,1.0,1.0,True,0.0
dense (radius 3.0),131,2.0,1.0,1.0,True,0.0
dense (radius 3.0),132,0.0,0.85,0.85,False,0.0
dense (radius 3.0),132,0.5,0.9,0.925,False,0.0
dense (radius 3.0),132,0.75,0.95,0.975,False,0.0
dense (radius 3.0),132,1.0,1.0,1.0,True,0.0
dense (radius 3.0),132,1.25,1.0,1.0,True,0.0
dense (radius 3.0),132,1.5,0.95,0.95,False,0.0
dense (radius 3.0),132,2.0,0.85,0.9,False,0.0
dense (radius 3.0),133,0.0,0.9523809523809523,0.9523809523809523,False,0.0
dense (radius 3.0),133,0.5,0.9523809523809523,0.9761904761904762,False,0.0
dense (radius 3.0),133,0.75,1.0,1.0,True,0.0
dense (radius 3.0),133,1.0,1.0,1.0,True,0.0
dense (radius 3.0),133,1.25,1.0,1.0,True,0.0
dense (radius 3.0),133,1.5,1.0,1.0,True,0.0
dense (radius 3.0),133,2.0,1.0,1.0,True,0.0
dense (radius 3.0),134,0.0,0.782608695652174,0.782608695652174,False,0.0
dense (radius 3.0),134,0.5,0.9130434782608695,0.9130434782608695,False,0.0
dense (radius 3.0),134,0.75,1.0,1.0,True,0.0
dense (radius 3.0),134,1.0,1.0,1.0,True,0.0
dense (radius 3.0),134,1.25,1.0,1.0,True,0.0
dense (radius 3.0),134,1.5,1.0,1.0,True,0.0
dense (radius 3.0),134,2.0,0.9565217391304348,0.9710144927536232,False,0.0
dense (radius 3.0),135,0.0,0.8,0.8,False,0.0
dense (radius 3.0),135,0.5,0.95,0.95,False,0.0
dense (radius 3.0),135,0.75,0.95,0.95,False,0.0
dense (radius 3.0),135,1.0,1.0,1.0,True,0.0
dense (radius 3.0),135,1.25,0.95,0.9833333333333334,False,0.0
dense (radius 3.0),135,1.5,0.9,0.9,False,0.0
dense (radius 3.0),135,2.0,0.9,0.9,False,0.0
dense (radius 3.0),136,0.0,0.75,0.8166666666666667,False,0.0
dense (radius 3.0),136,0.5,1.0,1.0,True,0.0
dense (radius 3.0),136,0.75,1.0,1.0,True,0.0
dense (radius 3.0),136,1.0,1.0,1.0,True,0.0
dense (radius 3.0),136,1.25,1.0,1.0,True,0.0
dense (radius 3.0),136,1.5,1.0,1.0,True,0.0
dense (radius 3.0),136,2.0,1.0,1.0,True,0.0
dense (radius 3.0),137,0.0,0.8636363636363636,0.8636363636363636,False,0.0
dense (radius 3.0),137,0.5,1.0,1.0,True,0.0
dense (radius 3.0),137,0.75,1.0,1.0,True,0.0
dense (radius 3.0),137,1.0,1.0,1.0,True,0.0
dense (radius 3.0),137,1.25,1.0,1.0,True,0.0
dense (radius 3.0),137,1.5,1.0,1.0,True,0.0
dense (radius 3.0),137,2.0,0.9090909090909091,0.9090909090909091,False,0.0
dense (radius 3.0),138,0.0,0.6666666666666666,0.6666666666666666,False,0.0
dense (radius 3.0),138,0.5,0.8333333333333334,0.84375,False,0.0
dense (radius 3.0),138,0.75,1.0,1.0,True,0.0
dense (radius 3.0),138,1.0,1.0,1.0,True,0.0
dense (radius 3.0),138,1.25,1.0,1.0,True,0.0
dense (radius 3.0),138,1.5,1.0,1.0,True,0.0
dense (radius 3.0),138,2.0,1.0,1.0,True,0.0
dense (radius 3.0),139,0.0,0.6818181818181818,0.8295454545454546,False,0.0
dense (radius 3.0),139,0.5,0.9090909090909091,0.9636363636363636,False,0.0
dense (radius 3.0),139,0.75,1.0,1.0,True,0.0
dense (radius 3.0),139,1.0,1.0,1.0,True,0.0
dense (radius 3.0),139,1.25,1.0,1.0,True,0.0
dense (radius 3.0),139,1.5,1.0,1.0,True,0.0
dense (radius 3.0),139,2.0,0.9545454545454546,0.9696969696969696,False,0.0
dense (radius 3.0),140,0.0,0.6190476190476191,0.7619047619047619,False,0.0
dense (radius 3.0),140,0.5,1.0,1.0,True,0.0
dense (radius 3.0),140,0.75,1.0,1.0,True,0.0
dense (radius 3.0),140,1.0,1.0,1.0,True,0.0
dense (radius 3.0),140,1.25,1.0,1.0,True,0.0
dense (radius 3.0),140,1.5,1.0,1.0,True,0.0
dense (radius 3.0),140,2.0,1.0,1.0,True,0.0
dense (radius 3.0),141,0.0,0.782608695652174,0.782608695652174,False,0.0
dense (radius 3.0),141,0.5,0.8695652173913043,0.9304347826086956,False,0.0
dense (radius 3.0),141,0.75,1.0,1.0,True,0.0
dense (radius 3.0),141,1.0,1.0,1.0,True,0.0
dense (radius 3.0),141,1.25,1.0,1.0,True,0.0
dense (radius 3.0),141,1.5,1.0,1.0,True,0.0
dense (radius 3.0),141,2.0,1.0,1.0,True,0.0
dense (radius 3.0),142,0.0,0.9523809523809523,0.9523809523809523,False,0.0
dense (radius 3.0),142,0.5,1.0,1.0,True,0.0
dense (radius 3.0),142,0.75,1.0,1.0,True,0.0
dense (radius 3.0),142,1.0,1.0,1.0,True,0.0
dense (radius 3.0),142,1.25,1.0,1.0,True,0.0
dense (radius 3.0),142,1.5,1.0,1.0,True,0.0
dense (radius 3.0),142,2.0,1.0,1.0,True,0.0
dense (radius 3.0),143,0.0,0.6818181818181818,0.7954545454545454,False,0.0
dense (radius 3.0),143,0.5,1.0,1.0,True,0.0
dense (radius 3.0),143,0.75,1.0,1.0,True,0.0
dense (radius 3.0),143,1.0,1.0,1.0,True,0.0
dense (radius 3.0),143,1.25,1.0,1.0,True,0.0
dense (radius 3.0),143,1.5,0.9545454545454546,0.9848484848484849,False,0.0
dense (radius 3.0),143,2.0,0.9545454545454546,0.9545454545454546,False,0.0
dense (radius 3.0),144,0.0,0.7142857142857143,0.7619047619047619,False,0.0
dense (radius 3.0),144,0.5,0.9047619047619048,0.9047619047619048,False,0.0
dense (radius 3.0),144,0.75,1.0,1.0,True,0.0
dense (radius 3.0),144,1.0,1.0,1.0,True,0.0
dense (radius 3.0),144,1.25,1.0,1.0,True,0.0
dense (radius 3.0),144,1.5,1.0,1.0,True,0.0
dense (radius 3.0),144,2.0,1.0,1.0,True,0.0
dense (radius 3.0),145,0.0,0.8095238095238095,0.8333333333333334,False,0.0
dense (radius 3.0),145,0.5,1.0,1.0,True,0.0
dense (radius 3.0),145,0.75,1.0,1.0,True,0.0
dense (radius 3.0),145,1.0,1.0,1.0,True,0.0
dense (radius 3.0),145,1.25,0.9523809523809523,0.9761904761904762,False,0.0
dense (radius 3.0),145,1.5,0.9523809523809523,0.9523809523809523,False,0.0
dense (radius 3.0),145,2.0,0.9523809523809523,0.9523809523809523,False,0.0
dense (radius 3.0),146,0.0,0.8636363636363636,0.8636363636363636,False,0.0
dense (radius 3.0),146,0.5,0.9090909090909091,0.9090909090909091,False,0.0
dense (radius 3.0),146,0.75,1.0,1.0,True,0.0
dense (radius 3.0),146,1.0,1.0,1.0,True,0.0
dense (radius 3.0),146,1.25,1.0,1.0,True,0.0
dense (radius 3.0),146,1.5,0.9545454545454546,0.9545454545454546,False,0.0
dense (radius 3.0),146,2.0,0.9545454545454546,0.9545454545454546,False,0.0
dense (radius 3.0),147,0.0,0.6363636363636364,0.6363636363636364,False,0.0
dense (radius 3.0),147,0.5,0.8636363636363636,0.8636363636363636,False,0.0
dense (radius 3.0),147,0.75,1.0,1.0,True,0.0
dense (radius 3.0),147,1.0,1.0,1.0,True,0.0
dense (radius 3.0),147,1.25,1.0,1.0,True,0.0
dense (radius 3.0),147,1.5,1.0,1.0,True,0.0
dense (radius 3.0),147,2.0,1.0,1.0,True,0.0
dense (radius 3.0),148,0.0,0.9130434782608695,0.9130434782608695,False,0.043478260869565216
dense (radius 3.0),148,0.5,0.9565217391304348,0.9565217391304348,False,0.043478260869565216
dense (radius 3.0),148,0.75,1.0,1.0,True,0.043478260869565216
dense (radius 3.0),148,1.0,1.0,1.0,True,0.043478260869565216
dense (radius 3.0),148,1.25,1.0,1.0,True,0.043478260869565216
dense (radius 3.0),148,1.5,1.0,1.0,True,0.043478260869565216
dense (radius 3.0),148,2.0,0.9565217391304348,0.9710144927536232,False,0.043478260869565216
dense (radius 3.0),149,0.0,0.782608695652174,0.8260869565217391,False,0.0
dense (radius 3.0),149,0.5,0.9130434782608695,0.9130434782608695,False,0.0
dense (radius 3.0),149,0.75,1.0,1.0,True,0.0
dense (radius 3.0),149,1.0,1.0,1.0,True,0.0
dense (radius 3.0),149,1.25,1.0,1.0,True,0.0
dense (radius 3.0),149,1.5,1.0,1.0,True,0.0
dense (radius 3.0),149,2.0,0.9130434782608695,0.9130434782608695,False,0.0
dense (radius 3.0),150,0.0,0.5909090909090909,0.6363636363636364,False,0.09090909090909091
dense (radius 3.0),150,0.5,1.0,1.0,True,0.09090909090909091
dense (radius 3.0),150,0.75,1.0,1.0,True,0.09090909090909091
dense (radius 3.0),150,1.0,1.0,1.0,True,0.09090909090909091
dense (radius 3.0),150,1.25,1.0,1.0,True,0.09090909090909091
dense (radius 3.0),150,1.5,1.0,1.0,True,0.09090909090909091
dense (radius 3.0),150,2.0,0.8636363636363636,0.9242424242424242,False,0.09090909090909091
dense (radius 3.0),151,0.0,0.8260869565217391,0.8260869565217391,False,0.0
dense (radius 3.0),151,0.5,1.0,1.0,True,0.0
dense (radius 3.0),151,0.75,1.0,1.0,True,0.0
dense (radius 3.0),151,1.0,1.0,1.0,True,0.0
dense (radius 3.0),151,1.25,1.0,1.0,True,0.0
dense (radius 3.0),151,1.5,1.0,1.0,True,0.0
dense (radius 3.0),151,2.0,0.8695652173913043,0.9565217391304348,False,0.0
dense (radius 3.0),152,0.0,0.875,0.875,False,0.0
dense (radius 3.0),152,0.5,0.875,0.875,False,0.0
dense (radius 3.0),152,0.75,0.9583333333333334,0.9791666666666666,False,0.0
dense (radius 3.0),152,1.0,1.0,1.0,True,0.0
dense (radius 3.0),152,1.25,0.9583333333333334,0.9791666666666666,False,0.0
dense (radius 3.0),152,1.5,0.9583333333333334,0.9583333333333334,False,0.0
dense (radius 3.0),152,2.0,0.9583333333333334,0.9583333333333334,False,0.0
dense (radius 3.0),153,0.0,0.7727272727272727,0.7727272727272727,False,0.0
dense (radius 3.0),153,0.5,0.9545454545454546,0.9545454545454546,False,0.0
dense (radius 3.0),153,0.75,0.9545454545454546,0.9545454545454546,False,0.0
dense (radius 3.0),153,1.0,1.0,1.0,True,0.0
dense (radius 3.0),153,1.25,1.0,1.0,True,0.0
dense (radius 3.0),153,1.5,1.0,1.0,True,0.0
dense (radius 3.0),153,2.0,1.0,1.0,True,0.0
dense (radius 3.0),154,0.0,0.6956521739130435,0.7652173913043478,False,0.0
dense (radius 3.0),154,0.5,1.0,1.0,True,0.0
dense (radius 3.0),154,0.75,1.0,1.0,True,0.0
dense (radius 3.0),154,1.0,1.0,1.0,True,0.0
dense (radius 3.0),154,1.25,1.0,1.0,True,0.0
dense (radius 3.0),154,1.5,1.0,1.0,True,0.0
dense (radius 3.0),154,2.0,1.0,1.0,True,0.0
dense (radius 3.0),155,0.0,0.7083333333333334,0.7083333333333334,False,0.041666666666666664
dense (radius 3.0),155,0.5,1.0,1.0,True,0.041666666666666664
dense (radius 3.0),155,0.75,1.0,1.0,True,0.041666666666666664
dense (radius 3.0),155,1.0,1.0,1.0,True,0.041666666666666664
dense (radius 3.0),155,1.25,1.0,1.0,True,0.041666666666666664
dense (radius 3.0),155,1.5,1.0,1.0,True,0.041666666666666664
dense (radius 3.0),155,2.0,1.0,1.0,True,0.041666666666666664
dense (radius 3.0),156,0.0,0.8947368421052632,0.8947368421052632,False,0.0
dense (radius 3.0),156,0.5,0.8947368421052632,0.9473684210526315,False,0.0
dense (radius 3.0),156,0.75,1.0,1.0,True,0.0
dense (radius 3.0),156,1.0,1.0,1.0,True,0.0
dense (radius 3.0),156,1.25,1.0,1.0,True,0.0
dense (radius 3.0),156,1.5,1.0,1.0,True,0.0
dense (radius 3.0),156,2.0,0.9473684210526315,0.9649122807017543,False,0.0
dense (radius 3.0),157,0.0,0.6666666666666666,0.6984126984126984,False,0.0
dense (radius 3.0),157,0.5,0.9523809523809523,0.9761904761904762,False,0.0
dense (radius 3.0),157,0.75,1.0,1.0,True,0.0
dense (radius 3.0),157,1.0,1.0,1.0,True,0.0
dense (radius 3.0),157,1.25,0.9523809523809523,0.9761904761904762,False,0.0
dense (radius 3.0),157,1.5,0.9523809523809523,0.9523809523809523,False,0.0
dense (radius 3.0),157,2.0,0.9523809523809523,0.9523809523809523,False,0.0
dense (radius 3.0),158,0.0,0.65,0.65,False,0.0
dense (radius 3.0),158,0.5,1.0,1.0,True,0.0
dense (radius 3.0),158,0.75,1.0,1.0,True,0.0
dense (radius 3.0),158,1.0,1.0,1.0,True,0.0
dense (radius 3.0),158,1.25,1.0,1.0,True,0.0
dense (radius 3.0),158,1.5,1.0,1.0,True,0.0
dense (radius 3.0),158,2.0,1.0,1.0,True,0.0
dense (radius 3.0),159,0.0,0.75,0.7875,False,0.0
dense (radius 3.0),159,0.5,0.95,0.95,False,0.0
dense (radius 3.0),159,0.75,1.0,1.0,True,0.0
dense (radius 3.0),159,1.0,1.0,1.0,True,0.0
dense (radius 3.0),159,1.25,1.0,1.0,True,0.0
dense (radius 3.0),159,1.5,1.0,1.0,True,0.0
dense (radius 3.0),159,2.0,1.0,1.0,True,0.0
dense (radius 3.0),160,0.0,0.8181818181818182,0.9090909090909091,False,0.045454545454545456
dense (radius 3.0),160,0.5,0.9545454545454546,0.9545454545454546,False,0.045454545454545456
dense (radius 3.0),160,0.75,1.0,1.0,True,0.045454545454545456
dense (radius 3.0),160,1.0,0.9545454545454546,0.9740259740259739,False,0.045454545454545456
dense (radius 3.0),160,1.25,0.9545454545454546,0.9545454545454546,False,0.045454545454545456
dense (radius 3.0),160,1.5,0.9090909090909091,0.9318181818181818,False,0.045454545454545456
dense (radius 3.0),160,2.0,0.8636363636363636,0.8863636363636364,False,0.045454545454545456
dense (radius 3.0),161,0.0,0.9545454545454546,0.9545454545454546,False,0.0
dense (radius 3.0),161,0.5,0.9545454545454546,0.9545454545454546,False,0.0
dense (radius 3.0),161,0.75,1.0,1.0,True,0.0
dense (radius 3.0),161,1.0,1.0,1.0,True,0.0
dense (radius 3.0),161,1.25,1.0,1.0,True,0.0
dense (radius 3.0),161,1.5,1.0,1.0,True,0.0
dense (radius 3.0),161,2.0,1.0,1.0,True,0.0
dense (radius 3.0),162,0.0,0.6818181818181818,0.7840909090909091,False,0.0
dense (radius 3.0),162,0.5,0.9545454545454546,0.9545454545454546,False,0.0
dense (radius 3.0),162,0.75,1.0,1.0,True,0.0
dense (radius 3.0),162,1.0,1.0,1.0,True,0.0
dense (radius 3.0),162,1.25,1.0,1.0,True,0.0
dense (radius 3.0),162,1.5,1.0,1.0,True,0.0
dense (radius 3.0),162,2.0,1.0,1.0,True,0.0
dense (radius 3.0),163,0.0,0.6363636363636364,0.6666666666666666,False,0.045454545454545456
dense (radius 3.0),163,0.5,0.9090909090909091,0.9545454545454546,False,0.045454545454545456
dense (radius 3.0),163,0.75,1.0,1.0,True,0.045454545454545456
dense (radius 3.0),163,1.0,1.0,1.0,True,0.045454545454545456
dense (radius 3.0),163,1.25,0.9090909090909091,0.9090909090909091,False,0.045454545454545456
dense (radius 3.0),163,1.5,0.9090909090909091,0.9090909090909091,False,0.045454545454545456
dense (radius 3.0),163,2.0,0.9090909090909091,0.9090909090909091,False,0.045454545454545456
dense (radius 3.0),164,0.0,0.7391304347826086,0.7681159420289856,False,0.0
dense (radius 3.0),164,0.5,0.9565217391304348,0.9565217391304348,False,0.0
dense (radius 3.0),164,0.75,1.0,1.0,True,0.0
dense (radius 3.0),164,1.0,1.0,1.0,True,0.0
dense (radius 3.0),164,1.25,1.0,1.0,True,0.0
dense (radius 3.0),164,1.5,1.0,1.0,True,0.0
dense (radius 3.0),164,2.0,0.9565217391304348,0.9782608695652174,False,0.0
dense (radius 3.0),165,0.0,0.6818181818181818,0.712121212121212,False,0.0
dense (radius 3.0),165,0.5,0.8636363636363636,0.9431818181818182,False,0.0
dense (radius 3.0),165,0.75,1.0,1.0,True,0.0
dense (radius 3.0),165,1.0,1.0,1.0,True,0.0
dense (radius 3.0),165,1.25,1.0,1.0,True,0.0
dense (radius 3.0),165,1.5,0.9545454545454546,0.9545454545454546,False,0.0
dense (radius 3.0),165,2.0,0.9545454545454546,0.9545454545454546,False,0.0
dense (radius 3.0),166,0.0,0.7083333333333334,0.7083333333333334,False,0.0
dense (radius 3.0),166,0.5,1.0,1.0,True,0.0
dense (radius 3.0),166,0.75,1.0,1.0,True,0.0
dense (radius 3.0),166,1.0,1.0,1.0,True,0.0
dense (radius 3.0),166,1.25,1.0,1.0,True,0.0
dense (radius 3.0),166,1.5,1.0,1.0,True,0.0
dense (radius 3.0),166,2.0,1.0,1.0,True,0.0
dense (radius 3.0),167,0.0,0.75,0.75,False,0.0
dense (radius 3.0),167,0.5,0.95,0.95,False,0.0
dense (radius 3.0),167,0.75,1.0,1.0,True,0.0
dense (radius 3.0),167,1.0,1.0,1.0,True,0.0
dense (radius 3.0),167,1.25,1.0,1.0,True,0.0
dense (radius 3.0),167,1.5,1.0,1.0,True,0.0
dense (radius 3.0),167,2.0,1.0,1.0,True,0.0
dense (radius 3.0),168,0.0,0.7391304347826086,0.7681159420289856,False,0.0
dense (radius 3.0),168,0.5,0.9565217391304348,0.9565217391304348,False,0.0
dense (radius 3.0),168,0.75,0.9565217391304348,0.9565217391304348,False,0.0
dense (radius 3.0),168,1.0,1.0,1.0,True,0.0
dense (radius 3.0),168,1.25,1.0,1.0,True,0.0
dense (radius 3.0),168,1.5,1.0,1.0,True,0.0
dense (radius 3.0),168,2.0,0.8695652173913043,0.8695652173913043,False,0.0
dense (radius 3.0),169,0.0,0.75,0.8055555555555555,False,0.0
dense (radius 3.0),169,0.5,1.0,1.0,True,0.0
dense (radius 3.0),169,0.75,1.0,1.0,True,0.0
dense (radius 3.0),169,1.0,1.0,1.0,True,0.0
dense (radius 3.0),169,1.25,1.0,1.0,True,0.0
dense (radius 3.0),169,1.5,1.0,1.0,True,0.0
dense (radius 3.0),169,2.0,1.0,1.0,True,0.0
dense (radius 3.0),170,0.0,0.6086956521739131,0.782608695652174,False,0.043478260869565216
dense (radius 3.0),170,0.5,0.9565217391304348,0.9565217391304348,False,0.043478260869565216
dense (radius 3.0),170,0.75,1.0,1.0,True,0.043478260869565216
dense (radius 3.0),170,1.0,1.0,1.0,True,0.043478260869565216
dense (radius 3.0),170,1.25,1.0,1.0,True,0.043478260869565216
dense (radius 3.0),170,1.5,1.0,1.0,True,0.043478260869565216
dense (radius 3.0),170,2.0,0.9130434782608695,0.967391304347826,False,0.043478260869565216
dense (radius 3.0),171,0.0,0.6363636363636364,0.6590909090909091,False,0.0
dense (radius 3.0),171,0.5,0.9090909090909091,0.9090909090909091,False,0.0
dense (radius 3.0),171,0.75,1.0,1.0,True,0.0
dense (radius 3.0),171,1.0,1.0,1.0,True,0.0
dense (radius 3.0),171,1.25,1.0,1.0,True,0.0
dense (radius 3.0),171,1.5,1.0,1.0,True,0.0
dense (radius 3.0),171,2.0,1.0,1.0,True,0.0
dense (radius 3.0),172,0.0,0.7391304347826086,0.7391304347826086,False,0.0
dense (radius 3.0),172,0.5,0.9130434782608695,0.9130434782608695,False,0.0
dense (radius 3.0),172,0.75,1.0,1.0,True,0.0
dense (radius 3.0),172,1.0,1.0,1.0,True,0.0
dense (radius 3.0),172,1.25,1.0,1.0,True,0.0
dense (radius 3.0),172,1.5,1.0,1.0,True,0.0
dense (radius 3.0),172,2.0,0.8260869565217391,0.8985507246376813,False,0.0
dense (radius 3.0),173,0.0,0.6818181818181818,0.7575757575757577,False,0.0
dense (radius 3.0),173,0.5,0.9545454545454546,0.9545454545454546,False,0.0
dense (radius 3.0),173,0.75,0.9545454545454546,0.9696969696969696,False,0.0
dense (radius 3.0),173,1.0,1.0,1.0,True,0.0
dense (radius 3.0),173,1.25,1.0,1.0,True,0.0
dense (radius 3.0),173,1.5,1.0,1.0,True,0.0
dense (radius 3.0),173,2.0,1.0,1.0,True,0.0
dense (radius 3.0),174,0.0,0.65,0.7166666666666667,False,0.0
dense (radius 3.0),174,0.5,1.0,1.0,True,0.0
dense (radius 3.0),174,0.75,1.0,1.0,True,0.0
dense (radius 3.0),174,1.0,1.0,1.0,True,0.0
dense (radius 3.0),174,1.25,1.0,1.0,True,0.0
dense (radius 3.0),174,1.5,1.0,1.0,True,0.0
dense (radius 3.0),174,2.0,1.0,1.0,True,0.0
dense (radius 3.0),175,0.0,0.7391304347826086,0.782608695652174,False,0.0
dense (radius 3.0),175,0.5,0.9565217391304348,0.9782608695652174,False,0.0
dense (radius 3.0),175,0.75,1.0,1.0,True,0.0
dense (radius 3.0),175,1.0,1.0,1.0,True,0.0
dense (radius 3.0),175,1.25,1.0,1.0,True,0.0
dense (radius 3.0),175,1.5,1.0,1.0,True,0.0
dense (radius 3.0),175,2.0,1.0,1.0,True,0.0
dense (radius 3.0),176,0.0,0.7391304347826086,0.7391304347826086,False,0.0
dense (radius 3.0),176,0.5,0.9565217391304348,0.9855072463768116,False,0.0
dense (radius 3.0),176,0.75,1.0,1.0,True,0.0
dense (radius 3.0),176,1.0,1.0,1.0,True,0.0
dense (radius 3.0),176,1.25,1.0,1.0,True,0.0
dense (radius 3.0),176,1.5,1.0,1.0,True,0.0
dense (radius 3.0),176,2.0,1.0,1.0,True,0.0
dense (radius 3.0),177,0.0,0.6956521739130435,0.7246376811594203,False,0.0
dense (radius 3.0),177,0.5,0.9130434782608695,0.9565217391304348,False,0.0
dense (radius 3.0),177,0.75,1.0,1.0,True,0.0
dense (radius 3.0),177,1.0,1.0,1.0,True,0.0
dense (radius 3.0),177,1.25,1.0,1.0,True,0.0
dense (radius 3.0),177,1.5,1.0,1.0,True,0.0
dense (radius 3.0),177,2.0,1.0,1.0,True,0.0
dense (radius 3.0),178,0.0,0.6666666666666666,0.7301587301587302,False,0.0
dense (radius 3.0),178,0.5,0.9523809523809523,0.9761904761904762,False,0.0
dense (radius 3.0),178,0.75,1.0,1.0,True,0.0
dense (radius 3.0),178,1.0,1.0,1.0,True,0.0
dense (radius 3.0),178,1.25,1.0,1.0,True,0.0
dense (radius 3.0),178,1.5,1.0,1.0,True,0.0
dense (radius 3.0),178,2.0,1.0,1.0,True,0.0
dense (radius 3.0),179,0.0,0.6521739130434783,0.782608695652174,False,0.0
dense (radius 3.0),179,0.5,0.9565217391304348,0.9565217391304348,False,0.0
dense (radius 3.0),179,0.75,1.0,1.0,True,0.0
dense (radius 3.0),179,1.0,1.0,1.0,True,0.0
dense (radius 3.0),179,1.25,1.0,1.0,True,0.0
dense (radius 3.0),179,1.5,1.0,1.0,True,0.0
dense (radius 3.0),179,2.0,1.0,1.0,True,0.0
dense (radius 3.0),180,0.0,0.7727272727272727,0.8181818181818182,False,0.0
dense (radius 3.0),180,0.5,1.0,1.0,True,0.0
dense (radius 3.0),180,0.75,1.0,1.0,True,0.0
dense (radius 3.0),180,1.0,1.0,1.0,True,0.0
dense (radius 3.0),180,1.25,1.0,1.0,True,0.0
dense (radius 3.0),180,1.5,1.0,1.0,True,0.0
dense (radius 3.0),180,2.0,1.0,1.0,True,0.0
dense (radius 3.0),181,0.0,0.5,0.5606060606060607,False,0.0
dense (radius 3.0),181,0.5,0.9090909090909091,0.9090909090909091,False,0.0
dense (radius 3.0),181,0.75,1.0,1.0,True,0.0
dense (radius 3.0),181,1.0,1.0,1.0,True,0.0
dense (radius 3.0),181,1.25,1.0,1.0,True,0.0
dense (radius 3.0),181,1.5,1.0,1.0,True,0.0
dense (radius 3.0),181,2.0,1.0,1.0,True,0.0
dense (radius 3.0),182,0.0,0.8888888888888888,0.9444444444444444,False,0.0
dense (radius 3.0),182,0.5,1.0,1.0,True,0.0
dense (radius 3.0),182,0.75,1.0,1.0,True,0.0
dense (radius 3.0),182,1.0,1.0,1.0,True,0.0
dense (radius 3.0),182,1.25,1.0,1.0,True,0.0
dense (radius 3.0),182,1.5,1.0,1.0,True,0.0
dense (radius 3.0),182,2.0,1.0,1.0,True,0.0
dense (radius 3.0),183,0.0,0.6666666666666666,0.6666666666666666,False,0.0
dense (radius 3.0),183,0.5,0.9166666666666666,0.9166666666666666,False,0.0
dense (radius 3.0),183,0.75,1.0,1.0,True,0.0
dense (radius 3.0),183,1.0,1.0,1.0,True,0.0
dense (radius 3.0),183,1.25,1.0,1.0,True,0.0
dense (radius 3.0),183,1.5,0.9583333333333334,0.9583333333333334,False,0.0
dense (radius 3.0),183,2.0,0.9583333333333334,0.9583333333333334,False,0.0
dense (radius 3.0),184,0.0,0.8695652173913043,0.8695652173913043,False,0.0
dense (radius 3.0),184,0.5,1.0,1.0,True,0.0
dense (radius 3.0),184,0.75,1.0,1.0,True,0.0
dense (radius 3.0),184,1.0,1.0,1.0,True,0.0
dense (radius 3.0),184,1.25,0.9565217391304348,0.9565217391304348,False,0.0
dense (radius 3.0),184,1.5,0.9130434782608695,0.9420289855072465,False,0.0
dense (radius 3.0),184,2.0,0.9130434782608695,0.9130434782608695,False,0.0
dense (radius 3.0),185,0.0,0.8181818181818182,0.8636363636363636,False,0.0
dense (radius 3.0),185,0.5,0.9545454545454546,0.9545454545454546,False,0.0
dense (radius 3.0),185,0.75,1.0,1.0,True,0.0
dense (radius 3.0),185,1.0,1.0,1.0,True,0.0
dense (radius 3.0),185,1.25,1.0,1.0,True,0.0
dense (radius 3.0),185,1.5,0.9545454545454546,0.9696969696969696,False,0.0
dense (radius 3.0),185,2.0,0.9545454545454546,0.9545454545454546,False,0.0
dense (radius 3.0),186,0.0,0.9166666666666666,0.9166666666666666,False,0.0
dense (radius 3.0),186,0.5,0.9583333333333334,0.9583333333333334,False,0.0
dense (radius 3.0),186,0.75,0.9583333333333334,0.9583333333333334,False,0.0
dense (radius 3.0),186,1.0,1.0,1.0,True,0.0
dense (radius 3.0),186,1.25,1.0,1.0,True,0.0
dense (radius 3.0),186,1.5,1.0,1.0,True,0.0
dense (radius 3.0),186,2.0,0.9583333333333334,0.9791666666666666,False,0.0
dense (radius 3.0),187,0.0,0.5652173913043478,0.5652173913043478,False,0.0
dense (radius 3.0),187,0.5,1.0,1.0,True,0.0
dense (radius 3.0),187,0.75,1.0,1.0,True,0.0
dense (radius 3.0),187,1.0,1.0,1.0,True,0.0
dense (radius 3.0),187,1.25,1.0,1.0,True,0.0
dense (radius 3.0),187,1.5,1.0,1.0,True,0.0
dense (radius 3.0),187,2.0,0.9565217391304348,0.9782608695652174,False,0.0
dense (radius 3.0),188,0.0,0.7272727272727273,0.7272727272727273,False,0.0
dense (radius 3.0),188,0.5,0.9545454545454546,0.9659090909090909,False,0.0
dense (radius 3.0),188,0.75,1.0,1.0,True,0.0
dense (radius 3.0),188,1.0,1.0,1.0,True,0.0
dense (radius 3.0),188,1.25,1.0,1.0,True,0.0
dense (radius 3.0),188,1.5,1.0,1.0,True,0.0
dense (radius 3.0),188,2.0,1.0,1.0,True,0.0
dense (radius 3.0),189,0.0,0.7894736842105263,0.8421052631578947,False,0.0
dense (radius 3.0),189,0.5,0.8947368421052632,0.8947368421052632,False,0.0
dense (radius 3.0),189,0.75,1.0,1.0,True,0.0
dense (radius 3.0),189,1.0,1.0,1.0,True,0.0
dense (radius 3.0),189,1.25,1.0,1.0,True,0.0
dense (radius 3.0),189,1.5,0.9473684210526315,0.9473684210526315,False,0.0
dense (radius 3.0),189,2.0,0.9473684210526315,0.9473684210526315,False,0.0
dense (radius 3.0),190,0.0,0.75,0.75,False,0.0
dense (radius 3.0),190,0.5,0.9583333333333334,0.9583333333333334,False,0.0
dense (radius 3.0),190,0.75,1.0,1.0,True,0.0
dense (radius 3.0),190,1.0,1.0,1.0,True,0.0
dense (radius 3.0),190,1.25,1.0,1.0,True,0.0
dense (radius 3.0),190,1.5,1.0,1.0,True,0.0
dense (radius 3.0),190,2.0,1.0,1.0,True,0.0
dense (radius 3.0),191,0.0,0.7727272727272727,0.8181818181818182,False,0.0
dense (radius 3.0),191,0.5,1.0,1.0,True,0.0
dense (radius 3.0),191,0.75,1.0,1.0,True,0.0
dense (radius 3.0),191,1.0,1.0,1.0,True,0.0
dense (radius 3.0),191,1.25,1.0,1.0,True,0.0
dense (radius 3.0),191,1.5,1.0,1.0,True,0.0
dense (radius 3.0),191,2.0,1.0,1.0,True,0.0
dense (radius 3.0),192,0.0,0.8095238095238095,0.8095238095238095,False,0.0
dense (radius 3.0),192,0.5,0.9523809523809523,0.9523809523809523,False,0.0
dense (radius 3.0),192,0.75,1.0,1.0,True,0.0
dense (radius 3.0),192,1.0,1.0,1.0,True,0.0
dense (radius 3.0),192,1.25,1.0,1.0,True,0.0
dense (radius 3.0),192,1.5,1.0,1.0,True,0.0
dense (radius 3.0),192,2.0,1.0,1.0,True,0.0
dense (radius 3.0),193,0.0,0.75,0.75,False,0.0
dense (radius 3.0),193,0.5,1.0,1.0,True,0.0
dense (radius 3.0),193,0.75,1.0,1.0,True,0.0
dense (radius 3.0),193,1.0,1.0,1.0,True,0.0
dense (radius 3.0),193,1.25,1.0,1.0,True,0.0
dense (radius 3.0),193,1.5,1.0,1.0,True,0.0
dense (radius 3.0),193,2.0,1.0,1.0,True,0.0
dense (radius 3.0),194,0.0,0.6818181818181818,0.6818181818181818,False,0.13636363636363635
dense (radius 3.0),194,0.5,0.9545454545454546,0.9772727272727273,False,0.13636363636363635
dense (radius 3.0),194,0.75,1.0,1.0,True,0.13636363636363635
dense (radius 3.0),194,1.0,1.0,1.0,True,0.13636363636363635
dense (radius 3.0),194,1.25,1.0,1.0,True,0.13636363636363635
dense (radius 3.0),194,1.5,0.9545454545454546,0.9545454545454546,False,0.13636363636363635
dense (radius 3.0),194,2.0,0.9545454545454546,0.9545454545454546,False,0.13636363636363635
dense (radius 3.0),195,0.0,0.75,0.8055555555555555,False,0.0
dense (radius 3.0),195,0.5,0.875,0.8958333333333334,False,0.0
dense (radius 3.0),195,0.75,1.0,1.0,True,0.0
dense (radius 3.0),195,1.0,1.0,1.0,True,0.0
dense (radius 3.0),195,1.25,1.0,1.0,True,0.0
dense (radius 3.0),195,1.5,1.0,1.0,True,0.0
dense (radius 3.0),195,2.0,0.9166666666666666,0.9166666666666666,False,0.0
dense (radius 3.0),196,0.0,0.782608695652174,0.8152173913043478,False,0.0
dense (radius 3.0),196,0.5,0.8695652173913043,0.9304347826086956,False,0.0
dense (radius 3.0),196,0.75,1.0,1.0,True,0.0
dense (radius 3.0),196,1.0,1.0,1.0,True,0.0
dense (radius 3.0),196,1.25,1.0,1.0,True,0.0
dense (radius 3.0),196,1.5,1.0,1.0,True,0.0
dense (radius 3.0),196,2.0,0.9130434782608695,0.9456521739130435,False,0.0
dense (radius 3.0),197,0.0,0.5238095238095238,0.5952380952380952,False,0.0
dense (radius 3.0),197,0.5,1.0,1.0,True,0.0
dense (radius 3.0),197,0.75,1.0,1.0,True,0.0
dense (radius 3.0),197,1.0,1.0,1.0,True,0.0
dense (radius 3.0),197,1.25,1.0,1.0,True,0.0
dense (radius 3.0),197,1.5,1.0,1.0,True,0.0
dense (radius 3.0),197,2.0,1.0,1.0,True,0.0
dense (radius 3.0),198,0.0,0.4090909090909091,0.5681818181818182,False,0.0
dense (radius 3.0),198,0.5,1.0,1.0,True,0.0
dense (radius 3.0),198,0.75,1.0,1.0,True,0.0
dense (radius 3.0),198,1.0,1.0,1.0,True,0.0
dense (radius 3.0),198,1.25,1.0,1.0,True,0.0
dense (radius 3.0),198,1.5,1.0,1.0,True,0.0
dense (radius 3.0),198,2.0,1.0,1.0,True,0.0
dense (radius 3.0),199,0.0,0.7391304347826086,0.7608695652173914,False,0.0
dense (radius 3.0),199,0.5,0.9565217391304348,0.9710144927536232,False,0.0
dense (radius 3.0),199,0.75,1.0,1.0,True,0.0
dense (radius 3.0),199,1.0,1.0,1.0,True,0.0
dense (radius 3.0),199,1.25,1.0,1.0,True,0.0
dense (radius 3.0),199,1.5,1.0,1.0,True,0.0
dense (radius 3.0),199,2.0,1.0,1.0,True,0.0
